"p_val","avg_log2FC","pct.1","pct.2","p_val_adj","gene","category","neglog10p","neglog10p_plot"
7.02008073370802e-20,-1.76084440028473,0.622,0.938,2.354394676471e-15,"STAB1","FDR<0.01 & |log2FC|>1",19.153657893283,19.153657893283
7.52965497827661e-20,-1.4505077771408,0.677,0.963,2.52529568661441e-15,"CD163","FDR<0.01 & |log2FC|>1",19.1232249234625,19.1232249234625
3.96047445245632e-19,-2.67810928964458,0.226,0.654,1.3282639218648e-14,"MRC1","FDR<0.01 & |log2FC|>1",18.4022527838369,18.4022527838369
9.73606574568533e-17,2.31353197781502,0.888,0.543,3.26528172978795e-12,"IL1B","FDR<0.01 & |log2FC|>1",16.0116165020652,16.0116165020652
2.32064744203882e-15,2.27891560992021,0.941,0.704,7.78298739110978e-11,"CCL3L1","FDR<0.01 & |log2FC|>1",14.6343908335239,14.6343908335239
1.54616949954833e-12,3.03163768348876,0.679,0.272,5.18554326758519e-08,"TNF","FDR<0.01 & |log2FC|>1",11.8107428980739,11.8107428980739
1.75631596400022e-12,2.16883118995753,0.838,0.605,5.89033248006394e-08,"CCL4L2","FDR<0.01 & |log2FC|>1",11.7553973511418,11.7553973511418
4.19906768505177e-12,-1.64876806872017,0.653,0.864,1.40828332021266e-07,"PLTP","FDR<0.01 & |log2FC|>1",11.376847124884,11.376847124884
6.55074548018563e-11,-2.92320151574945,0.2,0.506,2.19698901914465e-06,"F13A1","FDR<0.01 & |log2FC|>1",10.1837092741291,10.1837092741291
2.23545971435257e-10,-0.79496582768834,1,1,7.49728478999566e-06,"MT-ND2","FDR<0.05",9.65063315222942,9.65063315222942
6.29748421699251e-10,1.03735759091622,1,0.951,2.11205025669495e-05,"NFKBIA","FDR<0.01 & |log2FC|>1",9.20083291227473,9.20083291227473
8.84364228660336e-10,-2.40432524916005,0.126,0.383,2.96598075008104e-05,"COLEC12","FDR<0.01 & |log2FC|>1",9.0533688323638,9.0533688323638
6.71131739349076e-09,-1.86358638890501,0.223,0.494,0.000225084162742893,"NRP1","FDR<0.01 & |log2FC|>1",8.17319222192247,8.17319222192247
1.05540787855793e-08,-0.870986714812683,0.969,0.988,0.000353962694310758,"CTSB","FDR<0.05",7.97657966816395,7.97657966816395
2.29560705815512e-08,0.582161019913594,0.995,1,0.000769900695164063,"RPS19","FDR<0.05",7.63910244862576,7.63910244862576
2.93602066404204e-08,-3.73456293875261,0.043,0.21,0.000984682610306418,"LYVE1","FDR<0.01 & |log2FC|>1",7.53224089213204,7.53224089213204
3.35524343281705e-08,-1.25832108418514,0.439,0.704,0.00112528154249818,"SLC16A10","FDR<0.01 & |log2FC|>1",7.47427596500502,7.47427596500502
4.12905877851991e-08,0.601613677888189,0.988,0.951,0.00138480373314001,"RPS23","FDR<0.05",7.38414893475544,7.38414893475544
9.11693388411027e-08,0.557769950860024,0.979,0.951,0.0030576372860529,"RPL18","FDR<0.05",7.04015119468709,7.04015119468709
1.39586207848549e-07,-3.26803738535689,0.048,0.21,0.00468144223882463,"CD209","FDR<0.01 & |log2FC|>1",6.85515749110527,6.85515749110527
1.6894363363446e-07,1.04501673189382,0.727,0.37,0.00566603158483251,"C3","FDR<0.01 & |log2FC|>1",6.7722581692606,6.7722581692606
2.16144385185224e-07,-1.42957385895181,0.394,0.617,0.00724905039034203,"TET2","FDR<0.01 & |log2FC|>1",6.66525604171602,6.66525604171602
3.43865351526901e-07,-1.26976886884922,0.546,0.753,0.0115325561595092,"RNASE1","FDR<0.05",6.46361158224359,6.46361158224359
3.4614556806779e-07,-0.97599965522995,0.779,0.864,0.0116090300618576,"PLD3","FDR<0.05",6.4607412245784,6.4607412245784
4.33648332081046e-07,-1.1868921907005,0.47,0.667,0.0145436977613341,"TTYH3","FDR<0.05",6.36286231967465,6.36286231967465
4.48136402112242e-07,1.00178110066539,0.886,0.704,0.0150295986540404,"BCL2A1","FDR<0.05",6.34858977692077,6.34858977692077
4.51280777404408e-07,-1.80439035187302,0.458,0.642,0.015135054712589,"SELENOP","FDR<0.05",6.34555316513926,6.34555316513926
5.05115143410892e-07,0.481152659332208,1,0.988,0.0169405516797145,"UBC","FDR<0.05",6.29660961109327,6.29660961109327
5.77495938918868e-07,-0.986874389608116,0.772,0.877,0.019368058799461,"APLP2","FDR<0.05",6.23845106548141,6.23845106548141
6.02591095916946e-07,1.19687753039433,0.729,0.432,0.0202097001748625,"STX11","FDR<0.05",6.21997728989251,6.21997728989251
6.90303672982204e-07,0.609978230022294,0.945,0.864,0.0231514045844772,"RPL23A","FDR<0.05",6.16095981580239,6.16095981580239
7.7499530926587e-07,-0.783833519462396,0.986,0.988,0.0259917926821588,"MT-ND5","FDR<0.05",6.11070092609513,6.11070092609513
9.31074136568314e-07,-1.43624111843275,0.273,0.506,0.0312263643922281,"UBAP2L","FDR<0.05",6.03101573704159,6.03101573704159
1.60017813480906e-06,-0.675361941849797,0.855,0.951,0.0536667742852263,"ITGB2","Not significant",5.7958316681826,5.7958316681826
1.77305089482522e-06,0.568605574656846,0.955,0.864,0.0594645809106482,"RPS13","Not significant",5.7512787979442,5.7512787979442
1.9286365066943e-06,-1.13152711693563,0.496,0.716,0.0646826111615135,"MTRNR2L8","Not significant",5.7147496168415,5.7147496168415
2.73482217416946e-06,-0.532698500893074,1,1,0.0917204660772953,"NEAT1","Not significant",5.56307090746134,5.56307090746134
3.06559604390356e-06,0.694123812040482,0.998,0.951,0.102813960120437,"CCL3","Not significant",5.51348507305039,5.51348507305039
3.14229746510338e-06,4.19209698027719,0.29,0.049,0.105386372384637,"IL1A","Not significant",5.50275270493003,5.50275270493003
3.36429367890568e-06,-2.69043703139975,0.04,0.173,0.112831681403139,"AP000919.4","Not significant",5.47310610040052,5.47310610040052
3.37253003611868e-06,0.860176614077577,0.993,0.963,0.113107912351348,"DUSP1","Not significant",5.47204417376502,5.47204417376502
3.42384824992404e-06,1.60643447726584,0.606,0.333,0.114829022605953,"CD69","Not significant",5.46548549214941,5.46548549214941
3.86154191460766e-06,-0.980567259359011,0.52,0.728,0.129508392732112,"TGFBI","Not significant",5.4132392468067,5.4132392468067
4.7252174798643e-06,0.776993331037788,0.952,0.852,0.158474343839689,"CCL4","Not significant",5.3255781981322,5.3255781981322
4.97106889137234e-06,0.47214430876546,0.993,0.975,0.166719708478846,"RPS9","Not significant",5.30355021816546,5.30355021816546
4.99751337575256e-06,0.528646935869445,0.974,0.889,0.167606603595989,"RPS3A","Not significant",5.3012460348271,5.3012460348271
5.80010412876375e-06,-0.579170019654875,0.955,0.975,0.194523892270479,"PSAP","Not significant",5.2365642095161,5.2365642095161
6.2134754048642e-06,-0.535808223070346,0.95,0.963,0.208387538128336,"FCGRT","Not significant",5.20666541641578,5.20666541641578
6.53117580912708e-06,0.814900935651858,0.91,0.753,0.219042574286504,"OTUD1","Not significant",5.18500862554776,5.18500862554776
6.70583091353051e-06,-2.39366410790721,0.062,0.21,0.224900157177986,"IGFBP4","Not significant",5.17354740143605,5.17354740143605
7.70609030539843e-06,0.535970815169228,0.974,0.988,0.258446856662453,"CD83","Not significant",5.11316590592431,5.11316590592431
7.70684373687618e-06,-1.55880469648386,0.325,0.543,0.258472125247353,"S100A9","Not significant",5.11312344663231,5.11312344663231
7.99094260942358e-06,-1.18063913332736,0.409,0.617,0.268000233234848,"THBD","Not significant",5.09740198840494,5.09740198840494
8.03224725017431e-06,0.94294979896388,0.748,0.494,0.269385508276346,"LILRB4","Not significant",5.09516293145732,5.09516293145732
8.11373734137114e-06,0.560356436898179,0.929,0.877,0.272118522954905,"PLEK","Not significant",5.09077905542384,5.09077905542384
8.8526330358749e-06,-1.24456916153708,0.387,0.605,0.296899606757172,"AES","Not significant",5.05292753801665,5.05292753801665
9.00828133976778e-06,-0.506024849539008,1,1,0.302119739573132,"MT-ND4","Not significant",5.04535805872711,5.04535805872711
1.01022028566883e-05,2.70973011288187,0.354,0.111,0.338807679407612,"CCL5","Not significant",4.99558391491139,4.99558391491139
1.10066716572783e-05,-1.23660825807117,0.34,0.556,0.369141754041798,"FCGR2B","Not significant",4.95834398887636,4.95834398887636
1.23398918397455e-05,1.24767847457741,0.644,0.383,0.413855292521386,"FCGR1A","Not significant",4.90868864691603,4.90868864691603
1.25968422690336e-05,0.481185118535882,0.974,0.951,0.422472896018849,"RPS27A","Not significant",4.89973830861312,4.89973830861312
1.2904073487692e-05,-1.47529411409382,0.121,0.309,0.432776816630215,"DNAJC14","Not significant",4.88927317233885,4.88927317233885
1.42821469968142e-05,-1.08296678278097,0.463,0.654,0.478994645979156,"ENG","Not significant",4.8452065013287,4.8452065013287
1.59778724637464e-05,-1.39517349967511,0.169,0.358,0.535865886689128,"FAM198B","Not significant",4.79648104972593,4.79648104972593
1.63536095971194e-05,-0.512994676949673,0.869,0.963,0.54846735866819,"GRN","Not significant",4.78638637419065,4.78638637419065
1.76420463027812e-05,2.5163607282201,0.325,0.099,0.591678948902676,"TOR3A","Not significant",4.75345104242052,4.75345104242052
1.89636916902515e-05,1.72635915530158,0.425,0.185,0.636004291907656,"RELB","Not significant",4.72207711401069,4.72207711401069
1.95048042355568e-05,0.533954261070038,0.969,0.901,0.654152124452103,"RPL30","Not significant",4.70985840422654,4.70985840422654
1.98113949351083e-05,0.472826214211844,0.981,0.963,0.664434563333661,"RPS16","Not significant",4.70308494438615,4.70308494438615
2.2063537937898e-05,1.64379964727739,0.428,0.185,0.739966935361223,"PLD4","Not significant",4.65632484621547,4.65632484621547
2.34809021997991e-05,-0.474341476245091,0.998,1,0.787502497976863,"MT-CYB","Not significant",4.62928522033469,4.62928522033469
2.40052784037507e-05,-1.30339448020808,0.233,0.432,0.805089027104991,"SLC7A8","Not significant",4.6196932528895,4.6196932528895
2.61462654489973e-05,0.371424167263798,1,0.988,0.876893450628473,"EEF1A1","Not significant",4.58259033397519,4.58259033397519
2.63324407960071e-05,0.553290173478493,0.969,0.963,0.883137399416487,"ID2","Not significant",4.57950888357877,4.57950888357877
2.73667727061755e-05,-1.84723404121432,0.097,0.259,0.917826823019714,"TNS1","Not significant",4.56277641481273,4.56277641481273
2.76756966345105e-05,-1.48921007545982,0.228,0.42,0.928187513728212,"IL10","Not significant",4.55790143853538,4.55790143853538
3.06335760051128e-05,-0.523116936367842,1,1,1,"MT-CO1","Not significant",4.51380230294409,4.51380230294409
3.44625985839167e-05,0.458635635143898,0.96,0.901,1,"RPS25","Not significant",4.46265197853899,4.46265197853899
3.5196475349705e-05,0.464818114000769,0.986,0.938,1,"RPL3","Not significant",4.45350082552235,4.45350082552235
3.66822001870163e-05,-1.49962348956969,0.321,0.506,1,"SLC5A3","Not significant",4.43554462337215,4.43554462337215
3.81508542098345e-05,-0.723511105088152,0.601,0.778,1,"FOSL2","Not significant",4.41849573360781,4.41849573360781
3.88619273600465e-05,0.449768659112418,0.964,0.889,1,"RPS15A","Not significant",4.41047566433644,4.41047566433644
4.49657694205762e-05,0.572716483341143,0.96,0.877,1,"RPL21","Not significant",4.34711797086496,4.34711797086496
4.69253544962739e-05,1.05514742638542,0.646,0.383,1,"MYADM","Not significant",4.32859243782875,4.32859243782875
4.69359211555172e-05,1.35089188136642,0.349,0.111,1,"SCIN","Not significant",4.32849465433307,4.32849465433307
5.02488051518738e-05,0.521525736317016,0.955,0.889,1,"RPL26","Not significant",4.29887426071578,4.29887426071578
5.0498742253176e-05,0.414046178009762,0.983,0.938,1,"RPS6","Not significant",4.29671943850129,4.29671943850129
5.39920079401043e-05,1.00642713251317,0.629,0.37,1,"IGSF6","Not significant",4.267670520999,4.267670520999
5.46477078805726e-05,-0.732264011626839,0.439,0.642,1,"HDLBP","Not significant",4.26242804918903,4.26242804918903
5.61902843088192e-05,-1.47942220777047,0.247,0.432,1,"KCNAB2","Not significant",4.25033877047782,4.25033877047782
5.68116088203342e-05,-0.457712044075971,1,1,1,"MT-CO2","Not significant",4.24556291197428,4.24556291197428
5.81013298823675e-05,-0.786487602278618,0.553,0.741,1,"S100A4","Not significant",4.23581392692182,4.23581392692182
5.91014182679274e-05,-0.442053221520271,0.893,0.938,1,"CTSS","Not significant",4.22840209714676,4.22840209714676
6.12060129711323e-05,-0.441997745724124,0.998,1,1,"MT-CO3","Not significant",4.21320591001286,4.21320591001286
6.50743429231785e-05,-1.84656281724272,0.05,0.173,1,"AC135050.3","Not significant",4.18659020840933,4.18659020840933
7.18478263206763e-05,0.382869601568653,0.979,0.963,1,"RPS14","Not significant",4.14358636644716,4.14358636644716
7.39067102692944e-05,0.812929071872674,0.784,0.605,1,"RPS10","Not significant",4.13131612857912,4.13131612857912
7.45463865640733e-05,0.435515457285268,0.99,0.926,1,"RPL11","Not significant",4.1275734029597,4.1275734029597
7.77067898521421e-05,-1.0502015707513,0.29,0.469,1,"MYO5A","Not significant",4.10954103182348,4.10954103182348
8.26813983247306e-05,-2.18846464324038,0.021,0.111,1,"ACTN2","Not significant",4.08259218710548,4.08259218710548
8.46566242965169e-05,-1.63998237338281,0.354,0.519,1,"DDX18","Not significant",4.07233905311484,4.07233905311484
8.61041140988287e-05,-1.11755540480715,0.29,0.481,1,"ST14","Not significant",4.06497609723702,4.06497609723702
9.11702735001917e-05,-0.6450023603125,0.713,0.815,1,"MSR1","Not significant",4.04014674236563,4.04014674236563
9.45652629606934e-05,-0.443641462579399,0.907,0.988,1,"GLUL","Not significant",4.02426836544778,4.02426836544778
0.000102535055982618,-0.70526044786998,0.534,0.728,1,"USP36","Not significant",3.98912762712609,3.98912762712609
0.000103847717628961,0.433474660473207,0.979,0.963,1,"RPS4X","Not significant",3.9836030439728,3.9836030439728
0.000106023315792155,-0.406495245349915,0.993,1,1,"TMSB10","Not significant",3.97459861769384,3.97459861769384
0.000108609075269076,-0.672791534893521,0.549,0.691,1,"BSG","Not significant",3.96413388400491,3.96413388400491
0.000111659820413476,0.777533601297488,0.867,0.778,1,"RGCC","Not significant",3.95210307497654,3.95210307497654
0.000121212759371833,-1.2685968740988,0.354,0.543,1,"SIGLEC1","Not significant",3.9164516620747,3.9164516620747
0.000121493165288296,2.03171724767293,0.34,0.123,1,"Z93241.1","Not significant",3.91544815302097,3.91544815302097
0.000129812997971538,-0.769892506700259,0.587,0.728,1,"RNF149","Not significant",3.8866818201343,3.8866818201343
0.000130349828866411,-0.431431346330195,0.786,0.914,1,"SPI1","Not significant",3.8848895346715,3.8848895346715
0.000131724506320756,1.11486561729749,0.299,0.086,1,"GLDN","Not significant",3.88033342040804,3.88033342040804
0.000133104896480306,3.08904736917138,0.304,0.111,1,"IL6","Not significant",3.87580596800193,3.87580596800193
0.00014377711134337,0.519453665915187,0.974,0.938,1,"HSPA8","Not significant",3.84231024613996,3.84231024613996
0.000156952303730101,-0.900938614889844,0.409,0.568,1,"PLXND1","Not significant",3.80423230538651,3.80423230538651
0.000160670773504748,1.51614952733398,0.508,0.284,1,"SERPINE1","Not significant",3.7940631155203,3.7940631155203
0.000165180999821204,-2.95127140549566,0.088,0.222,1,"MARCO","Not significant",3.78203990948155,3.78203990948155
0.000168105695206555,0.679192121566782,0.791,0.617,1,"MRPL18","Not significant",3.77441757296813,3.77441757296813
0.000180190729261816,-0.74084152306355,0.489,0.667,1,"VCP","Not significant",3.7442675570529,3.7442675570529
0.000181367124267765,0.607266734798368,0.888,0.728,1,"EEF1B2","Not significant",3.74144143305904,3.74144143305904
0.000196565337783289,-1.13555861772052,0.306,0.481,1,"MMP14","Not significant",3.70649306298731,3.70649306298731
0.000196613088393513,1.56146552608561,0.299,0.099,1,"PDGFA","Not significant",3.70638757486666,3.70638757486666
0.000200694377078268,-0.960662222527809,0.584,0.741,1,"RANBP2","Not significant",3.69746479511635,3.69746479511635
0.000209838833134172,1.64206025910828,0.297,0.099,1,"RARRES3","Not significant",3.67811413742342,3.67811413742342
0.000231744462645376,-1.43020569449705,0.162,0.321,1,"EMB","Not significant",3.6349906341901,3.6349906341901
0.000237574132278167,-1.77690832577715,0.064,0.185,1,"RUSC1","Not significant",3.62420084828863,3.62420084828863
0.000241726924321545,0.593737573281374,0.926,0.802,1,"TNFAIP3","Not significant",3.61667497378331,3.61667497378331
0.000242690236649367,0.38297111292608,0.974,0.926,1,"RPL14","Not significant",3.6149476948448,3.6149476948448
0.00025460395583819,-1.18688627004158,0.192,0.358,1,"ITPRIPL2","Not significant",3.59413485290015,3.59413485290015
0.000267760075026174,-3.69625396843014,0.067,0.185,1,"VCAN","Not significant",3.57225417896127,3.57225417896127
0.000271773905247647,0.440826995441775,0.943,0.84,1,"RPL10A","Not significant",3.565792244995,3.565792244995
0.000273003988579796,1.10372114191227,0.43,0.21,1,"CWC15","Not significant",3.563831007884,3.563831007884
0.00027407526942052,1.94145276020361,0.306,0.111,1,"ST6GAL1","Not significant",3.56213015030054,3.56213015030054
0.000274164031876725,0.562814351559719,0.948,0.852,1,"HLA-DQB1","Not significant",3.56198952176415,3.56198952176415
0.000278952027784908,-1.85791337687436,0.128,0.272,1,"SLC45A4","Not significant",3.55447047722692,3.55447047722692
0.00027937242576894,-0.75706172438045,0.715,0.79,1,"ZNF331","Not significant",3.5538164612403,3.5538164612403
0.000285314196171552,-0.572273711143135,0.853,0.901,1,"NR4A2","Not significant",3.54467661892973,3.54467661892973
0.000294229001636629,0.400679340379882,0.955,0.889,1,"RPS8","Not significant",3.53131452185326,3.53131452185326
0.000297652569657826,-1.84737460316468,0.126,0.272,1,"PAPSS2","Not significant",3.52629036379794,3.52629036379794
0.000300289198909371,-0.507253078388861,0.76,0.864,1,"ARF1","Not significant",3.52246028864158,3.52246028864158
0.000306956648662778,-0.551949793427403,0.456,0.63,1,"CYTOR","Not significant",3.51292295538912,3.51292295538912
0.000311518390871984,0.524520998193191,0.9,0.778,1,"RPS5","Not significant",3.50651630913819,3.50651630913819
0.000322320752007295,0.664005432325006,0.639,0.42,1,"CEBPA","Not significant",3.49171173236503,3.49171173236503
0.000331026165460835,2.01134703693113,0.207,0.037,1,"CD300LF","Not significant",3.48013767671933,3.48013767671933
0.000331437301660037,1.53257738316437,0.513,0.346,1,"HLA-DRB5","Not significant",3.47959861542943,3.47959861542943
0.000347136768430962,-0.574808828348822,0.71,0.864,1,"S100A6","Not significant",3.4594993837905,3.4594993837905
0.000350354105757625,0.401603622178563,0.971,0.951,1,"RPS3","Not significant",3.45549278869579,3.45549278869579
0.000352077186432676,1.08626632432516,0.81,0.63,1,"PMAIP1","Not significant",3.45336211502465,3.45336211502465
0.000378092116197707,-1.66227053299739,0.133,0.272,1,"UBXN11","Not significant",3.42240237825113,3.42240237825113
0.000381930273006896,-0.394652318718165,1,1,1,"MT-ATP6","Not significant",3.41801591670189,3.41801591670189
0.000392286464641767,1.95904944352449,0.33,0.136,1,"AC245014.3","Not significant",3.40639667640475,3.40639667640475
0.000402714577710361,1.10247969892183,0.454,0.247,1,"PLA2G16","Not significant",3.39500264924884,3.39500264924884
0.000409532317679672,-0.38682047156203,1,1,1,"MT-ND1","Not significant",3.38771182079943,3.38771182079943
0.000409661369723822,0.685936561048046,0.686,0.481,1,"HNRNPM","Not significant",3.38757498724717,3.38757498724717
0.000416647246985986,-1.53000299307815,0.192,0.358,1,"ADAM8","Not significant",3.3802314834477,3.3802314834477
0.000427342018545485,0.492703116060234,0.981,0.951,1,"RPS27","Not significant",3.36922440293457,3.36922440293457
0.000430239250311678,1.74313983153641,0.297,0.111,1,"SCN1B","Not significant",3.36628997187464,3.36628997187464
0.000446684695156531,0.933839273257935,0.387,0.173,1,"NDUFAB1","Not significant",3.34999892758846,3.34999892758846
0.000450557276629618,0.515491812942525,0.817,0.654,1,"NRP2","Not significant",3.34624999193682,3.34624999193682
0.000456563380741225,0.372571285315183,0.986,0.938,1,"RPS24","Not significant",3.34049892460177,3.34049892460177
0.000457358283688113,3.95465023460702,0.135,0,1,"TMEM156","Not significant",3.33974345055192,3.33974345055192
0.000463011453456368,-0.798471864997982,0.546,0.728,1,"VEGFA","Not significant",3.33440826576093,3.33440826576093
0.000468935897076836,0.332704775764044,0.995,0.951,1,"RPL15","Not significant",3.32888652071462,3.32888652071462
0.000471881942188511,0.404966698836287,0.988,0.975,1,"PPP1R15A","Not significant",3.3261666417669,3.3261666417669
0.000484041725791887,-0.85388122273835,0.523,0.691,1,"LGALS3BP","Not significant",3.31511719930581,3.31511719930581
0.000487165046720799,-0.524335283780786,0.836,0.889,1,"ABL2","Not significant",3.3123238791618,3.3123238791618
0.000495666677591293,-1.66611873035862,0.102,0.235,1,"ZNF646","Not significant",3.30481027662574,3.30481027662574
0.000511823850102842,-0.637057410568216,0.584,0.741,1,"MXD1","Not significant",3.29087948060842,3.29087948060842
0.000522315513064144,0.336859894055883,0.99,0.988,1,"RPS12","Not significant",3.28206707518138,3.28206707518138
0.000524979746389567,-0.912068742958792,0.85,0.901,1,"CTSL","Not significant",3.27985745126247,3.27985745126247
0.000526399334125291,-0.397499944840202,1,1,1,"FTL","Not significant",3.2786846687594,3.2786846687594
0.000531087655606344,0.877431103381056,0.691,0.469,1,"ATP2B1-AS1","Not significant",3.27483379303455,3.27483379303455
0.000541007971824183,-1.3086860560425,0.432,0.568,1,"BAIAP2","Not significant",3.26679633545952,3.26679633545952
0.000549745335157442,-2.40533476718216,0.074,0.185,1,"LILRB5","Not significant",3.25983844714039,3.25983844714039
0.00056191075672832,-1.57746860176389,0.171,0.321,1,"ANPEP","Not significant",3.25033265407161,3.25033265407161
0.000594302845990014,0.578342604860823,0.85,0.667,1,"SERP1","Not significant",3.22599218999284,3.22599218999284
0.000595175007210041,-0.695831530750353,0.729,0.84,1,"HEXA","Not significant",3.22535531411987,3.22535531411987
0.000622489529790706,-2.64096649235612,0.036,0.123,1,"CA11","Not significant",3.20586794895891,3.20586794895891
0.000622775404766684,-0.73041582668088,0.629,0.741,1,"P4HB","Not significant",3.20566854733229,3.20566854733229
0.000623456782286864,-0.571688398067987,0.812,0.864,1,"ATP1B3","Not significant",3.20519364621889,3.20519364621889
0.000640422176571129,1.01994265622064,0.482,0.284,1,"TNFRSF12A","Not significant",3.19353363772133,3.19353363772133
0.000647463952937989,-0.47188068480684,0.998,1,1,"ACTB","Not significant",3.18878440558787,3.18878440558787
0.000676942396901953,-0.801529322167694,0.9,0.963,1,"HMOX1","Not significant",3.16944828518777,3.16944828518777
0.000696833079574696,0.818443735765472,0.558,0.346,1,"MPC2","Not significant",3.15687124098582,3.15687124098582
0.000704172369322978,-2.22885690472635,0.05,0.148,1,"AATK","Not significant",3.1523210200014,3.1523210200014
0.00070965252715441,0.359902949448291,0.988,0.975,1,"RPL19","Not significant",3.14895424632031,3.14895424632031
0.000710344548164616,-0.638624086029623,0.39,0.556,1,"EMILIN2","Not significant",3.14853094836413,3.14853094836413
0.000716181356557046,0.298633640209895,0.998,1,1,"RPL10","Not significant",3.14497698861563,3.14497698861563
0.000722592934463689,1.06446646826236,0.461,0.247,1,"SLC25A33","Not significant",3.14110628929226,3.14110628929226
0.000725596883362198,-0.652811261581846,0.458,0.617,1,"INSIG1","Not significant",3.13930459135798,3.13930459135798
0.000743130711562891,2.12992059549245,0.19,0.037,1,"ALDH7A1","Not significant",3.12893479011869,3.12893479011869
0.000743499393222252,-1.20615674506228,0.233,0.383,1,"GPI","Not significant",3.12871938157422,3.12871938157422
0.000749025695686018,0.718933064116805,0.61,0.383,1,"ARGLU1","Not significant",3.12550328336431,3.12550328336431
0.00075330159761587,1.32195592072992,0.425,0.222,1,"MID1IP1","Not significant",3.12303111150672,3.12303111150672
0.00080336824549132,1.72348359874474,0.173,0.025,1,"PAPOLG","Not significant",3.09508533849985,3.09508533849985
0.000815435701484762,-1.10017883448505,0.38,0.519,1,"MCOLN1","Not significant",3.08861027814459,3.08861027814459
0.000835326264505339,1.76061519383107,0.316,0.123,1,"HAMP","Not significant",3.07814386320038,3.07814386320038
0.000838167493666812,-0.611924950154966,0.606,0.741,1,"BLVRB","Not significant",3.07666918625436,3.07666918625436
0.000857388633561102,0.35418454020049,0.981,0.938,1,"RPL32","Not significant",3.06682227824831,3.06682227824831
0.000864261188892541,-0.502246235717046,0.815,0.889,1,"CTSC","Not significant",3.06335498928878,3.06335498928878
0.000864663206134005,-0.764156461376934,0.477,0.617,1,"LRP1","Not significant",3.06315302109024,3.06315302109024
0.000883802661343053,-3.31432626092515,0.031,0.111,1,"AC009404.1","Not significant",3.05364469500629,3.05364469500629
0.00089412874025747,-0.628549566384637,0.58,0.691,1,"PABPN1","Not significant",3.04859994523309,3.04859994523309
0.000923897233118044,-0.679086846094443,0.67,0.716,1,"UBE2S","Not significant",3.03437633351135,3.03437633351135
0.000929900117313181,1.1889452232711,0.354,0.16,1,"OLFML3","Not significant",3.03156369749911,3.03156369749911
0.000944428480465343,1.73990771689077,0.285,0.111,1,"ARHGAP24","Not significant",3.02483092468264,3.02483092468264
0.000957298483877406,-1.36792818791327,0.195,0.333,1,"WIPI1","Not significant",3.01895262890068,3.01895262890068
0.000973704870685888,-0.355635732603304,0.971,1,1,"CST3","Not significant",3.01157265755176,3.01157265755176
0.000983993930254653,1.61923696667077,0.185,0.037,1,"CXCL10","Not significant",3.00700758049655,3.00700758049655
0.00101488896700391,0.981295510606802,0.359,0.16,1,"RAB14","Not significant",2.99358146874112,2.99358146874112
0.00103491223507652,0.740965402911756,0.546,0.321,1,"FAM49A","Not significant",2.98509647864969,2.98509647864969
0.00103504117552091,-1.83051919245666,0.043,0.136,1,"PARD6G-AS1","Not significant",2.98504237296472,2.98504237296472
0.00105433484401115,-0.701886128985891,0.47,0.63,1,"COLGALT1","Not significant",2.9770214405353,2.9770214405353
0.00105721041073011,-1.1435509033211,0.366,0.519,1,"MMP19","Not significant",2.97583856886574,2.97583856886574
0.00107212962303714,-2.22150173613167,0.031,0.111,1,"SLAMF9","Not significant",2.96975270422669,2.96975270422669
0.00110514183425549,0.382335992360745,0.489,0.247,1,"MX1","Not significant",2.95658198090956,2.95658198090956
0.00112149166763992,-1.94351351781371,0.093,0.21,1,"IQCE","Not significant",2.95020394875194,2.95020394875194
0.00114431132823257,0.297377619421187,0.998,1,1,"TPT1","Not significant",2.94145580269419,2.94145580269419
0.00115836620526715,-1.2772544598799,0.114,0.247,1,"SECTM1","Not significant",2.93615412127822,2.93615412127822
0.00116038759762957,0.746604974949405,0.62,0.395,1,"MIR155HG","Not significant",2.9353969216393,2.9353969216393
0.00116701534064048,1.59890784961894,0.252,0.086,1,"GNG7","Not significant",2.93292343503285,2.93292343503285
0.00116872261068237,-2.15748555988168,0.038,0.123,1,"RHNO1","Not significant",2.93228855380404,2.93228855380404
0.00118673481781626,-2.04727426079587,0.038,0.123,1,"TFF3","Not significant",2.92564631560775,2.92564631560775
0.0012070261248357,0.491646005993609,0.798,0.63,1,"SUMO2","Not significant",2.91828332994474,2.91828332994474
0.00121610177167696,1.49208964945929,0.223,0.062,1,"MARCH3","Not significant",2.91503007882296,2.91503007882296
0.00125345209377564,1.34669247676681,0.306,0.123,1,"CKB","Not significant",2.90189225987606,2.90189225987606
0.00128824191499446,-0.296890785951909,0.962,1,1,"HSPA1B","Not significant",2.89000257449026,2.89000257449026
0.00129917644875732,1.12208685088023,0.399,0.21,1,"SRP19","Not significant",2.8863318608457,2.8863318608457
0.00132230848280853,-1.57600133255522,0.067,0.173,1,"SLC48A1","Not significant",2.87866721599031,2.87866721599031
0.00136182255904735,0.652890527374737,0.601,0.42,1,"TMEM14C","Not significant",2.86587947586436,2.86587947586436
0.0014231583831141,-1.83913282290226,0.23,0.358,1,"SECISBP2","Not significant",2.84674676464881,2.84674676464881
0.0014301470205501,0.326783070221848,0.974,0.914,1,"RPL24","Not significant",2.84461931433103,2.84461931433103
0.00144161940157742,3.86887006023576,0.114,0,1,"RASGEF1C","Not significant",2.84114938151116,2.84114938151116
0.00144905769669781,0.858221128900242,0.646,0.469,1,"TAGAP","Not significant",2.8389143220108,2.8389143220108
0.00145024205130878,-0.350452045126749,0.924,0.938,1,"MTRNR2L12","Not significant",2.8385595061963,2.8385595061963
0.00148137892996834,0.39468294167467,0.955,0.864,1,"RPL35A","Not significant",2.82933383672206,2.82933383672206
0.00148459706763547,0.519752227446824,0.886,0.728,1,"NINJ1","Not significant",2.82839140159755,2.82839140159755
0.00149681110761909,0.764721255947726,0.449,0.247,1,"BIRC2","Not significant",2.82483300265945,2.82483300265945
0.00150680203539924,-0.761499548163027,0.371,0.531,1,"JARID2","Not significant",2.8219438018202,2.8219438018202
0.00152116919290376,-0.801820209765909,0.67,0.753,1,"DAB2","Not significant",2.81782247861109,2.81782247861109
0.00154633306998477,-2.09410051328166,0.045,0.136,1,"TMEM79","Not significant",2.8106969561635,2.8106969561635
0.00155231195894913,-0.560288479492067,0.834,0.877,1,"MIDN","Not significant",2.80902099671458,2.80902099671458
0.00158659191166201,2.62556139896091,0.135,0.012,1,"SPN","Not significant",2.79953476404802,2.79953476404802
0.0015987663015569,2.67850454971559,0.157,0.025,1,"CX3CR1","Not significant",2.79621501427866,2.79621501427866
0.00160148243873502,-2.23611297676565,0.071,0.173,1,"ERBB2","Not significant",2.79547781928695,2.79547781928695
0.00160483374522031,0.57542778680725,0.786,0.716,1,"CD37","Not significant",2.79456995221443,2.79456995221443
0.001629594640971,-0.766827234798396,0.425,0.556,1,"AP2A2","Not significant",2.78792041221147,2.78792041221147
0.00163273171547155,0.758042987817289,0.409,0.21,1,"MFSD2A","Not significant",2.78708517108843,2.78708517108843
0.00164659533928218,0.350928985640484,0.964,0.951,1,"RPS11","Not significant",2.78341311820113,2.78341311820113
0.00166060268554215,0.520140943830654,0.85,0.691,1,"RPS26","Not significant",2.77973426406711,2.77973426406711
0.00167388095539782,0.878330902053105,0.568,0.358,1,"IDS","Not significant",2.77627543179809,2.77627543179809
0.00175233818686841,-0.880945218926739,0.682,0.778,1,"CLEC7A","Not significant",2.75638207481333,2.75638207481333
0.00176617854326442,-1.32978598260588,0.143,0.272,1,"CLEC11A","Not significant",2.75296539564231,2.75296539564231
0.001783173204251,1.71369745150188,0.325,0.16,1,"AL355075.4","Not significant",2.74880647062325,2.74880647062325
0.0017914362240649,-0.745943720725299,0.504,0.642,1,"C2","Not significant",2.7467986483015,2.7467986483015
0.00179984912729722,0.994557629234009,0.366,0.173,1,"SNRPA1","Not significant",2.74476389819028,2.74476389819028
0.00182281950625171,-1.14603364756188,0.226,0.37,1,"EPAS1","Not significant",2.73925633261748,2.73925633261748
0.00185405598594087,3.26096353385485,0.109,0,1,"PLCD1","Not significant",2.73187715583441,2.73187715583441
0.00187108806147783,1.57038440586439,0.276,0.111,1,"NCOA7","Not significant",2.7279057722467,2.7279057722467
0.00191763710539847,0.960631971080733,0.667,0.506,1,"NLRP3","Not significant",2.71723357549406,2.71723357549406
0.00192041261957895,0.284239343780426,1,1,1,"FTH1","Not significant",2.71660544882061,2.71660544882061
0.00193192340025408,2.8308458051306,0.131,0.012,1,"RHOF","Not significant",2.71401009712677,2.71401009712677
0.00196227714973882,-0.59486814809216,0.551,0.679,1,"UQCR11","Not significant",2.70723965337719,2.70723965337719
0.00198450857023453,-2.18957205165451,0.071,0.173,1,"STARD13","Not significant",2.70234702122266,2.70234702122266
0.00199191404144691,0.640735059781914,0.762,0.667,1,"RPL31","Not significant",2.70072940694182,2.70072940694182
0.0020092974057818,0.768119730856789,0.278,0.111,1,"AC012368.1","Not significant",2.69695577647697,2.69695577647697
0.00201590895982594,-0.392613632813308,0.57,0.741,1,"TXNIP","Not significant",2.69552908489417,2.69552908489417
0.00201632385959315,1.3261335396418,0.368,0.198,1,"STAT1","Not significant",2.6954397107493,2.6954397107493
0.00201860246013658,1.22511626112385,0.401,0.235,1,"LPL","Not significant",2.69494920179362,2.69494920179362
0.00205624241672522,0.942568033768368,0.857,0.741,1,"DBI","Not significant",2.68692568634995,2.68692568634995
0.00207730446900429,-0.932708982551189,0.235,0.37,1,"RENBP","Not significant",2.68249984457341,2.68249984457341
0.00209553496408969,0.34541274375722,0.99,0.963,1,"RPL41","Not significant",2.67870508854785,2.67870508854785
0.00210170238015472,3.37644740104062,0.107,0,1,"WNT5A","Not significant",2.67742878393474,2.67742878393474
0.00212328433489436,0.813088048407591,0.518,0.333,1,"LAT2","Not significant",2.67299184436102,2.67299184436102
0.00213580752189587,-0.806465403909124,0.435,0.556,1,"SH3BP5","Not significant",2.67043788832187,2.67043788832187
0.00216288296954573,1.14004728864832,0.371,0.198,1,"PIH1D1","Not significant",2.66496697896846,2.66496697896846
0.00216676420242199,0.67403065731802,0.197,0.049,1,"NEU4","Not significant",2.66418834809823,2.66418834809823
0.00217545106393917,3.29142762950903,0.128,0.012,1,"LINC01736","Not significant",2.66245068157385,2.66245068157385
0.00217986770491999,0.728639788747945,0.425,0.222,1,"SMIM26","Not significant",2.66156986271037,2.66156986271037
0.00219328004535045,1.26311926012566,0.242,0.086,1,"ZEB2-AS1","Not significant",2.65890591260634,2.65890591260634
0.00220357125345265,-0.305966465557267,0.967,0.988,1,"SERF2","Not significant",2.65687290182255,2.65687290182255
0.00224421184634535,-1.28114712670596,0.078,0.185,1,"IL7R","Not significant",2.64893614948529,2.64893614948529
0.00224660518173897,-0.533180693331767,0.85,0.877,1,"CALR","Not significant",2.64847324376159,2.64847324376159
0.00224792046758994,2.05879770160214,0.15,0.025,1,"RFC2","Not significant",2.64821905836002,2.64821905836002
0.00225622993997063,0.560513006152541,0.47,0.247,1,"MAGOH","Not significant",2.64661664202397,2.64661664202397
0.00228174344404667,-0.957352410511353,0.368,0.506,1,"EPB41L3","Not significant",2.64173318862008,2.64173318862008
0.00229378762610739,-1.24727839074045,0.078,0.185,1,"PHKG1","Not significant",2.63944679440305,2.63944679440305
0.00233067085873569,1.49871278680997,0.192,0.049,1,"PHKG2","Not significant",2.63251905394737,2.63251905394737
0.00234274467422478,0.724703802599246,0.496,0.296,1,"NOL7","Not significant",2.63027504073192,2.63027504073192
0.00239097111241429,-1.04895609108586,0.242,0.383,1,"LARP1","Not significant",2.62142567097534,2.62142567097534
0.00240308309081295,1.73296634643745,0.15,0.025,1,"NSMCE4A","Not significant",2.61923121244301,2.61923121244301
0.00242024822292788,-0.433643263500832,0.834,0.877,1,"LGMN","Not significant",2.61614009008587,2.61614009008587
0.00248936852756544,0.419739053042503,0.969,0.877,1,"HLA-DPB1","Not significant",2.60391080542411,2.60391080542411
0.00249559271737059,0.454201279539834,0.834,0.691,1,"PTGES3","Not significant",2.60282629039637,2.60282629039637
0.00251238151205204,-0.725976038613684,0.632,0.704,1,"EWSR1","Not significant",2.5999144111139,2.5999144111139
0.00252503917335586,-2.55701706466527,0.036,0.111,1,"GRB7","Not significant",2.59773187986599,2.59773187986599
0.00252986988797168,0.584183184042491,0.705,0.519,1,"MORF4L1","Not significant",2.5969018141558,2.5969018141558
0.00253533578416964,-0.663236791157722,0.641,0.753,1,"C1orf162","Not significant",2.59596451382389,2.59596451382389
0.00255651474004516,1.44335598923028,0.24,0.086,1,"CCNDBP1","Not significant",2.59235169892734,2.59235169892734
0.00261176632239506,-0.617308857192666,0.926,0.914,1,"XIST","Not significant",2.58306568246366,2.58306568246366
0.00264263123104706,-0.692884331620607,0.561,0.667,1,"CPVL","Not significant",2.577963436753,2.577963436753
0.00268144559904827,-1.21062598131915,0.207,0.346,1,"FARP1","Not significant",2.57163100954291,2.57163100954291
0.00271291095765758,-0.474394318888056,0.772,0.802,1,"C5AR1","Not significant",2.56656446028654,2.56656446028654
0.00273433174739522,0.500932677942115,0.777,0.63,1,"SNRPB","Not significant",2.5631487950635,2.5631487950635
0.0027488250265933,1.98025948600332,0.166,0.037,1,"SMAD3","Not significant",2.56085290381004,2.56085290381004
0.00281064859672668,-0.472345835966861,0.644,0.753,1,"MS4A4A","Not significant",2.55119344896473,2.55119344896473
0.0028274037443538,0.995765492916864,0.413,0.235,1,"RPL17","Not significant",2.5486121711974,2.5486121711974
0.00283414476756121,1.56537380949072,0.219,0.074,1,"PRKCB","Not significant",2.54757796984465,2.54757796984465
0.0028496975464913,0.320741967446817,0.993,0.975,1,"DDX5","Not significant",2.5452012315214,2.5452012315214
0.00290261604635909,2.1426870371872,0.145,0.025,1,"AL590617.2","Not significant",2.53721040818339,2.53721040818339
0.00292681269568165,0.615453948334353,0.23,0.074,1,"MRPS22","Not significant",2.53360506978853,2.53360506978853
0.00296649930709897,0.448209286094303,0.926,0.827,1,"PLK3","Not significant",2.52775574876699,2.52775574876699
0.00298936248997135,0.235949657461394,0.945,0.889,1,"NPM1","Not significant",2.5244214192367,2.5244214192367
0.00312469727695284,1.27746876416705,0.361,0.185,1,"RGS16","Not significant",2.50519205106142,2.50519205106142
0.00316970469771663,0.509960731668303,0.743,0.556,1,"RAN","Not significant",2.49898119649708,2.49898119649708
0.00321571236935635,0.29054262707943,0.979,0.914,1,"HLA-DPA1","Not significant",2.49272280382526,2.49272280382526
0.00322719056348507,-1.03841620130493,0.285,0.42,1,"TSPAN4","Not significant",2.49117538903474,2.49117538903474
0.00323415943086107,0.907932858412499,0.492,0.309,1,"GABARAPL2","Not significant",2.49023857495635,2.49023857495635
0.00324699102031166,2.61958393697867,0.121,0.012,1,"SLC44A2","Not significant",2.48851891243174,2.48851891243174
0.00325384703978283,-1.09958933616265,0.38,0.506,1,"ZFYVE16","Not significant",2.48760286668485,2.48760286668485
0.0032612352571575,-0.323521572344829,0.869,0.951,1,"ASAH1","Not significant",2.48661787117256,2.48661787117256
0.00329082517885376,0.299473060123089,0.986,0.963,1,"RPL9","Not significant",2.48269518846703,2.48269518846703
0.00329475667725607,-0.694807821666948,0.577,0.654,1,"NXF1","Not significant",2.48217665318742,2.48217665318742
0.00332204391265132,0.297499531035751,0.988,0.951,1,"RPS18","Not significant",2.47859463109711,2.47859463109711
0.00333527854837078,0.740794813673986,0.591,0.395,1,"SBDS","Not significant",2.4768678897928,2.4768678897928
0.00337230936159574,-1.25109594938156,0.285,0.407,1,"SDC3","Not significant",2.47207259185536,2.47207259185536
0.00339584730745507,-0.613955055625629,0.665,0.741,1,"LAMP1","Not significant",2.46905184581929,2.46905184581929
0.00340459660632766,0.574640846508474,0.784,0.654,1,"NAP1L1","Not significant",2.4679343380902,2.4679343380902
0.00341242293186747,1.97726108393505,0.162,0.037,1,"CDKN2A","Not significant",2.46693714819812,2.46693714819812
0.00341544377687455,0.988444583404129,0.318,0.148,1,"PADI2","Not significant",2.46655285938323,2.46655285938323
0.00341627026734829,-1.81938755075525,0.036,0.111,1,"PAX8","Not significant",2.46644777879832,2.46644777879832
0.0034733906302621,0.512743575622141,0.715,0.519,1,"EIF1AX","Not significant",2.45924637159068,2.45924637159068
0.00362994595258347,0.79587561854705,0.553,0.383,1,"APBB1IP","Not significant",2.44009984126403,2.44009984126403
0.00364655824547426,0.341682659360877,0.955,0.889,1,"NACA","Not significant",2.43811684517899,2.43811684517899
0.00369254137605364,-1.66970452125454,0.074,0.173,1,"CCL18","Not significant",2.43267462958647,2.43267462958647
0.0037591853428619,0.892869771705068,0.378,0.198,1,"STRAP","Not significant",2.42490626130459,2.42490626130459
0.00376696166438556,0.705397969061899,0.511,0.309,1,"PAIP2","Not significant",2.42400879950221,2.42400879950221
0.00378090619344416,1.37553315085902,0.121,0.012,1,"ADAMTSL2","Not significant",2.422404097611,2.422404097611
0.003787324085544,1.72767559600078,0.178,0.049,1,"DLEU7","Not significant",2.42166753022609,2.42166753022609
0.00378765238178927,1.10621545919891,0.316,0.148,1,"CSF1","Not significant",2.42162988595129,2.42162988595129
0.00379613375090671,-0.30506437989466,0.945,0.963,1,"NPC2","Not significant",2.4206584942802,2.4206584942802
0.00383743539306604,0.701181879931837,0.447,0.259,1,"RSL24D1","Not significant",2.41595892322058,2.41595892322058
0.00386996385957852,0.80406835578342,0.48,0.296,1,"ING1","Not significant",2.41229309070691,2.41229309070691
0.00388848982139984,-1.05900628334576,0.245,0.37,1,"ITGB5","Not significant",2.41021903352657,2.41021903352657
0.00392520027501947,0.549754920873773,0.311,0.136,1,"BCL10","Not significant",2.40613817939852,2.40613817939852
0.00392879821714745,0.54783058425482,0.553,0.358,1,"MIR222HG","Not significant",2.40574027595525,2.40574027595525
0.0039635120134498,0.497861068392502,0.981,0.975,1,"GADD45B","Not significant",2.40191982111709,2.40191982111709
0.00397224652177675,-0.8722726612237,0.368,0.469,1,"LPCAT1","Not significant",2.40096380657016,2.40096380657016
0.00397349911060312,0.549213082364664,0.701,0.531,1,"SERBP1","Not significant",2.40082687985615,2.40082687985615
0.0039779236485386,0.89639463076514,0.394,0.222,1,"DNAJA2","Not significant",2.40034355689197,2.40034355689197
0.00399954941344769,1.41142580484055,0.178,0.049,1,"ITM2C","Not significant",2.39798893324101,2.39798893324101
0.00409717174468907,0.862263266988172,0.363,0.198,1,"PPP1CC","Not significant",2.38751583096815,2.38751583096815
0.00410798442178049,0.323163047764141,0.998,0.975,1,"HLA-DRA","Not significant",2.38637121199482,2.38637121199482
0.00413193585143931,1.43244657497156,0.159,0.037,1,"ARFIP2","Not significant",2.38384642954888,2.38384642954888
0.00421304562752165,0.686433899895356,0.565,0.432,1,"AKIRIN2","Not significant",2.37540383741396,2.37540383741396
0.0042404815992122,1.12563482077938,0.283,0.136,1,"ARHGAP22","Not significant",2.37258481699152,2.37258481699152
0.00429398597591261,0.51167639406157,0.865,0.679,1,"RGS10","Not significant",2.36713937829607,2.36713937829607
0.00430784825888917,0.375494945498746,1,0.988,1,"H3F3B","Not significant",2.36573960284104,2.36573960284104
0.00433375204049287,1.13424336777222,0.542,0.395,1,"BIN1","Not significant",2.36313594085338,2.36313594085338
0.00433600228528531,-0.857465183037312,0.283,0.407,1,"PDPK1","Not significant",2.36291049757517,2.36291049757517
0.00433602918539781,-2.09316221276174,0.045,0.123,1,"LTBP2","Not significant",2.3629078032652,2.3629078032652
0.00434405725079722,0.499989229832334,0.606,0.42,1,"MIR22HG","Not significant",2.36210445976786,2.36210445976786
0.00441992268897133,1.08249243347968,0.178,0.049,1,"MAP1LC3A","Not significant",2.35458532704158,2.35458532704158
0.00444036641734223,-1.48911050948043,0.247,0.358,1,"CEMIP2","Not significant",2.35258119059173,2.35258119059173
0.00451014931538656,1.34384944057232,0.192,0.062,1,"ELP5","Not significant",2.34580907990142,2.34580907990142
0.00454490163306418,-0.869071050822258,0.116,0.235,1,"KMT2B","Not significant",2.3424755119315,2.3424755119315
0.00458060552492433,-1.14440753099311,0.523,0.642,1,"TIMP1","Not significant",2.33907710742174,2.33907710742174
0.00460140990624531,0.715093011297657,0.28,0.123,1,"VASH1","Not significant",2.33710907686541,2.33710907686541
0.00462789385658327,0.80510499472364,0.344,0.173,1,"SLC1A5","Not significant",2.33461661040067,2.33461661040067
0.00465820593356081,0.802918908189842,0.508,0.321,1,"BHLHE41","Not significant",2.3317813157515,2.3317813157515
0.00469855298880798,-0.296075233275057,0.929,0.988,1,"CTSZ","Not significant",2.32803587094396,2.32803587094396
0.00474660880196811,0.399025560645887,0.998,1,1,"SRGN","Not significant",2.32361655975993,2.32361655975993
0.00478572606775888,1.26259179907615,0.314,0.16,1,"CAMSAP1","Not significant",2.32005216378056,2.32005216378056
0.00483137538988831,-2.01525789357533,0.038,0.111,1,"TPRG1","Not significant",2.31592921723852,2.31592921723852
0.00484244864502823,1.30500498319849,0.211,0.074,1,"SNCA","Not significant",2.31493497634951,2.31493497634951
0.00488817470334206,1.35201348993771,0.297,0.148,1,"FCGR1B","Not significant",2.31085328080528,2.31085328080528
0.00491129676137605,-1.45433715421383,0.214,0.321,1,"ASPH","Not significant",2.30880382316137,2.30880382316137
0.00492865017573042,1.02241005109505,0.29,0.136,1,"COPRS","Not significant",2.30727200597623,2.30727200597623
0.0049513424439619,1.76113769121932,0.135,0.025,1,"RAMP1","Not significant",2.3052770360236,2.3052770360236
0.00500061493627147,-1.4586837050586,0.442,0.543,1,"KCNQ1OT1","Not significant",2.30097658626237,2.30097658626237
0.00503013948755034,2.15461916330507,0.114,0.012,1,"AGA","Not significant",2.29841997163722,2.29841997163722
0.00507028450343751,-1.82998547585453,0.038,0.111,1,"AL365203.2","Not significant",2.29496767088237,2.29496767088237
0.00507495750391689,0.342449716557225,0.931,0.877,1,"SRSF5","Not significant",2.29456759004365,2.29456759004365
0.00509826145441914,0.386274396615703,0.983,0.951,1,"RPL34","Not significant",2.29257789634814,2.29257789634814
0.0051119742712925,0.74104506226639,0.608,0.481,1,"COMMD6","Not significant",2.29141134066026,2.29141134066026
0.00513584930294436,0.382895205212878,0.964,0.889,1,"REL","Not significant",2.28938772790257,2.28938772790257
0.00514619724141348,-2.1401461607277,0.055,0.136,1,"MOB3B","Not significant",2.28851357233946,2.28851357233946
0.00519891191917354,0.477099907669748,0.406,0.222,1,"OASL","Not significant",2.28408754039311,2.28408754039311
0.00522800735762892,1.92758043799714,0.154,0.037,1,"CCR7","Not significant",2.28166380988732,2.28166380988732
0.0052516067608264,1.3717675642166,0.195,0.062,1,"APOC2","Not significant",2.27970780124155,2.27970780124155
0.00528218942058545,-0.166099693532568,0.713,0.815,1,"LYZ","Not significant",2.27718602894507,2.27718602894507
0.00528303678494774,1.95419027619369,0.152,0.037,1,"SLC10A3","Not significant",2.27711636537889,2.27711636537889
0.00528947927213692,2.06398199721851,0.114,0.012,1,"SLC35A3","Not significant",2.2765870803975,2.2765870803975
0.00530379288457115,-0.942227602582475,0.183,0.309,1,"COMMD2","Not significant",2.27541344366137,2.27541344366137
0.00530649882144524,0.643974414126887,0.33,0.16,1,"NUP62","Not significant",2.27519192788955,2.27519192788955
0.00533682642178407,0.743688327344843,0.504,0.346,1,"PSMB8","Not significant",2.27271692222682,2.27271692222682
0.0053563627871177,-1.88160913891997,0.038,0.111,1,"SPATC1L","Not significant",2.27113001584458,2.27113001584458
0.00551299582032549,-0.477315918471585,0.8,0.901,1,"EIF4A3","Not significant",2.25861233678071,2.25861233678071
0.0055480160391976,0.593492823737546,0.52,0.309,1,"ANP32A","Not significant",2.25586229206073,2.25586229206073
0.00557070089768538,-0.916517576833431,0.216,0.346,1,"GLMP","Not significant",2.25409015907277,2.25409015907277
0.00561851834841371,0.719324273348256,0.663,0.506,1,"BAX","Not significant",2.25037819652084,2.25037819652084
0.00568638282361237,-1.08389982808457,0.245,0.37,1,"CAB39","Not significant",2.24516390571034,2.24516390571034
0.00569048920969641,0.83702971520992,0.245,0.099,1,"AL450998.2","Not significant",2.2448503958301,2.2448503958301
0.00575809923638193,-0.473246247333069,0.71,0.765,1,"LAIR1","Not significant",2.23972085466431,2.23972085466431
0.00578438926362091,-0.242394300367847,0.993,1,1,"LAPTM5","Not significant",2.23774248864677,2.23774248864677
0.00581707219640949,0.909513039810633,0.352,0.185,1,"RTCB","Not significant",2.23529554608513,2.23529554608513
0.00582544521035875,-0.662440408172514,0.463,0.593,1,"PMP22","Not significant",2.23467087802496,2.23467087802496
0.005827130763615,-0.933099609104428,0.266,0.407,1,"JMY","Not significant",2.23454523602359,2.23454523602359
0.00583517122435848,-1.16609821204088,0.128,0.247,1,"GOLGA3","Not significant",2.23394639571064,2.23394639571064
0.00585911377168463,1.2304529981909,0.304,0.16,1,"LIMD2","Not significant",2.23216806882384,2.23216806882384
0.00586217402446883,-0.29855301750409,0.848,0.938,1,"ATF4","Not significant",2.23194129324239,2.23194129324239
0.00588939359966331,0.669377076447856,0.435,0.247,1,"DOT1L","Not significant",2.22992941996295,2.22992941996295
0.00590280256443174,0.27551705100794,0.841,0.753,1,"CHCHD2","Not significant",2.22894174271677,2.22894174271677
0.00594275112740158,2.01656030414914,0.112,0.012,1,"SLC25A4","Not significant",2.22601245689632,2.22601245689632
0.00596996364910637,1.76090400026946,0.235,0.099,1,"METTL21A","Not significant",2.22402831326604,2.22402831326604
0.00597255554145625,0.878535285620005,0.297,0.148,1,"RSAD2","Not significant",2.22383980286133,2.22383980286133
0.00600069237063446,-1.58413422839534,0.1,0.198,1,"DCUN1D3","Not significant",2.22179863705001,2.22179863705001
0.00601507501904757,-0.97931647208652,0.204,0.333,1,"GANAB","Not significant",2.22075895183948,2.22075895183948
0.00608683812011934,0.760525384627946,0.318,0.148,1,"SPATA13","Not significant",2.21560824818518,2.21560824818518
0.00608854687228012,0.554605129936405,0.525,0.358,1,"CCT3","Not significant",2.21548634622648,2.21548634622648
0.0061122913958094,0.68190182096522,0.689,0.556,1,"OGFRL1","Not significant",2.21379594949529,2.21379594949529
0.0061822979150903,1.2083624558205,0.169,0.049,1,"MTUS1","Not significant",2.20885007080905,2.20885007080905
0.00620471310223565,0.787055164982778,0.373,0.198,1,"FAM173A","Not significant",2.20727829490603,2.20727829490603
0.00621021945579365,0.551235248740332,0.689,0.519,1,"RBM8A","Not significant",2.20689305251969,2.20689305251969
0.00621795272764991,-1.21510969669311,0.164,0.284,1,"GZF1","Not significant",2.20635258402953,2.20635258402953
0.00623092406074978,0.740704317089714,0.456,0.284,1,"CKLF","Not significant",2.20544754166745,2.20544754166745
0.00626595249574269,0.55228614561748,0.466,0.272,1,"RASSF5","Not significant",2.20301290197187,2.20301290197187
0.0062973661142273,-0.482221512025617,0.831,0.938,1,"NR4A1","Not significant",2.20084105709232,2.20084105709232
0.00633341072475311,1.48240037156916,0.188,0.062,1,"ADPRHL2","Not significant",2.19836234685191,2.19836234685191
0.00634322195142096,1.28151378566414,0.223,0.086,1,"IRF5","Not significant",2.19769009223001,2.19769009223001
0.00641759167940821,-0.224195010840738,0.796,0.901,1,"VSIG4","Not significant",2.19262791843732,2.19262791843732
0.00644759137515537,-0.36583296921456,0.86,0.901,1,"PFN1","Not significant",2.1906024943324,2.1906024943324
0.0064658580958798,0.396074054600908,0.796,0.593,1,"PELI1","Not significant",2.189373830942,2.189373830942
0.00647612857207451,0.455937476691082,0.705,0.556,1,"VDAC2","Not significant",2.18868453768454,2.18868453768454
0.00653051604261934,0.993609618211707,0.344,0.185,1,"KLF13","Not significant",2.18505249933641,2.18505249933641
0.00654344660686752,0.296120240694988,0.891,0.728,1,"NFKB1","Not significant",2.18419343698745,2.18419343698745
0.00658725341396966,1.24911815673184,0.202,0.074,1,"CUL1","Not significant",2.18129562877472,2.18129562877472
0.00670850837590239,1.87988568472446,0.109,0.012,1,"FBXL6","Not significant",2.17337403365043,2.17337403365043
0.00677977951221031,0.640724102227029,0.819,0.765,1,"NFKBIZ","Not significant",2.1687844297594,2.1687844297594
0.00683458221529775,0.788344703275679,0.416,0.247,1,"LPCAT2","Not significant",2.16528802786079,2.16528802786079
0.00683639524518205,-1.70785302965275,0.048,0.123,1,"ZNF322","Not significant",2.16517283655408,2.16517283655408
0.00685480095800671,1.0048113281308,0.173,0.049,1,"DCK","Not significant",2.16400515124564,2.16400515124564
0.0068731450460356,-0.996921223862648,0.58,0.617,1,"CD4","Not significant",2.16284449094789,2.16284449094789
0.00689798012340664,-0.373960023566624,0.772,0.852,1,"PCBP2","Not significant",2.16127806139038,2.16127806139038
0.00692822330788018,1.0811043509396,0.295,0.148,1,"NCK2","Not significant",2.1593781227492,2.1593781227492
0.00695846612654718,-1.19320523088098,0.152,0.259,1,"DCAF11","Not significant",2.15748648254347,2.15748648254347
0.00696870259636208,-1.57054967488778,0.173,0.284,1,"LONRF3","Not significant",2.15684806948999,2.15684806948999
0.00698231890838654,-1.71530070440525,0.064,0.148,1,"ANXA6","Not significant",2.15600031923001,2.15600031923001
0.006989357034144,-0.842438348426778,0.333,0.469,1,"ACP5","Not significant",2.15556277409219,2.15556277409219
0.00701903527130735,0.304614563242746,0.957,0.914,1,"CALM1","Not significant",2.153722575212,2.153722575212
0.00703918792887614,-1.13692940144612,0.152,0.259,1,"SERINC5","Not significant",2.15247744005539,2.15247744005539
0.0071458032007724,0.308075747913093,0.727,0.556,1,"SLC25A5","Not significant",2.14594894867031,2.14594894867031
0.00715017361695534,0.692368425721485,0.52,0.333,1,"AZIN1","Not significant",2.14568341274854,2.14568341274854
0.00723987160984593,0.550902538450241,0.952,0.877,1,"RGS1","Not significant",2.14026913540919,2.14026913540919
0.00734007083425818,0.707452604317726,0.796,0.679,1,"PHLDA1","Not significant",2.13429974896962,2.13429974896962
0.00734609353864525,0.854189571133193,0.363,0.198,1,"PSMG2","Not significant",2.13394354603444,2.13394354603444
0.00736451508108443,0.249256317436063,0.976,0.988,1,"FAU","Not significant",2.1328558441428,2.1328558441428
0.00736887804189057,-0.351812260295798,0.679,0.79,1,"GPNMB","Not significant",2.13259863117869,2.13259863117869
0.00738559735567543,-1.22572955639232,0.19,0.296,1,"IMPDH1","Not significant",2.1316143726903,2.1316143726903
0.00741834128697823,0.328609529675472,0.964,0.938,1,"RPL37A","Not significant",2.12969319046793,2.12969319046793
0.00742599005058567,-2.36131495147599,0.076,0.16,1,"ZNF141","Not significant",2.12924563698148,2.12924563698148
0.0074460494031094,-1.52523112981726,0.048,0.123,1,"SYNJ1","Not significant",2.12807408664749,2.12807408664749
0.00745232931514391,1.15080394140865,0.287,0.148,1,"AIG1","Not significant",2.12770796207024,2.12770796207024
0.0074543165802521,0.804264959283739,0.276,0.123,1,"RAC2","Not significant",2.12759216697029,2.12759216697029
0.00752806521689073,0.39739031638262,0.278,0.123,1,"AC245297.3","Not significant",2.12331662719861,2.12331662719861
0.0075995618015689,-1.09488166859396,0.216,0.333,1,"SARNP","Not significant",2.11921144885699,2.11921144885699
0.00762803723142118,0.433996373999509,0.8,0.704,1,"SLC25A3","Not significant",2.11758719588805,2.11758719588805
0.0076945276891902,0.359538430330135,0.938,0.802,1,"RPL22","Not significant",2.11381803317802,2.11381803317802
0.00775694134689954,1.04095165763342,0.207,0.074,1,"MCF2L","Not significant",2.11030949240449,2.11030949240449
0.00776201978471426,-0.658599872005415,0.268,0.407,1,"CDK2AP2","Not significant",2.11002525461568,2.11002525461568
0.00781861026166169,-0.428522883587775,0.867,0.926,1,"MAP1LC3B","Not significant",2.10687043483385,2.10687043483385
0.00785936107564406,0.772338391888899,0.378,0.21,1,"IAH1","Not significant",2.10461275836272,2.10461275836272
0.00789641397429893,0.224336048615781,0.986,0.975,1,"RPL27A","Not significant",2.10257009158957,2.10257009158957
0.0079273814677528,0.602999328050342,0.344,0.185,1,"EIF2A","Not significant",2.10087024293515,2.10087024293515
0.00795667233486348,0.212629632617317,0.862,0.679,1,"HLA-DQA1","Not significant",2.09926852632886,2.09926852632886
0.00800658220783491,2.3064192419914,0.105,0.012,1,"C12orf43","Not significant",2.09655283285986,2.09655283285986
0.00804261461291979,-1.4742212127505,0.09,0.185,1,"NEK7","Not significant",2.09460274137981,2.09460274137981
0.00813440146620788,0.766117939914935,0.409,0.247,1,"CHMP5","Not significant",2.08967439718148,2.08967439718148
0.00820235903348984,-1.39609812304974,0.064,0.148,1,"SNX33","Not significant",2.0860612247034,2.0860612247034
0.00823430177270395,1.18680863210167,0.202,0.074,1,"PAIP1","Not significant",2.08437322091656,2.08437322091656
0.00823430177270395,-1.53433152172271,0.164,0.272,1,"HS3ST1","Not significant",2.08437322091656,2.08437322091656
0.00832765487483214,1.01131438502515,0.276,0.123,1,"P2RY13","Not significant",2.07947728170379,2.07947728170379
0.00832814596854432,-0.974072790927055,0.195,0.309,1,"PRMT9","Not significant",2.0794516714925,2.0794516714925
0.00834186800646805,-0.667656025685196,0.349,0.469,1,"RBMS1","Not significant",2.07873668628545,2.07873668628545
0.00844192276390591,1.49787841416603,0.207,0.086,1,"RAB3GAP1","Not significant",2.07355862557215,2.07355862557215
0.00844218985918535,1.1914604093256,0.183,0.062,1,"FAM3C","Not significant",2.07354488508029,2.07354488508029
0.00844365209544535,-0.796807972944983,0.347,0.457,1,"SLC25A44","Not significant",2.07346966927023,2.07346966927023
0.00845580055915839,0.957930615695824,0.404,0.247,1,"PHF20","Not significant",2.07284526896913,2.07284526896913
0.00868403740361901,-0.825770144113789,0.283,0.407,1,"HAX1","Not significant",2.06127831463374,2.06127831463374
0.00868441452984688,1.60827958582741,0.173,0.062,1,"NIP7","Not significant",2.06125945470997,2.06125945470997
0.00874001397454612,0.620912493468189,0.304,0.16,1,"AC098818.2","Not significant",2.05848787296475,2.05848787296475
0.0087451175809959,0.27006562686161,0.96,0.938,1,"RPS7","Not significant",2.05823434691322,2.05823434691322
0.00875282430203398,0.0646243855251921,0.482,0.284,1,"VMO1","Not significant",2.05785178916337,2.05785178916337
0.00878553370920862,1.45957308805581,0.178,0.062,1,"MRPL16","Not significant",2.05623185056894,2.05623185056894
0.008813379957852,0.678800497356702,0.589,0.444,1,"TMIGD3","Not significant",2.0548575063965,2.0548575063965
0.00886172092481397,-2.23764946605838,0.09,0.185,1,"ERRFI1","Not significant",2.05248193098256,2.05248193098256
0.00896497991123895,0.997244352843536,0.646,0.543,1,"AC007952.4","Not significant",2.04745067926943,2.04745067926943
0.00901550911079647,-0.732491203868758,0.466,0.556,1,"PLEC","Not significant",2.04500974339898,2.04500974339898
0.00903957827288866,0.521189525275356,0.416,0.259,1,"KLF3","Not significant",2.04385183036862,2.04385183036862
0.00908052328363393,-0.772776477392461,0.656,0.679,1,"PKM","Not significant",2.04188912365442,2.04188912365442
0.009188811887095,0.309387520978861,0.929,0.852,1,"RPL5","Not significant",2.03674063923803,2.03674063923803
0.00923777577079465,0.720948556962298,0.333,0.173,1,"SDSL","Not significant",2.03443258362318,2.03443258362318
0.00926288615997164,1.01041423673941,0.264,0.123,1,"NBL1","Not significant",2.0332536733555,2.0332536733555
0.0093019892555348,1.68900089947635,0.159,0.049,1,"FFAR4","Not significant",2.03142416646551,2.03142416646551
0.009316723863767,-0.471324629607725,0.724,0.815,1,"ENO1","Not significant",2.03073677627445,2.03073677627445
0.00934133933599583,1.12530504179473,0.126,0.025,1,"MUL1","Not significant",2.02959085133612,2.02959085133612
0.00936974383745382,1.29978065118318,0.209,0.086,1,"SUCO","Not significant",2.02827228227135,2.02827228227135
0.00937923489739933,0.241173735881627,0.998,1,1,"RPLP1","Not significant",2.02783258735547,2.02783258735547
0.00940643784127043,2.67313980549138,0.1,0.012,1,"CYTH3","Not significant",2.02657481002305,2.02657481002305
0.00940932341372464,0.669957439251468,0.375,0.21,1,"NCOR1","Not significant",2.02644160380441,2.02644160380441
0.00944220549190732,1.73510992718628,0.162,0.049,1,"ARG2","Not significant",2.02492655219641,2.02492655219641
0.00952645114474076,-1.45474815629972,0.093,0.185,1,"HOOK2","Not significant",2.02106885542656,2.02106885542656
0.00954418678630618,0.817294879937293,0.456,0.309,1,"SPHK1","Not significant",2.02026106981254,2.02026106981254
0.00957503557680426,0.517545590259426,0.656,0.506,1,"EIF3F","Not significant",2.01885960370074,2.01885960370074
0.00969066547266325,-1.87680604149351,0.043,0.111,1,"NEURL2","Not significant",2.01364639826586,2.01364639826586
0.0098234682518201,1.19856687016132,0.181,0.062,1,"SAMD8","Not significant",2.00773515409689,2.00773515409689
0.0098964963656064,0.382009744228638,0.477,0.309,1,"NCF1","Not significant",2.00451853049315,2.00451853049315
0.00994488908838282,0.603795379570501,0.777,0.617,1,"RILPL2","Not significant",2.00240005603597,2.00240005603597
0.00994663854057467,1.25067749362951,0.211,0.086,1,"N4BP2","Not significant",2.00232366397102,2.00232366397102
0.0100334287409845,1.60392399863533,0.124,0.025,1,"IPCEF1","Not significant",1.9985506294096,1.9985506294096
0.0100739509846607,1.27888425897468,0.102,0.012,1,"BCAR3","Not significant",1.99680016655585,1.99680016655585
0.0100859108444193,0.289247139079555,0.971,0.938,1,"RPL7A","Not significant",1.99628487515645,1.99628487515645
0.0101050630169639,-1.39029860244242,0.05,0.123,1,"CLDN3","Not significant",1.99546097380287,1.99546097380287
0.0101095723289727,-1.83242067265148,0.105,0.198,1,"ADSS","Not significant",1.99526721622856,1.99526721622856
0.010175034648245,-1.16198726511181,0.135,0.235,1,"FAM208A","Not significant",1.99246410323139,1.99246410323139
0.010222710754652,-1.24622623267128,0.05,0.123,1,"CCDC149","Not significant",1.99043392712835,1.99043392712835
0.0102588233913944,1.05255628168167,0.354,0.21,1,"PPP2R2A","Not significant",1.98890244662452,1.98890244662452
0.0102745745726829,-0.976868071967932,0.24,0.358,1,"ZMYM2","Not significant",1.98823615140433,1.98823615140433
0.0103206797194801,-2.59658130687592,0.052,0.123,1,"SPARC","Not significant",1.98629169915277,1.98629169915277
0.0103587042298434,0.244102503905129,0.995,1,1,"RPL13","Not significant",1.98469456708348,1.98469456708348
0.0103913984139443,-0.583101635779894,0.449,0.556,1,"SIPA1","Not significant",1.98332600368512,1.98332600368512
0.0104208027288434,-0.429648918966824,0.922,0.975,1,"CTSD","Not significant",1.98209882544346,1.98209882544346
0.0105685809061903,1.03590631957645,0.209,0.086,1,"SPECC1","Not significant",1.9759833235711,1.9759833235711
0.0105909222549298,1.18409979925653,0.318,0.185,1,"TM2D2","Not significant",1.97506621998814,1.97506621998814
0.010636517281756,0.233593634927998,0.995,1,1,"EIF1","Not significant",1.97320054994621,1.97320054994621
0.0106549488688262,1.24764220024224,0.159,0.049,1,"PTPRA","Not significant",1.9724486300455,1.9724486300455
0.0106576639429569,0.461839436796954,0.758,0.605,1,"IL18","Not significant",1.97233797803585,1.97233797803585
0.0107426316366451,0.609950782852562,0.57,0.407,1,"CSF2RA","Not significant",1.96888931591092,1.96888931591092
0.010760228937291,1.95333976404006,0.1,0.012,1,"BATF3","Not significant",1.96817848841457,1.96817848841457
0.0108705165707228,0.552354310442414,0.309,0.16,1,"CTDSP1","Not significant",1.96374981759872,1.96374981759872
0.0109349005291147,1.11204795136306,0.211,0.086,1,"SS18","Not significant",1.96118516323019,1.96118516323019
0.0109865769397586,0.398159818986865,0.777,0.63,1,"RBM25","Not significant",1.95913759854472,1.95913759854472
0.0110457684240101,-0.650345036036784,0.328,0.469,1,"DNAJB2","Not significant",1.95680406605792,1.95680406605792
0.0110977198745929,-1.7992994563337,0.043,0.111,1,"EIF3C","Not significant",1.9547662417181,1.9547662417181
0.0111049221007146,-1.19255509610243,0.285,0.395,1,"SLC4A7","Not significant",1.95448448361244,1.95448448361244
0.0112431684497748,0.928454509714869,0.48,0.321,1,"HTRA1","Not significant",1.94911128250864,1.94911128250864
0.0112653627290531,-0.972663991742484,0.188,0.296,1,"HYOU1","Not significant",1.94825482003513,1.94825482003513
0.0113461935906703,-1.37015783372159,0.147,0.247,1,"LRRC23","Not significant",1.94514981070234,1.94514981070234
0.0114514003290991,0.708621728433366,0.382,0.21,1,"MIR29B2CHG","Not significant",1.94114140258042,1.94114140258042
0.0114832024970572,0.805474520358108,0.309,0.173,1,"PIM1","Not significant",1.9399369766731,1.9399369766731
0.0115377163897329,-0.67887993254961,0.439,0.543,1,"ANKH","Not significant",1.93788014070184,1.93788014070184
0.0115442723803125,0.904733801467802,0.261,0.123,1,"CSNK1E","Not significant",1.93763343487098,1.93763343487098
0.0115760151384789,-0.678304632367484,0.444,0.543,1,"MACF1","Not significant",1.9364409139421,1.9364409139421
0.0115960959652777,1.03737883542892,0.366,0.222,1,"PPA1","Not significant",1.93568819923131,1.93568819923131
0.011599116909151,0.935565328874237,0.259,0.123,1,"RNF168","Not significant",1.93557507422842,1.93557507422842
0.011652880007092,0.325361189201186,0.929,0.864,1,"RPS29","Not significant",1.93356672557262,1.93356672557262
0.0117666293717774,0.271223114207054,0.957,0.889,1,"RPL35","Not significant",1.9293479258466,1.9293479258466
0.0117799130776945,-0.560067662158386,0.717,0.778,1,"SLC11A1","Not significant",1.92885791413439,1.92885791413439
0.0117804812742367,1.37413075328362,0.14,0.037,1,"SUSD3","Not significant",1.92883696672415,1.92883696672415
0.0118419900553575,-1.07891281476547,0.169,0.272,1,"CDIPT","Not significant",1.92657530796481,1.92657530796481
0.011881505379309,-1.99714934787384,0.105,0.198,1,"FN1","Not significant",1.92512853102918,1.92512853102918
0.0119875387086026,-0.128617877752905,0.591,0.765,1,"CXCL2","Not significant",1.9212699774517,1.9212699774517
0.0120281956737827,-0.375115244724709,0.58,0.679,1,"ARL4C","Not significant",1.91979951544408,1.91979951544408
0.0120861308610047,-0.974671212418659,0.252,0.358,1,"HPCAL1","Not significant",1.91771270779528,1.91771270779528
0.0121276456076783,1.22464205920796,0.14,0.037,1,"SEMA4D","Not significant",1.9162235024177,1.9162235024177
0.0121395321547588,0.591221336779339,0.432,0.259,1,"SERPINA1","Not significant",1.91579805020654,1.91579805020654
0.012229576935066,-0.735418913072352,0.271,0.383,1,"PRKACA","Not significant",1.91258856650781,1.91258856650781
0.0122530098374391,0.524283851493161,0.39,0.235,1,"RGS12","Not significant",1.91175721781106,1.91175721781106
0.0122543642579091,1.29281694089568,0.157,0.049,1,"NDRG2","Not significant",1.91170921451747,1.91170921451747
0.0122625080197614,1.28471809747377,0.235,0.111,1,"SIGLEC8","Not significant",1.91142069558044,1.91142069558044
0.0122689149976092,-0.587324164410861,0.43,0.556,1,"LENG8","Not significant",1.91119384243896,1.91119384243896
0.0122743499440914,1.29029066311632,0.138,0.037,1,"AL121603.2","Not significant",1.91100149905589,1.91100149905589
0.0123580568523166,-0.30685152848831,0.753,0.864,1,"GAA","Not significant",1.90804981117755,1.90804981117755
0.0124719316236028,-0.412388120354007,0.729,0.864,1,"S100A10","Not significant",1.90406627879848,1.90406627879848
0.0124909307976265,0.245857628093721,0.993,0.963,1,"RPL12","Not significant",1.90340519771786,1.90340519771786
0.012522564055673,-0.972964592988687,0.228,0.346,1,"SH3GL1","Not significant",1.90230673812085,1.90230673812085
0.0126422228533733,-0.29690207566079,0.653,0.753,1,"ATP6AP1","Not significant",1.89817655832583,1.89817655832583
0.0126834010441672,-1.20955815218926,0.043,0.111,1,"KLHL9","Not significant",1.89676427510876,1.89676427510876
0.0127378128378495,1.55383812536315,0.152,0.049,1,"PDRG1","Not significant",1.89490513667868,1.89490513667868
0.0127766610493839,0.676600506575405,0.406,0.247,1,"SNF8","Not significant",1.89358262640364,1.89358262640364
0.0127974506081181,1.71837629812737,0.202,0.086,1,"NUAK1","Not significant",1.89287653793815,1.89287653793815
0.0128456397792039,-0.755283116661459,0.266,0.383,1,"ABHD2","Not significant",1.89124426075081,1.89124426075081
0.0128701536354287,0.416908224851627,0.432,0.259,1,"ZNHIT1","Not significant",1.8904162687428,1.8904162687428
0.0128750754582063,0.779642915160256,0.162,0.049,1,"PIGBOS1","Not significant",1.89025021696742,1.89025021696742
0.0128757769868703,1.54066278881356,0.116,0.025,1,"SYT6","Not significant",1.8902265540593,1.8902265540593
0.0128907879261707,0.22837831644978,0.753,0.543,1,"ZBTB43","Not significant",1.88972053636809,1.88972053636809
0.0129598902938752,1.3311742515326,0.306,0.173,1,"CD48","Not significant",1.88739867477455,1.88739867477455
0.0129704967001134,0.796081846140875,0.306,0.16,1,"CEBPG","Not significant",1.88704339245964,1.88704339245964
0.0130542410539964,0.792388924042231,0.325,0.185,1,"SHTN1","Not significant",1.88424837207103,1.88424837207103
0.0130816006830978,1.27648654105017,0.309,0.173,1,"PLCG2","Not significant",1.88333911187535,1.88333911187535
0.0132095296675847,0.53176095488152,0.734,0.63,1,"XBP1","Not significant",1.87911264539903,1.87911264539903
0.0132952993236033,0.922575575665251,0.28,0.148,1,"IMP4","Not significant",1.87630188073739,1.87630188073739
0.0133094840642189,0.633526526821853,0.375,0.21,1,"NEDD9","Not significant",1.87583877941681,1.87583877941681
0.0133363927387378,0.795050396723386,0.515,0.346,1,"GADD45A","Not significant",1.87496162360633,1.87496162360633
0.0133810344429955,0.500788012576496,0.72,0.605,1,"IL10RA","Not significant",1.87351031141728,1.87351031141728
0.0133834975259298,0.318080177751922,0.734,0.556,1,"PSMB1","Not significant",1.87343037702268,1.87343037702268
0.0133868789720345,0.250033383830299,0.988,0.901,1,"HLA-DRB1","Not significant",1.8733206629593,1.8733206629593
0.0133933323312717,2.10479605040006,0.114,0.025,1,"ANKRD49","Not significant",1.87311135480045,1.87311135480045
0.01353272005894,0.709315104733819,0.38,0.222,1,"LYL1","Not significant",1.86861490200847,1.86861490200847
0.0137392558094494,0.597571432662039,0.228,0.099,1,"HPGDS","Not significant",1.86203679031886,1.86203679031886
0.0137706019477548,0.634341019825476,0.387,0.235,1,"CHCHD7","Not significant",1.8610470752206,1.8610470752206
0.0137866633242909,-0.466748971395119,0.608,0.691,1,"AP1B1","Not significant",1.86054082992214,1.86054082992214
0.0138187363183906,0.537055708405363,0.679,0.519,1,"CACYBP","Not significant",1.85953167006186,1.85953167006186
0.0138590714393178,0.565770961036981,0.342,0.185,1,"LMO2","Not significant",1.85826586657051,1.85826586657051
0.014001413916011,1.79668476186697,0.133,0.037,1,"HDAC9","Not significant",1.85382810539922,1.85382810539922
0.0141555660684418,-1.56565315974864,0.105,0.198,1,"CD36","Not significant",1.84907275890325,1.84907275890325
0.014187415097361,0.289641904278142,0.929,0.802,1,"RPL36AL","Not significant",1.84809672443076,1.84809672443076
0.0142291952713542,0.732105245038262,0.325,0.185,1,"ACP1","Not significant",1.84681966063903,1.84681966063903
0.014235576133764,-1.09005629885016,0.354,0.457,1,"VPS37B","Not significant",1.84662495165357,1.84662495165357
0.0143270665195987,-0.76429018104763,0.397,0.494,1,"WDR45B","Not significant",1.84384272270579,1.84384272270579
0.0143602134980113,0.647068908087807,0.195,0.074,1,"RPS6KA4","Not significant",1.842839103247,1.842839103247
0.014411719792671,-0.375971018205014,0.653,0.753,1,"ARPC1B","Not significant",1.84128419046286,1.84128419046286
0.0144277441039066,-0.976671258069428,0.171,0.272,1,"RSU1","Not significant",1.84080156910159,1.84080156910159
0.0144758146645559,0.808843830339385,0.38,0.235,1,"EPB41L4A-AS1","Not significant",1.83935698584817,1.83935698584817
0.0145188673018019,1.6436914560483,0.114,0.025,1,"WIPF3","Not significant",1.83806726406054,1.83806726406054
0.0145312137336001,-0.984249741092927,0.292,0.383,1,"ISG20L2","Not significant",1.83769810932274,1.83769810932274
0.0145458270495111,1.64245499204808,0.181,0.074,1,"GSTM3","Not significant",1.83726158051335,1.83726158051335
0.0145731165552211,1.01041350439623,0.235,0.111,1,"RAP2A","Not significant",1.83644756161387,1.83644756161387
0.0146375895284654,-0.260143963346312,0.739,0.802,1,"CSF1R","Not significant",1.83453043561901,1.83453043561901
0.014707973197353,0.62205395308517,0.705,0.605,1,"ALOX5AP","Not significant",1.83244717022637,1.83244717022637
0.0147191796157199,0.784480588198133,0.352,0.21,1,"UBE2Z","Not significant",1.83211639504571,1.83211639504571
0.0147452155664106,0.304744765287945,0.993,0.963,1,"RPS2","Not significant",1.83134887393495,1.83134887393495
0.0147453880683677,-0.616193108521847,0.425,0.531,1,"SEPT2","Not significant",1.83134379322185,1.83134379322185
0.0147579730991768,-0.313526196273117,0.827,0.901,1,"ATF3","Not significant",1.83097328562203,1.83097328562203
0.0147829949798204,-0.767290404624217,0.61,0.667,1,"ATP13A3","Not significant",1.83023757057978,1.83023757057978
0.0148353665314364,1.13588584269325,0.214,0.099,1,"TSNAX","Not significant",1.82870171927543,1.82870171927543
0.014871675716749,-0.278882204865479,0.941,0.938,1,"FCER1G","Not significant",1.82764009310988,1.82764009310988
0.0149943182339766,0.661782064553527,0.342,0.185,1,"TOMM22","Not significant",1.82407327608339,1.82407327608339
0.0151948079146881,-0.695420590405704,0.627,0.691,1,"PGK1","Not significant",1.81830478568725,1.81830478568725
0.0153115510626461,0.951333870878283,0.207,0.086,1,"DUSP8","Not significant",1.81498081297069,1.81498081297069
0.0153329143879563,0.773743527892591,0.356,0.21,1,"SPRED1","Not significant",1.81437528922186,1.81437528922186
0.0154028281202466,-2.4004457272978,0.045,0.111,1,"PIF1","Not significant",1.8123995308355,1.8123995308355
0.0154123820481025,0.881894742339538,0.28,0.148,1,"SNRPN","Not significant",1.81213023406559,1.81213023406559
0.0154528537991192,0.903548699619536,0.458,0.309,1,"CH25H","Not significant",1.81099130428063,1.81099130428063
0.0154965933193275,0.668911618771116,0.226,0.099,1,"PDPN","Not significant",1.80976376410251,1.80976376410251
0.0155181926149387,-1.1492966550451,0.178,0.284,1,"ATG2A","Not significant",1.80915886188372,1.80915886188372
0.0155909654522032,0.645255019578766,0.209,0.086,1,"PEX16","Not significant",1.80712699080333,1.80712699080333
0.015597222091216,1.26866803882202,0.219,0.099,1,"LRRC8C","Not significant",1.80695274381759,1.80695274381759
0.0156332820500237,-0.538590439286095,0.575,0.679,1,"NDUFA1","Not significant",1.80594983665884,1.80594983665884
0.0156556198948034,1.28768665843304,0.133,0.037,1,"CXXC1","Not significant",1.80532973152439,1.80532973152439
0.0157847296159858,1.51804275456688,0.133,0.037,1,"LINC00877","Not significant",1.8017628529413,1.8017628529413
0.0158862597001399,1.43108456751888,0.268,0.148,1,"MLF1","Not significant",1.79897834211296,1.79897834211296
0.015952926666869,1.24950995979855,0.15,0.049,1,"ZNF217","Not significant",1.79715963118519,1.79715963118519
0.01597634830956,1.49012932852347,0.131,0.037,1,"MITD1","Not significant",1.79652247973031,1.79652247973031
0.0159823984639337,0.629658017969826,0.285,0.148,1,"C1D","Not significant",1.79635804595516,1.79635804595516
0.0161118051055553,0.208729201086771,1,1,1,"SAT1","Not significant",1.79285580014782,1.79285580014782
0.0161268750600333,0.960918953117328,0.24,0.111,1,"CALHM6","Not significant",1.79244977865343,1.79244977865343
0.0161359640388866,1.26089163720468,0.292,0.16,1,"LINC01588","Not significant",1.79220508267646,1.79220508267646
0.0161899219301735,0.86843742207769,0.29,0.16,1,"KCNMB1","Not significant",1.79075524546383,1.79075524546383
0.0162239377193958,-1.60100397049333,0.045,0.111,1,"ZNF780A","Not significant",1.78984372951729,1.78984372951729
0.0162813709235158,0.831904341127214,0.352,0.222,1,"EMC6","Not significant",1.78830902945597,1.78830902945597
0.0163387316656302,0.31704942612504,0.506,0.333,1,"EIF3L","Not significant",1.78678165967614,1.78678165967614
0.0163508891974873,-0.861412337651817,0.304,0.432,1,"CYB5D1","Not significant",1.78645862446783,1.78645862446783
0.0163508891974873,-0.957441864276292,0.311,0.395,1,"LRCH4","Not significant",1.78645862446783,1.78645862446783
0.0164468599482435,1.23270906725426,0.259,0.136,1,"SRGAP2B","Not significant",1.78391700575794,1.78391700575794
0.0164834464687656,-0.667727027472139,0.52,0.58,1,"NASP","Not significant",1.78295197796188,1.78295197796188
0.0166079022805024,-0.502130651644727,0.568,0.679,1,"HEXB","Not significant",1.77968521917625,1.77968521917625
0.0166085882286199,-0.808900484419876,0.608,0.691,1,"MBNL1","Not significant",1.77966728209273,1.77966728209273
0.0167062740499009,-0.646612407739814,0.504,0.58,1,"PREX1","Not significant",1.77712039870033,1.77712039870033
0.0167084650651968,0.470073494129682,0.371,0.222,1,"GCC2","Not significant",1.7770634450398,1.7770634450398
0.0168394926844612,-0.523925793467709,0.532,0.617,1,"MRPS6","Not significant",1.7736709964265,1.7736709964265
0.0168400788204719,-0.636683980417502,0.703,0.753,1,"DYNC1H1","Not significant",1.77365588010383,1.77365588010383
0.0168998490947273,0.367831666497844,0.613,0.407,1,"MTCH1","Not significant",1.772117173352,1.772117173352
0.01701021486614,1.51646003130603,0.147,0.049,1,"SPATA2L","Not significant",1.76929020052091,1.76929020052091
0.01712662229688,-1.30434385347029,0.164,0.259,1,"AHCY","Not significant",1.76632827991069,1.76632827991069
0.0172260505286476,0.684859007828635,0.568,0.432,1,"ITGAV","Not significant",1.76381428321525,1.76381428321525
0.0173222741622523,-0.829545954193134,0.204,0.321,1,"NOC2L","Not significant",1.76139509203681,1.76139509203681
0.0174062146148681,0.44659776282827,0.615,0.395,1,"SF3B5","Not significant",1.75929566602349,1.75929566602349
0.0174488492163179,0.114871372399476,0.981,0.963,1,"PABPC1","Not significant",1.75823321027978,1.75823321027978
0.0174559977343038,0.757916639671118,0.154,0.049,1,"RBKS","Not significant",1.75805532312486,1.75805532312486
0.017475825092637,0.265134957031957,0.85,0.815,1,"SLC25A6","Not significant",1.75756231059115,1.75756231059115
0.0175030509762235,0.500142165050385,0.549,0.395,1,"P2RX4","Not significant",1.75688624236236,1.75688624236236
0.0175149350382279,0.952778336267454,0.318,0.185,1,"GBP1","Not significant",1.75659146911371,1.75659146911371
0.0175606102219835,0.648263416185864,0.261,0.136,1,"RC3H1","Not significant",1.75546039666252,1.75546039666252
0.0175700049109851,0.895418043011967,0.352,0.222,1,"SLC2A5","Not significant",1.75522811711521,1.75522811711521
0.0175771663446834,-1.35605755293314,0.062,0.136,1,"LAMB2","Not significant",1.75505113722923,1.75505113722923
0.0176303295239216,-0.699554788355313,0.458,0.556,1,"MPDU1","Not significant",1.75373957033917,1.75373957033917
0.0176347278230485,0.811302259893238,0.278,0.148,1,"ARIH2","Not significant",1.7536312389089,1.7536312389089
0.0176584937428929,-2.1502582209974,0.048,0.111,1,"GAS6-AS1","Not significant",1.7530463441927,1.7530463441927
0.0177975100426988,-1.12265214855187,0.078,0.16,1,"MTPAP","Not significant",1.74964075332916,1.74964075332916
0.0178299116966124,0.952915731369495,0.185,0.074,1,"DCAF6","Not significant",1.74885080768101,1.74885080768101
0.0178474263992414,-1.8386070597019,0.1,0.185,1,"BNIP3","Not significant",1.74842440034677,1.74842440034677
0.0178914253037165,0.528496127678614,0.537,0.358,1,"LDHB","Not significant",1.74735506038945,1.74735506038945
0.0179139034660472,0.739824213069857,0.496,0.37,1,"USP12","Not significant",1.74680977042947,1.74680977042947
0.0179960700385752,-1.38445267437421,0.135,0.222,1,"WDFY3","Not significant",1.74482232528045,1.74482232528045
0.018035750050156,-0.276049375371425,0.819,0.914,1,"GNAI2","Not significant",1.7438657920276,1.7438657920276
0.0181312079540159,-0.992508046434622,0.29,0.383,1,"SFMBT2","Not significant",1.74157326097412,1.74157326097412
0.0181869509050451,0.754388869763662,0.285,0.148,1,"LYSMD2","Not significant",1.74024010556054,1.74024010556054
0.0182170740513732,1.66285330128902,0.128,0.037,1,"TBC1D4","Not significant",1.73952137628654,1.73952137628654
0.0182295381550364,0.660196314593549,0.363,0.222,1,"C9orf78","Not significant",1.73922433404716,1.73922433404716
0.0183931781980667,-1.58631976458871,0.135,0.222,1,"ZNF263","Not significant",1.73534322157075,1.73534322157075
0.0184908690120029,-0.92530768549876,0.23,0.333,1,"GBA","Not significant",1.73304267790254,1.73304267790254
0.0184961726822458,-0.450912094619938,0.727,0.79,1,"HCLS1","Not significant",1.73291812862092,1.73291812862092
0.0186042343849432,2.34676409542073,0.109,0.025,1,"EDN1","Not significant",1.73038819767878,1.73038819767878
0.0186935473540928,-1.02754546575905,0.318,0.407,1,"CLTC","Not significant",1.72830827753374,1.72830827753374
0.0187013361133602,-0.815059530564999,0.344,0.444,1,"TTC3","Not significant",1.72812736426936,1.72812736426936
0.0187148929412796,0.31990585936456,0.333,0.173,1,"SEC11C","Not significant",1.72781265292811,1.72781265292811
0.0187463553169132,-0.254888323515725,0.943,0.951,1,"ANXA5","Not significant",1.72708315564901,1.72708315564901
0.0187539042447633,-0.435741336254237,0.694,0.802,1,"CREM","Not significant",1.72690830577905,1.72690830577905
0.0189303195500471,0.680440500844222,0.401,0.259,1,"UBE2L6","Not significant",1.72284205494002,1.72284205494002
0.0189844649085837,0.831307771951388,0.169,0.062,1,"ECHDC2","Not significant",1.72160163926816,1.72160163926816
0.0189859155099266,0.542251621191872,0.603,0.494,1,"DHRS7","Not significant",1.72156845613162,1.72156845613162
0.0190085433390863,0.951542610285582,0.242,0.123,1,"VHL","Not significant",1.72105116267352,1.72105116267352
0.0191150429154584,-0.393286380784706,0.703,0.778,1,"COX6B1","Not significant",1.71862472260306,1.71862472260306
0.0191584409461581,1.32220801050211,0.159,0.062,1,"HEXDC","Not significant",1.71763983534252,1.71763983534252
0.0193626546686365,1.74346590460567,0.145,0.049,1,"CAAP1","Not significant",1.71303510008015,1.71303510008015
0.0194007503880471,0.759215898952832,0.748,0.691,1,"GADD45G","Not significant",1.71218147197258,1.71218147197258
0.0194311876574806,0.302253076009212,0.703,0.531,1,"EIF3G","Not significant",1.71150065398967,1.71150065398967
0.0194405625741858,1.10907196164078,0.109,0.025,1,"KCNQ3","Not significant",1.71129117154301,1.71129117154301
0.0195688039676766,-1.6200640543859,0.083,0.16,1,"ENTPD4","Not significant",1.70843571732164,1.70843571732164
0.0195711370650085,0.755725935462287,0.406,0.272,1,"PSMB9","Not significant",1.70838394150024,1.70838394150024
0.0198155388799521,0.251747178766115,0.273,0.136,1,"CHTOP","Not significant",1.70299411261027,1.70299411261027
0.0198161956460884,0.483576241508286,0.698,0.593,1,"LYN","Not significant",1.70297971859435,1.70297971859435
0.0198327127628407,-0.706465459158816,0.394,0.481,1,"AHCYL1","Not significant",1.70261787796038,1.70261787796038
0.0199656879605466,0.432986818364616,0.314,0.173,1,"TRMT10C","Not significant",1.69971572066516,1.69971572066516
0.0200495444374462,-0.264231842089534,0.558,0.691,1,"HBEGF","Not significant",1.6978954909017,1.6978954909017
0.0200653273404817,-1.65587497695585,0.048,0.111,1,"LRRC8D","Not significant",1.6975537509062,1.6975537509062
0.020148692004448,0.873288369424792,0.209,0.099,1,"TMEM119","Not significant",1.69575314176547,1.69575314176547
0.0201730495794543,0.7899237098614,0.233,0.111,1,"OSCAR","Not significant",1.69522844410665,1.69522844410665
0.0202401004226954,0.373879170723257,0.401,0.235,1,"THAP9-AS1","Not significant",1.69378733704398,1.69378733704398
0.0204262873024491,0.552040932571831,0.553,0.383,1,"AXL","Not significant",1.68981056389062,1.68981056389062
0.0204873617989729,0.8668258956224,0.109,0.025,1,"RAD1","Not significant",1.68851396301978,1.68851396301978
0.0205032293706504,-0.844691575910442,0.366,0.457,1,"EPN1","Not significant",1.68817772980292,1.68817772980292
0.020524862469335,0.540249175203648,0.366,0.222,1,"MED15","Not significant",1.68771974426986,1.68771974426986
0.0206104700461747,0.334164113541165,0.58,0.42,1,"SLC15A3","Not significant",1.68591210350792,1.68591210350792
0.0206319768512852,-1.36196169631071,0.09,0.173,1,"LZTR1","Not significant",1.68545915814061,1.68545915814061
0.0206662240451376,-0.422396139157435,0.865,0.852,1,"HIF1A","Not significant",1.68473886668009,1.68473886668009
0.0207142998174604,-1.37424978738521,0.055,0.123,1,"ZNF814","Not significant",1.68372974209306,1.68372974209306
0.0207486642023365,0.318352292670201,0.47,0.296,1,"TSPAN14","Not significant",1.68300985790264,1.68300985790264
0.0208588504701003,-0.759527746299329,0.268,0.37,1,"FURIN","Not significant",1.68070962919081,1.68070962919081
0.020998321412678,0.637052794193072,0.247,0.123,1,"SVBP","Not significant",1.67781542099696,1.67781542099696
0.0210374048332146,0.358813523018335,0.468,0.296,1,"RIOK3","Not significant",1.67700783562709,1.67700783562709
0.0210808762924043,-0.340515746478618,0.518,0.642,1,"SNX10","Not significant",1.67611134027895,1.67611134027895
0.0210936420360174,-0.875084508217486,0.283,0.383,1,"GALM","Not significant",1.67584842834076,1.67584842834076
0.0211140477243822,0.943186910470914,0.454,0.309,1,"PTGS2","Not significant",1.67542850113806,1.67542850113806
0.0213027168724637,1.53235455568534,0.157,0.062,1,"OXLD1","Not significant",1.67156500466106,1.67156500466106
0.0214017232405914,-0.313403005945594,0.907,0.963,1,"KDM6B","Not significant",1.66955125638216,1.66955125638216
0.0214554841411724,-0.975059073163565,0.223,0.321,1,"ACTR1A","Not significant",1.66846168120274,1.66846168120274
0.0214784537969216,0.511044867547643,0.61,0.481,1,"CDC42SE1","Not significant",1.66799698608397,1.66799698608397
0.0216764380405959,0.535210208722367,0.287,0.16,1,"TAP1","Not significant",1.66401208128525,1.66401208128525
0.0217755720825427,0.429912702940678,0.228,0.111,1,"HIST1H2BC","Not significant",1.66203042649124,1.66203042649124
0.0218041511942863,0.465318388785352,0.774,0.716,1,"PIM3","Not significant",1.66146081515028,1.66146081515028
0.0218462454311659,0.485838942195585,0.456,0.309,1,"RHOC","Not significant",1.66062319158316,1.66062319158316
0.0219099681710837,0.631642815369566,0.432,0.284,1,"LSM4","Not significant",1.65935825334449,1.65935825334449
0.0219540860186331,0.939541401269993,0.216,0.099,1,"BUB3","Not significant",1.6584846385107,1.6584846385107
0.0220409683517951,-0.616793601528038,0.411,0.506,1,"PSMC6","Not significant",1.65676932903065,1.65676932903065
0.0221117414446692,-0.300222572522415,0.663,0.765,1,"ATP6V0D1","Not significant",1.65537705253536,1.65537705253536
0.0222501749457688,0.703014430919193,0.278,0.148,1,"DNAJC1","Not significant",1.65266656995571,1.65266656995571
0.0223200963262058,0.781721798658351,0.176,0.074,1,"MED26","Not significant",1.65130393545805,1.65130393545805
0.0223310211908532,0.430786250951179,0.24,0.111,1,"CYB561D2","Not significant",1.65109141631899,1.65109141631899
0.0223585567441771,1.48701380995018,0.143,0.049,1,"CYTL1","Not significant",1.65055623380303,1.65055623380303
0.022365960078563,-0.661208726252968,0.454,0.543,1,"ARHGAP18","Not significant",1.65041245461751,1.65041245461751
0.0224166849936021,-0.586199803505613,0.451,0.531,1,"SAFB2","Not significant",1.64942861098423,1.64942861098423
0.0224842919229816,-1.54584392180537,0.086,0.16,1,"MED24","Not significant",1.64812078471529,1.64812078471529
0.0224855281323157,1.83356958645737,0.105,0.025,1,"DENND6B","Not significant",1.64809690741751,1.64809690741751
0.0226218023030149,0.610231471891765,0.335,0.198,1,"TBRG1","Not significant",1.64547279732954,1.64547279732954
0.0226563468995751,0.449718813531895,0.128,0.037,1,"CGRRF1","Not significant",1.6448101142985,1.6448101142985
0.022657872107287,-0.961616464565158,0.185,0.284,1,"FAM192A","Not significant",1.64478087891465,1.64478087891465
0.0226598395297774,0.82394498210774,0.216,0.099,1,"CCDC130","Not significant",1.64474317000567,1.64474317000567
0.0226937435354072,0.54481644637077,0.245,0.123,1,"PCMTD1","Not significant",1.64409385745716,1.64409385745716
0.0227924068172877,1.51874029782353,0.124,0.037,1,"TAF3","Not significant",1.64220981206068,1.64220981206068
0.0229001120960596,0.53205240052391,0.33,0.198,1,"MSRB2","Not significant",1.64016239178321,1.64016239178321
0.0229433545273842,0.621495885642331,0.221,0.099,1,"TMEM183A","Not significant",1.63934308398381,1.63934308398381
0.0230702882668505,1.53644320662833,0.124,0.037,1,"SLC30A9","Not significant",1.63694697886771,1.63694697886771
0.0232454694968193,0.610547956164724,0.181,0.074,1,"GPN3","Not significant",1.63366167779585,1.63366167779585
0.0233739398267138,0.45024502516669,0.613,0.444,1,"C11orf58","Not significant",1.63126807833137,1.63126807833137
0.0233996983221353,-0.486893169113677,0.72,0.765,1,"CHMP1B","Not significant",1.63078974164441,1.63078974164441
0.0234388468189633,0.628703897646521,0.344,0.198,1,"CDKN2AIP","Not significant",1.63006375922736,1.63006375922736
0.0235359089449567,1.10491831684392,0.178,0.074,1,"CREBZF","Not significant",1.62826902479922,1.62826902479922
0.0235483998898898,0.403074825324123,0.829,0.691,1,"TREM2","Not significant",1.62803859777502,1.62803859777502
0.0235520026627544,0.585401623358706,0.537,0.383,1,"SERPINF1","Not significant",1.6279721582419,1.6279721582419
0.0235557942576099,-1.01776097648911,0.105,0.185,1,"SUMF1","Not significant",1.62790224757596,1.62790224757596
0.0235597634478777,-0.608799863597464,0.432,0.519,1,"PFKL","Not significant",1.62782907440264,1.62782907440264
0.0236976925128381,-0.523277760897268,0.47,0.543,1,"HMGB2","Not significant",1.62529393997004,1.62529393997004
0.0237627569949409,-0.776925263112452,0.382,0.469,1,"PLEKHO2","Not significant",1.62410317319305,1.62410317319305
0.0238002450430774,1.50916721609796,0.105,0.025,1,"NCKAP5","Not significant",1.62341857150195,1.62341857150195
0.0238257346121122,1.31278763774483,0.124,0.037,1,"AGPAT1","Not significant",1.62295370000472,1.62295370000472
0.0238312857244367,0.340419962669913,0.568,0.383,1,"NUCKS1","Not significant",1.62285252634993,1.62285252634993
0.0238975592059039,-0.776613545587362,0.273,0.37,1,"PDIA4","Not significant",1.62164645376059,1.62164645376059
0.0239981415528902,1.08488444395243,0.204,0.099,1,"SLC15A4","Not significant",1.61982238931239,1.61982238931239
0.0240264335573834,-0.614839495048265,0.328,0.432,1,"SEMA4A","Not significant",1.61931069034049,1.61931069034049
0.0240506010382046,0.719992483846686,0.273,0.148,1,"HSD17B10","Not significant",1.61887406588832,1.61887406588832
0.0241269349892286,0.590830098130801,0.166,0.062,1,"PSMD9","Not significant",1.61749784600716,1.61749784600716
0.0241810451039284,0.459304618835596,0.39,0.247,1,"POU2F2","Not significant",1.61652493287721,1.61652493287721
0.0242439548095024,0.437583398111246,0.494,0.333,1,"NFAT5","Not significant",1.61539653418199,1.61539653418199
0.0243357495923313,-0.67831973917526,0.34,0.432,1,"CLCN7","Not significant",1.61375527202991,1.61375527202991
0.0243384063429959,1.95190058359121,0.102,0.025,1,"AP003481.1","Not significant",1.61370786238788,1.61370786238788
0.024442364949231,1.67864328684716,0.138,0.049,1,"AL360012.1","Not significant",1.61185677573263,1.61185677573263
0.0244832724640239,1.12858001541078,0.207,0.099,1,"ST3GAL5","Not significant",1.6111305343172,1.6111305343172
0.0245110812937766,0.715856161057618,0.216,0.099,1,"PDCD2","Not significant",1.61063752964705,1.61063752964705
0.0245458836429644,-1.09980798108145,0.221,0.309,1,"RXRA","Not significant",1.61002132883787,1.61002132883787
0.0247010981095759,-0.778488699065724,0.321,0.444,1,"SNAPC1","Not significant",1.60728373935861,1.60728373935861
0.0247203463455164,1.59951205230752,0.121,0.037,1,"TRIM36","Not significant",1.60694544883836,1.60694544883836
0.0248053222361948,0.569754734001055,0.28,0.148,1,"COMMD7","Not significant",1.60545512684218,1.60545512684218
0.02498782985292,0.317625422118248,0.651,0.481,1,"YWHAQ","Not significant",1.60227145991305,1.60227145991305
0.0252086170986009,0.566068598199,0.181,0.074,1,"POLR2M","Not significant",1.59845097831879,1.59845097831879
0.0253196167592232,0.427335726235323,0.563,0.407,1,"NDUFV2","Not significant",1.59654287213866,1.59654287213866
0.0254078735124857,1.28120105931964,0.143,0.049,1,"RTTN","Not significant",1.59503168128725,1.59503168128725
0.0254114351897035,-0.660715359500943,0.295,0.395,1,"EIF2AK3","Not significant",1.59497080612763,1.59497080612763
0.0254185323231034,-1.86918687311013,0.086,0.16,1,"SLC39A4","Not significant",1.59484952940668,1.59484952940668
0.0254437693471752,0.788407687511389,0.209,0.099,1,"DCAF5","Not significant",1.59441855004343,1.59441855004343
0.0255402680346001,-0.987987258600086,0.093,0.173,1,"CMTR2","Not significant",1.59277454930686,1.59277454930686
0.0256799169734094,-0.401370385473912,0.71,0.802,1,"METRNL","Not significant",1.5904063847328,1.5904063847328
0.025728103558202,-0.484895959001616,0.515,0.568,1,"SYNGR2","Not significant",1.5895922248492,1.5895922248492
0.0257477636625863,-1.06861664148398,0.093,0.173,1,"HSPBAP1","Not significant",1.58926048589174,1.58926048589174
0.0258318407996656,0.57078027923678,0.425,0.272,1,"NAA20","Not significant",1.58784464451768,1.58784464451768
0.0258577070406344,0.463080984184117,0.43,0.272,1,"PDGFB","Not significant",1.58740998926812,1.58740998926812
0.0259327182610496,1.07372353638147,0.188,0.086,1,"TRAPPC12","Not significant",1.58615195820555,1.58615195820555
0.0260029182590329,-0.822685033570525,0.337,0.42,1,"AKT1","Not significant",1.58497790923403,1.58497790923403
0.0260232244411263,0.780462334567269,0.292,0.173,1,"KHDRBS3","Not significant",1.58463889262346,1.58463889262346
0.0260828921706203,-0.536699250248173,0.565,0.605,1,"FLNA","Not significant",1.58364425404056,1.58364425404056
0.0261596904840576,0.437905327766032,0.732,0.642,1,"PDE4B","Not significant",1.58236739879812,1.58236739879812
0.0262263386898866,-1.44922138488147,0.076,0.148,1,"APPBP2","Not significant",1.58126233456272,1.58126233456272
0.026255163246035,1.31422086939528,0.121,0.037,1,"HTATSF1","Not significant",1.5807852770672,1.5807852770672
0.0263052444446023,0.966151150747313,0.159,0.062,1,"RPIA","Not significant",1.57995765811512,1.57995765811512
0.02637706584265,0.670873742442351,0.931,0.938,1,"CXCL8","Not significant",1.57877351656899,1.57877351656899
0.0264068895665212,0.836160090892206,0.273,0.148,1,"HIST1H1C","Not significant",1.57828275076771,1.57828275076771
0.0264902408412924,0.401554735632116,0.634,0.494,1,"EIF3H","Not significant",1.57691409321017,1.57691409321017
0.0265668865409365,-1.13842204796799,0.114,0.198,1,"ADAM15","Not significant",1.57565933897774,1.57565933897774
0.0265999433483783,1.11503583557755,0.216,0.111,1,"YRDC","Not significant",1.57511928831303,1.57511928831303
0.0266819385301502,-1.13919013988038,0.183,0.284,1,"TBC1D9","Not significant",1.57378262069389,1.57378262069389
0.0267491166332665,0.725337475556248,0.214,0.099,1,"PTGES2","Not significant",1.57269055561032,1.57269055561032
0.026758895822281,0.459883238589236,0.164,0.062,1,"CFLAR-AS1","Not significant",1.57253181123994,1.57253181123994
0.0268297089249091,0.860266531138146,0.176,0.074,1,"BLOC1S4","Not significant",1.57138403895652,1.57138403895652
0.0269150523194301,0.448801540494793,0.297,0.16,1,"ATP6V1E1","Not significant",1.57000477163437,1.57000477163437
0.0270052934529789,0.687538008948055,0.209,0.099,1,"CARD9","Not significant",1.56855109909684,1.56855109909684
0.0271034747336136,-0.528000750390159,0.511,0.605,1,"MAFG","Not significant",1.56697502791165,1.56697502791165
0.0272272516643432,0.763093752754235,0.197,0.086,1,"SF3A1","Not significant",1.56499619440182,1.56499619440182
0.0272677952625122,1.19802599398384,0.138,0.049,1,"MAD2L1BP","Not significant",1.56434997551761,1.56434997551761
0.0273721337517184,1.04776727160957,0.102,0.025,1,"MRPS9","Not significant",1.56269134652567,1.56269134652567
0.0274163074837529,0.961014885974715,0.204,0.099,1,"ILKAP","Not significant",1.561991037782,1.561991037782
0.0274247668005636,-0.0374978755857991,0.461,0.605,1,"CXCL3","Not significant",1.56185705664875,1.56185705664875
0.0274288492149043,0.75871642359698,0.299,0.173,1,"APH1B","Not significant",1.56179241296058,1.56179241296058
0.0275128140900628,0.783514679170064,0.211,0.099,1,"MIOS","Not significant",1.56046498644487,1.56046498644487
0.0275711041757005,2.05520443098666,0.119,0.037,1,"C11orf96","Not significant",1.55954584079262,1.55954584079262
0.0276703437662529,0.60775165347927,0.285,0.16,1,"CD33","Not significant",1.55798544530938,1.55798544530938
0.0277464941328166,0.607559033682707,0.304,0.173,1,"PIN1","Not significant",1.55679188371102,1.55679188371102
0.0277535421551046,0.23396884539895,0.933,0.852,1,"RTN4","Not significant",1.55668158046046,1.55668158046046
0.0278236127263389,-1.09178544292816,0.247,0.346,1,"CAT","Not significant",1.55558648019417,1.55558648019417
0.0278482391051052,1.30051447232754,0.102,0.025,1,"AC087190.1","Not significant",1.5552022608534,1.5552022608534
0.0279175046785402,-0.583690849471251,0.083,0.16,1,"MT1F","Not significant",1.55412340240887,1.55412340240887
0.0279970228659727,0.434345079623498,0.962,0.963,1,"IER3","Not significant",1.55288814800143,1.55288814800143
0.0280879002941205,0.508646504862628,0.442,0.309,1,"GPR84","Not significant",1.55148072519003,1.55148072519003
0.0280998195611057,0.999053200647101,0.202,0.099,1,"RBM26","Not significant",1.55129646884466,1.55129646884466
0.0281404396121481,0.517705631080619,0.558,0.42,1,"CHMP4B","Not significant",1.55066912226592,1.55066912226592
0.0281706656620705,1.13288851717567,0.157,0.062,1,"DUSP12","Not significant",1.55020289068024,1.55020289068024
0.0283053709374904,1.13430493051204,0.138,0.049,1,"ZNF639","Not significant",1.54813114938035,1.54813114938035
0.028378127816032,1.00431186947392,0.204,0.099,1,"C1orf35","Not significant",1.54701625954755,1.54701625954755
0.028401093975216,0.582842011232207,0.361,0.21,1,"DENND5A","Not significant",1.54666493114137,1.54666493114137
0.0284472415203149,1.06717293525241,0.171,0.074,1,"MRPS28","Not significant",1.54595984001012,1.54595984001012
0.0285525030819812,0.658230373784271,0.162,0.062,1,"FAF1","Not significant",1.54435581291582,1.54435581291582
0.0285546519651111,1.28612264962084,0.166,0.074,1,"MRPL58","Not significant",1.54432312881222,1.54432312881222
0.0285602575958519,0.357354738169711,0.209,0.099,1,"KPNA3","Not significant",1.54423787981069,1.54423787981069
0.0285936528585147,0.737085591397871,0.176,0.074,1,"TGS1","Not significant",1.54373035968367,1.54373035968367
0.0286506440898054,-0.891172049930102,0.188,0.284,1,"XPO6","Not significant",1.54286561029331,1.54286561029331
0.028660290851389,0.485337003326746,0.24,0.123,1,"RAP2C","Not significant",1.54271940659351,1.54271940659351
0.028684594617339,0.336922504837852,0.325,0.21,1,"CCDC71L","Not significant",1.54235128336902,1.54235128336902
0.0287738871526829,-1.46985301969917,0.05,0.111,1,"ACVRL1","Not significant",1.54100146397254,1.54100146397254
0.0289962862748903,-1.26621234414136,0.105,0.185,1,"AC135050.1","Not significant",1.53765762119076,1.53765762119076
0.0290376883224139,-0.880192160317855,0.314,0.432,1,"PRCP","Not significant",1.53703796058835,1.53703796058835
0.0290695377079015,0.397542018476758,0.694,0.568,1,"GPBP1","Not significant",1.53656187474845,1.53656187474845
0.0292797595985416,0.69924568135851,0.207,0.099,1,"FAR1","Not significant",1.53343249337374,1.53343249337374
0.0293683687082157,-1.16206575739631,0.076,0.148,1,"VAV3","Not significant",1.53212017607495,1.53212017607495
0.0294139453250142,0.654485301394627,0.292,0.173,1,"PPP4R2","Not significant",1.53144671918673,1.53144671918673
0.0294445664227839,0.665883832857835,0.406,0.284,1,"BTG3","Not significant",1.53099483637161,1.53099483637161
0.0294768430757838,0.491498931860261,0.658,0.519,1,"HMGN2","Not significant",1.5305190305885,1.5305190305885
0.0296301092637299,0.836621689983859,0.295,0.173,1,"MAP4K3","Not significant",1.52826674701649,1.52826674701649
0.0296723949344448,-0.207149693115724,0.268,0.136,1,"DNAAF1","Not significant",1.52764739925653,1.52764739925653
0.0297397291736903,1.4303876522051,0.119,0.037,1,"USP2","Not significant",1.52666299072016,1.52666299072016
0.0298676202111984,1.15750425312795,0.259,0.148,1,"SAMD9","Not significant",1.52479937968306,1.52479937968306
0.0299046474678608,1.30246975799031,0.185,0.086,1,"BABAM2","Not significant",1.52426131291966,1.52426131291966
0.0300083770293202,1.53420960175873,0.1,0.025,1,"CBWD5","Not significant",1.52275749228826,1.52275749228826
0.0300109070873534,-0.414368682379632,0.656,0.741,1,"UNC93B1","Not significant",1.52272087771481,1.52272087771481
0.0300259045701937,0.590100052729163,0.287,0.16,1,"CMC2","Not significant",1.52250390003077,1.52250390003077
0.0301453527272729,-1.15588562479156,0.178,0.259,1,"NISCH","Not significant",1.52077963013958,1.52077963013958
0.0302014722931248,0.820945228522711,0.204,0.099,1,"ITGB1BP1","Not significant",1.51997188508277,1.51997188508277
0.0302145200709837,1.26236518680207,0.119,0.037,1,"FAS","Not significant",1.51978429971699,1.51978429971699
0.030295032739178,-1.31903801650538,0.05,0.111,1,"KIFAP3","Not significant",1.51862857383467,1.51862857383467
0.0302997694919073,0.417183847605328,0.266,0.148,1,"MOB4","Not significant",1.51856067541761,1.51856067541761
0.0303791491693638,-0.629340381732807,0.454,0.531,1,"GNAQ","Not significant",1.51742439361427,1.51742439361427
0.0304543343775047,1.15229806677391,0.119,0.037,1,"CPSF1","Not significant",1.51635088817818,1.51635088817818
0.0305462508277521,-0.986523443899843,0.28,0.358,1,"HSD17B4","Not significant",1.51504208639486,1.51504208639486
0.0305959060213216,0.241359851034524,0.888,0.79,1,"BTF3","Not significant",1.51433668173079,1.51433668173079
0.030627802747531,1.01193050354513,0.171,0.074,1,"SLC25A26","Not significant",1.51388415855912,1.51388415855912
0.0308518835772827,0.834628841510451,0.173,0.074,1,"SNAPIN","Not significant",1.51071831616078,1.51071831616078
0.0308605758167668,1.71194012462932,0.116,0.037,1,"GSTM4","Not significant",1.51059597484736,1.51059597484736
0.0308956869999044,0.802476578149824,0.188,0.086,1,"SUGP2","Not significant",1.51010214332202,1.51010214332202
0.0309843319123591,0.676807554440207,0.257,0.136,1,"N4BP1","Not significant",1.50885786371969,1.50885786371969
0.0311027268085342,0.371526386849562,0.143,0.049,1,"CD80","Not significant",1.50720153425334,1.50720153425334
0.0312514125410372,-0.905369591419484,0.349,0.42,1,"IL6R","Not significant",1.50513034808267,1.50513034808267
0.03137730739311,-0.452355042017471,0.658,0.704,1,"COMT","Not significant",1.50338432762249,1.50338432762249
0.0314181897515062,0.506688040120767,0.366,0.247,1,"TXNRD1","Not significant",1.5028188416888,1.5028188416888
0.0314300822693366,0.98439906834463,0.119,0.037,1,"VPS16","Not significant",1.50265448219998,1.50265448219998
0.0314614695733083,0.469878505186745,0.582,0.407,1,"PIK3R1","Not significant",1.50222099523236,1.50222099523236
0.0315934933312769,1.29242280869424,0.1,0.025,1,"RAB11FIP2","Not significant",1.5004023509667,1.5004023509667
0.0316850067727144,0.991082628809984,0.328,0.21,1,"HIST1H4C","Not significant",1.49914619570768,1.49914619570768
0.0318242067687239,-0.713305818259143,0.306,0.42,1,"KDM5A","Not significant",1.49724241250571,1.49724241250571
0.0320608521147633,0.224885446700798,0.629,0.432,1,"CD86","Not significant",1.49402493913029,1.49402493913029
0.0320744142430266,-1.24603517886325,0.116,0.198,1,"OSBPL9","Not significant",1.49384126615628,1.49384126615628
0.0321036189403483,-0.436367530344974,0.677,0.728,1,"SLCO2B1","Not significant",1.49344600817972,1.49344600817972
0.0321703859905422,-0.712834615006408,0.411,0.494,1,"GNS","Not significant",1.49254372826319,1.49254372826319
0.0322246116159682,0.579967959943737,0.268,0.148,1,"VDAC3","Not significant",1.49181230823549,1.49181230823549
0.0322927870570872,0.753115809900387,0.192,0.086,1,"QPRT","Not significant",1.49089447120211,1.49089447120211
0.0323390564016605,0.50079788557366,0.532,0.395,1,"ERCC1","Not significant",1.49027265621473,1.49027265621473
0.0324580500919383,0.237693588549432,0.988,0.963,1,"RPL29","Not significant",1.48867757384274,1.48867757384274
0.0324936765240693,0.320637032049539,0.385,0.235,1,"MYC","Not significant",1.48820114726435,1.48820114726435
0.0325924341685049,0.305428526518668,0.9,0.741,1,"ZFAS1","Not significant",1.4868832030061,1.4868832030061
0.0326833205427274,0.920790097512544,0.138,0.049,1,"PRKAB1","Not significant",1.48567382667682,1.48567382667682
0.0327720954780232,0.506969499248365,0.689,0.593,1,"DUSP6","Not significant",1.4844957885399,1.4844957885399
0.0328230240272723,1.05762279253925,0.169,0.074,1,"PELO","Not significant",1.48382140933238,1.48382140933238
0.0328411146702639,-0.585760139957846,0.568,0.617,1,"ZFHX3","Not significant",1.4835821107813,1.4835821107813
0.032968766952912,1.00678883735279,0.1,0.025,1,"SURF6","Not significant",1.48189729536701,1.48189729536701
0.0330848587635852,-0.737712242398968,0.285,0.383,1,"TCN2","Not significant",1.4803707149822,1.4803707149822
0.0331841939545427,-0.687160328282508,0.525,0.58,1,"SCARB2","Not significant",1.47906872692493,1.47906872692493
0.0331892520359731,1.11345886364958,0.135,0.049,1,"PMM2","Not significant",1.47900253488606,1.47900253488606
0.0333501309401413,0.426622101235317,0.58,0.444,1,"LY86","Not significant",1.47690245660593,1.47690245660593
0.0334301218711366,0.797648454083803,0.204,0.099,1,"TAF12","Not significant",1.47586204016287,1.47586204016287
0.0334756968854784,0.395279472329119,0.556,0.395,1,"LTC4S","Not significant",1.47527037322955,1.47527037322955
0.0335108929630214,0.54885743115622,0.38,0.235,1,"PAXX","Not significant",1.47481399938807,1.47481399938807
0.0335824770114059,0.630041973709716,0.397,0.259,1,"SNW1","Not significant",1.47388727387066,1.47388727387066
0.0335946149259565,1.05760010811438,0.169,0.074,1,"CCNG1","Not significant",1.47373033259153,1.47373033259153
0.0336458315212736,-0.658461560820332,0.292,0.383,1,"C9orf72","Not significant",1.47306873409821,1.47306873409821
0.033716854572552,1.50141029734023,0.114,0.037,1,"PEX13","Not significant",1.47215294725906,1.47215294725906
0.0337670143870338,-0.846632866431765,0.178,0.272,1,"GHDC","Not significant",1.47150733713058,1.47150733713058
0.0338506434669341,1.31305422758487,0.114,0.037,1,"RBMS2","Not significant",1.47043307139589,1.47043307139589
0.0338562290560757,0.890533188634466,0.2,0.099,1,"CUL5","Not significant",1.47036141572912,1.47036141572912
0.0338703107301798,0.741609832056924,0.276,0.16,1,"CBR1","Not significant",1.47018081906888,1.47018081906888
0.0339265998246642,-1.46936190990648,0.109,0.185,1,"C20orf194","Not significant",1.46945966382617,1.46945966382617
0.0339326006239737,-1.19350522940571,0.181,0.272,1,"CD109","Not significant",1.46938285437316,1.46938285437316
0.0339568180187714,-0.72045181957698,0.352,0.444,1,"PTK2B","Not significant",1.46907301282251,1.46907301282251
0.0340183791150656,0.219470649862848,0.138,0.049,1,"GOPC","Not significant",1.46828638320296,1.46828638320296
0.0342139424970998,1.17063152735018,0.24,0.136,1,"TM2D1","Not significant",1.46579687886719,1.46579687886719
0.03430529841816,-1.03168840090216,0.097,0.173,1,"CASP10","Not significant",1.46463879843941,1.46463879843941
0.0343105110690662,0.867835285447336,0.28,0.16,1,"RIN2","Not significant",1.46457281290208,1.46457281290208
0.0343362641601217,0.484901961204387,0.496,0.37,1,"RAB32","Not significant",1.46424695853166,1.46424695853166
0.0344490252786983,0.431686853643679,0.392,0.247,1,"TRIM22","Not significant",1.46282306177004,1.46282306177004
0.0345312378904353,-0.78278228769678,0.335,0.407,1,"SEC61A1","Not significant",1.46178785259903,1.46178785259903
0.034618849226755,-0.539442578362445,0.58,0.617,1,"MPP1","Not significant",1.4606873727049,1.4606873727049
0.0346462867481225,0.56421119625153,0.404,0.259,1,"OXA1L","Not significant",1.4603433045216,1.4603433045216
0.0346629456168871,1.56233834848636,0.114,0.037,1,"RIOK2","Not significant",1.4601345342129,1.4601345342129
0.0346678040245979,-0.743421505930686,0.314,0.407,1,"SPG7","Not significant",1.46007366714672,1.46007366714672
0.0346803696089746,0.567310379788132,0.28,0.16,1,"COPS5","Not significant",1.45991628264096,1.45991628264096
0.034802425598268,1.11631323723856,0.15,0.062,1,"TCHH","Not significant",1.45839048630536,1.45839048630536
0.0348533397760547,1.06051012292425,0.152,0.062,1,"EBP","Not significant",1.45775559986682,1.45775559986682
0.0348655145962956,0.774670051597177,0.321,0.198,1,"HNRNPL","Not significant",1.45760392045814,1.45760392045814
0.0348737867245438,0.182020430355872,0.644,0.494,1,"GABARAPL1","Not significant",1.45750089276498,1.45750089276498
0.0349045772737251,-0.344783073213008,0.698,0.741,1,"ACTR2","Not significant",1.45711761732813,1.45711761732813
0.0350089314727609,1.30363781420133,0.116,0.037,1,"C12orf75","Not significant",1.45582114437823,1.45582114437823
0.0351697761550643,-0.313552160658238,0.931,0.951,1,"SFPQ","Not significant",1.45383039582664,1.45383039582664
0.0354271589144263,-0.842275527265154,0.095,0.173,1,"ZMAT1","Not significant",1.4506636745723,1.4506636745723
0.0354296004890739,0.856626529005967,0.216,0.111,1,"CYHR1","Not significant",1.45063374482654,1.45063374482654
0.0354677088325078,0.909795206374744,0.271,0.16,1,"TMEM243","Not significant",1.45016686547611,1.45016686547611
0.0355346386275589,0.921256544956121,0.15,0.062,1,"DYRK4","Not significant",1.44934809679268,1.44934809679268
0.0356163520346106,1.48066339672038,0.131,0.049,1,"PNPT1","Not significant",1.44835056472597,1.44835056472597
0.0356985012565371,0.315355345146642,0.957,0.938,1,"RPL37","Not significant",1.44735001665192,1.44735001665192
0.0357838391556982,0.514178823802918,0.287,0.16,1,"SMIM19","Not significant",1.44631306693549,1.44631306693549
0.0359804940341963,0.511877152301524,0.24,0.123,1,"SUCLG1","Not significant",1.44393287782059,1.44393287782059
0.0360257562513942,0.399669579201665,0.221,0.111,1,"TCEAL3","Not significant",1.44338689372396,1.44338689372396
0.0361052374195855,-0.346313828081808,0.855,0.914,1,"CD14","Not significant",1.4424297948411,1.4424297948411
0.0362581276974703,0.885218084740653,0.116,0.037,1,"MLST8","Not significant",1.44059462582383,1.44059462582383
0.0362588253656163,-0.900799380722773,0.209,0.296,1,"PPP1R9B","Not significant",1.44058626933853,1.44058626933853
0.036476553282972,0.2353411138162,0.886,0.852,1,"EEF1D","Not significant",1.43798620545616,1.43798620545616
0.0365975458112797,0.527347475414661,0.703,0.58,1,"PTGER4","Not significant",1.43654803691037,1.43654803691037
0.0366792964094303,1.38008726838927,0.131,0.049,1,"GMEB1","Not significant",1.43557900365721,1.43557900365721
0.0367386630063224,-2.33644362942476,0.133,0.21,1,"SLC6A8","Not significant",1.43487665259041,1.43487665259041
0.0369346370819485,0.820893831536949,0.214,0.111,1,"AC110769.2","Not significant",1.43256616397971,1.43256616397971
0.0370476617554081,1.59324401375295,0.145,0.062,1,"LTV1","Not significant",1.43123919709812,1.43123919709812
0.0370656173694497,0.599728438712514,0.551,0.432,1,"NUDC","Not significant",1.43102876182007,1.43102876182007
0.0371066900090767,1.05682907331889,0.2,0.099,1,"SEL1L","Not significant",1.4305477838594,1.4305477838594
0.0371192250673074,-1.21307929929701,0.131,0.21,1,"SCAF1","Not significant",1.43040109906162,1.43040109906162
0.0372621495893632,0.824079502060822,0.306,0.185,1,"PLK2","Not significant",1.42873209501491,1.42873209501491
0.0373193981799792,-0.894208915905423,0.176,0.272,1,"BTAF1","Not significant",1.42806536838807,1.42806536838807
0.0373572248359583,-1.00598516187549,0.126,0.21,1,"TNFRSF21","Not significant",1.42762539376945,1.42762539376945
0.0375421200123554,0.409511610218241,0.292,0.173,1,"RELA","Not significant",1.42548120631055,1.42548120631055
0.0375451183943413,0.943890140564156,0.116,0.037,1,"GON7","Not significant",1.42544652183475,1.42544652183475
0.0375790148159696,-0.647231521214566,0.485,0.543,1,"MYO1F","Not significant",1.42505460969575,1.42505460969575
0.0376165561232087,-0.516277179323647,0.537,0.617,1,"FERMT3","Not significant",1.42462096756156,1.42462096756156
0.0377310373389771,0.66343803145048,0.399,0.272,1,"ELMSAN1","Not significant",1.42330125458165,1.42330125458165
0.0378769792077191,-1.1213998363119,0.128,0.21,1,"ACLY","Not significant",1.42162466445576,1.42162466445576
0.0378847891976041,0.23783779031951,0.572,0.407,1,"OSER1","Not significant",1.42153512495334,1.42153512495334
0.038038165774304,-0.504010270681466,0.9,0.914,1,"HNRNPU","Not significant",1.41978043319898,1.41978043319898
0.0380983554691868,0.620880086218488,0.342,0.222,1,"PCMT1","Not significant",1.41909377041551,1.41909377041551
0.0382042801263323,0.482032149397546,0.917,0.852,1,"HSPB1","Not significant",1.4178879792056,1.4178879792056
0.0382291061736288,1.1894613053774,0.114,0.037,1,"MTHFS","Not significant",1.41760585600657,1.41760585600657
0.0382755995590142,-0.608659796910244,0.525,0.593,1,"LIPA","Not significant",1.41707799767393,1.41707799767393
0.0383397607275088,0.60835096222126,0.344,0.222,1,"CLEC4E","Not significant",1.4163506018139,1.4163506018139
0.0386271844244096,0.821099993126868,0.152,0.062,1,"ERI1","Not significant",1.41310694687735,1.41310694687735
0.0387674558586398,1.42870688300403,0.128,0.049,1,"CCNB1IP1","Not significant",1.41153269893626,1.41153269893626
0.0387977364211103,-0.922610182111124,0.211,0.309,1,"SIGIRR","Not significant",1.41119361173821,1.41119361173821
0.0389251029374551,-0.916657945856381,0.242,0.333,1,"ALDH1A1","Not significant",1.40977023026634,1.40977023026634
0.0389983023309212,-0.448064459520346,0.596,0.654,1,"UQCR10","Not significant",1.40895429821351,1.40895429821351
0.039144028296552,0.617161410237682,0.413,0.284,1,"MAP4K4","Not significant",1.40733448330391,1.40733448330391
0.0391523467113869,-0.792752651490888,0.39,0.481,1,"TSPYL2","Not significant",1.40724220210509,1.40724220210509
0.0391575384217072,0.370217975093468,0.185,0.086,1,"ADGRG1","Not significant",1.40718461726396,1.40718461726396
0.0393866454541626,0.210293371496175,0.931,0.889,1,"RNASET2","Not significant",1.40465100631411,1.40465100631411
0.0394342331615742,0.95567215776683,0.114,0.037,1,"MEX3C","Not significant",1.40412660004995,1.40412660004995
0.0394367841876268,1.74329107828569,0.145,0.062,1,"VIM-AS1","Not significant",1.40409850616767,1.40409850616767
0.0395422909638277,0.153629188321669,0.295,0.16,1,"UBXN6","Not significant",1.40293817255078,1.40293817255078
0.0395752360371125,0.491497941014847,0.278,0.16,1,"LCOR","Not significant",1.40257648621141,1.40257648621141
0.0395988833997223,1.14347383474934,0.131,0.049,1,"ABHD17B","Not significant",1.40231706003853,1.40231706003853
0.0396894959511154,-0.852217931763502,0.147,0.235,1,"CLCN3","Not significant",1.40132441651333,1.40132441651333
0.0397293746548424,0.590380212463425,0.489,0.37,1,"AAED1","Not significant",1.40088827073846,1.40088827073846
0.0397494540696338,-0.454660662127154,0.658,0.704,1,"AP2S1","Not significant",1.40066883169113,1.40066883169113
0.0397729985692726,1.12006164766416,0.128,0.049,1,"CDC42EP4","Not significant",1.40041166541338,1.40041166541338
0.0397740660182933,-1.6303091577102,0.197,0.284,1,"CHD3","Not significant",1.40040000974207,1.40040000974207
0.0398440215701613,-0.267390214481692,0.812,0.802,1,"MS4A6A","Not significant",1.39963683346157,1.39963683346157
0.0399291479849857,0.743439576077364,0.116,0.037,1,"GPATCH3","Not significant",1.398709956757,1.398709956757
0.0399348917091151,0.354281460668618,0.368,0.222,1,"TXN2","Not significant",1.39864748890016,1.39864748890016
0.0399967123746286,0.50349916973583,0.295,0.173,1,"CMPK1","Not significant",1.39797570507795,1.39797570507795
0.0400586677467439,0.662760055696281,0.506,0.383,1,"JDP2","Not significant",1.39730349837391,1.39730349837391
0.0400765570599319,-1.35594030567529,0.052,0.111,1,"DISP1","Not significant",1.39710959537681,1.39710959537681
0.0401027515293469,0.504863654837774,0.302,0.173,1,"GATAD1","Not significant",1.39682582855148,1.39682582855148
0.0401060877396366,-0.55898718307166,0.278,0.37,1,"PPP2R1A","Not significant",1.39678970042063,1.39678970042063
0.0402560715199082,0.397963828815754,0.285,0.16,1,"PMEPA1","Not significant",1.3951686089921,1.3951686089921
0.0403452919566611,0.19237870822242,0.404,0.259,1,"ARL5B","Not significant",1.39420713743605,1.39420713743605
0.0404129511340144,0.989794192674089,0.223,0.123,1,"CREB3L2","Not significant",1.39347943427845,1.39347943427845
0.0405964636866472,-0.443969589940267,0.591,0.63,1,"C9orf16","Not significant",1.3915117956904,1.3915117956904
0.040703773011089,-0.981278905640075,0.171,0.259,1,"AGPAT3","Not significant",1.39036533225023,1.39036533225023
0.0407556179297707,-0.651807671387095,0.352,0.444,1,"PURB","Not significant",1.38981251777719,1.38981251777719
0.0408428276018838,0.683829650438214,0.278,0.16,1,"COA6","Not significant",1.38888419877451,1.38888419877451
0.0408487136426849,0.510252669464479,0.344,0.222,1,"TCEAL4","Not significant",1.38882161518248,1.38882161518248
0.040887623241725,0.888093405648177,0.266,0.16,1,"OSTM1","Not significant",1.38840813383314,1.38840813383314
0.0409858565875154,1.11980715196388,0.114,0.037,1,"RYR1","Not significant",1.38736598390678,1.38736598390678
0.0409993919615096,-1.10709149930406,0.14,0.222,1,"MYO1G","Not significant",1.38722258400512,1.38722258400512
0.0411462546491052,-1.10804027143037,0.121,0.198,1,"SLC38A7","Not significant",1.38566969044574,1.38566969044574
0.0411795116463642,0.402136051936827,0.42,0.284,1,"ETFB","Not significant",1.38531880804695,1.38531880804695
0.0414015010066602,0.799531201798501,0.242,0.136,1,"POLE4","Not significant",1.38298391329715,1.38298391329715
0.0414370709430066,0.325602027167085,0.314,0.185,1,"DYNLT3","Not significant",1.38261095109699,1.38261095109699
0.0415970254403972,0.720104353403853,0.15,0.062,1,"UBTF","Not significant",1.38093772420521,1.38093772420521
0.0416153086789183,-0.644740192481109,0.323,0.42,1,"PRPF4B","Not significant",1.38074687966725,1.38074687966725
0.0416382060227176,-0.38754484382628,0.919,0.951,1,"CD68","Not significant",1.38050799028586,1.38050799028586
0.0416783485419534,-0.62954647118065,0.295,0.37,1,"PARVB","Not significant",1.38008949780177,1.38008949780177
0.0417405535597517,-0.729613994597721,0.328,0.407,1,"COX20","Not significant",1.37944179565505,1.37944179565505
0.041833508749767,0.258210793350392,0.912,0.84,1,"RPL7","Not significant",1.37847570781346,1.37847570781346
0.0418369178656007,-0.51303782976335,0.539,0.605,1,"CYTH1","Not significant",1.3784403175267,1.3784403175267
0.0419150793971827,0.443399557560884,0.542,0.42,1,"PNRC2","Not significant",1.37762970684689,1.37762970684689
0.0419665720379078,-0.525347661498638,0.363,0.444,1,"NDUFA13","Not significant",1.3770965038841,1.3770965038841
0.0420043220875602,-0.56253937428854,0.561,0.593,1,"ACADVL","Not significant",1.37670602002583,1.37670602002583
0.0421836669594791,0.561418282741625,0.544,0.407,1,"FPR1","Not significant",1.37485567042283,1.37485567042283
0.0422242648978323,1.15260319196108,0.112,0.037,1,"SAMM50","Not significant",1.37443790252887,1.37443790252887
0.0422957702570165,0.897432612918167,0.209,0.111,1,"SLC29A1","Not significant",1.37370306160571,1.37370306160571
0.0425402052954219,-1.28632292237324,0.14,0.222,1,"VPS11","Not significant",1.37120041855991,1.37120041855991
0.0425622114484306,0.942368212897248,0.261,0.16,1,"SOCS1","Not significant",1.37097581504338,1.37097581504338
0.0425885300275988,0.300086791586481,0.601,0.432,1,"MRFAP1","Not significant",1.37070734964026,1.37070734964026
0.0427318538305876,0.729680928814512,0.2,0.099,1,"ZDHHC3","Not significant",1.36924826583175,1.36924826583175
0.0428057244436735,-1.18290177243335,0.102,0.173,1,"R3HDM4","Not significant",1.36849814855556,1.36849814855556
0.0428334268522372,-1.30903778855043,0.071,0.136,1,"EXOC8","Not significant",1.36821717884925,1.36821717884925
0.0429748318047869,-0.320344311053304,0.444,0.531,1,"RAB13","Not significant",1.36678581438252,1.36678581438252
0.0430838760730543,-1.06879591129841,0.164,0.247,1,"SLC40A1","Not significant",1.36568523198932,1.36568523198932
0.0432649784524497,0.949362768939759,0.145,0.062,1,"DNAJC13","Not significant",1.36386350824352,1.36386350824352
0.0433513614656203,0.419865983149652,0.575,0.395,1,"MXD4","Not significant",1.36299725879397,1.36299725879397
0.0435411734111097,-0.937621466200283,0.314,0.395,1,"MT-ND6","Not significant",1.36109987113546,1.36109987113546
0.0435660583398454,-0.542345262087794,0.506,0.568,1,"ADA2","Not significant",1.36085173128968,1.36085173128968
0.0437608707280125,0.869133134292511,0.164,0.074,1,"NSUN5","Not significant",1.35891404525303,1.35891404525303
0.0441370680504432,-0.141222704346651,0.359,0.222,1,"LDLRAD4","Not significant",1.35519651965206,1.35519651965206
0.0443365962755105,1.32878210269363,0.159,0.074,1,"KCNJ5","Not significant",1.3532376507683,1.3532376507683
0.0444995562875276,0.409081875037067,0.81,0.679,1,"CDV3","Not significant",1.35164431941995,1.35164431941995
0.0446300908486623,0.568832735097484,0.287,0.173,1,"POLR3GL","Not significant",1.35037222911214,1.35037222911214
0.0447327177903691,1.03475299059734,0.112,0.037,1,"VPS39","Not significant",1.34937471493927,1.34937471493927
0.0447896463221937,-0.597398281380993,0.449,0.506,1,"H2AFX","Not significant",1.34882236691289,1.34882236691289
0.0448165035637686,1.21734717099939,0.128,0.049,1,"MLXIPL","Not significant",1.34856202870666,1.34856202870666
0.0450333866981484,1.66671851440685,0.126,0.049,1,"HLA-DQA2","Not significant",1.34646539105594,1.34646539105594
0.045053866099757,-0.332360295088526,0.477,0.593,1,"HES4","Not significant",1.34626793601123,1.34626793601123
0.0450646248662329,1.01683688598847,0.145,0.062,1,"TRMO","Not significant",1.34616423980228,1.34616423980228
0.0452081273260946,1.36816323308157,0.109,0.037,1,"ASB6","Not significant",1.34478348254297,1.34478348254297
0.0452575976553849,0.405817660330596,0.539,0.395,1,"BID","Not significant",1.34430850280507,1.34430850280507
0.0454434051921086,0.665246559477653,0.696,0.593,1,"GRASP","Not significant",1.3425291332668,1.3425291332668
0.0455065980136997,0.338588888860302,0.679,0.543,1,"VSIR","Not significant",1.34192563030557,1.34192563030557
0.0455144074602251,-1.26244840929782,0.062,0.123,1,"TUBGCP4","Not significant",1.34185110685852,1.34185110685852
0.0455454734569577,0.758846849296186,0.131,0.049,1,"YIPF1","Not significant",1.34155477896212,1.34155477896212
0.0455957503015338,-1.17609383184064,0.112,0.185,1,"LFNG","Not significant",1.3410756333575,1.3410756333575
0.0457277537089123,-1.45648403594941,0.074,0.136,1,"ME1","Not significant",1.33982013200626,1.33982013200626
0.0457505604421141,0.24129790531377,0.606,0.444,1,"KIF5B","Not significant",1.33960358147891,1.33960358147891
0.0458286781391625,0.501082912401018,0.211,0.111,1,"WDR43","Not significant",1.33886266916033,1.33886266916033
0.0458552758551172,1.22193127092162,0.173,0.086,1,"NMT1","Not significant",1.33861068959158,1.33861068959158
0.0459300560114081,0.516442851432616,0.368,0.247,1,"IGBP1","Not significant",1.33790302496242,1.33790302496242
0.0459530077942859,1.07888752337036,0.128,0.049,1,"PIK3CA","Not significant",1.33768605716775,1.33768605716775
0.0460874547665886,1.02688919510944,0.109,0.037,1,"RAD51C","Not significant",1.33641727563222,1.33641727563222
0.0461204192676656,0.389068083166352,0.399,0.272,1,"GNB4","Not significant",1.33610675331129,1.33610675331129
0.0463751169261307,0.498032527464669,0.506,0.383,1,"ARID4B","Not significant",1.3337149823837,1.3337149823837
0.0464371354672843,0.56233502365956,0.285,0.173,1,"SDF2","Not significant",1.3331345781049,1.3331345781049
0.0464474605067235,1.03842384194694,0.128,0.049,1,"HIGD1A","Not significant",1.33303802586983,1.33303802586983
0.0464722981250489,-1.78121684105599,0.055,0.111,1,"VPS50","Not significant",1.33280585047467,1.33280585047467
0.0464935120408927,-0.26525352881825,0.77,0.815,1,"HSP90B1","Not significant",1.33260764671064,1.33260764671064
0.0465508990622862,-0.639963567977383,0.468,0.531,1,"GM2A","Not significant",1.33207192684119,1.33207192684119
0.0467367524896087,0.23823356583903,0.96,0.926,1,"RACK1","Not significant",1.33034146791388,1.33034146791388
0.0468077332292082,0.369767014621852,0.425,0.284,1,"CWC25","Not significant",1.32968239005998,1.32968239005998
0.0468202101068566,-0.322581447630607,0.729,0.79,1,"TGFB1","Not significant",1.32956664172774,1.32956664172774
0.0468458169001194,-0.471004089081857,0.606,0.679,1,"ATP2B1","Not significant",1.32932918339529,1.32932918339529
0.0470932741584069,0.746871642493558,0.178,0.086,1,"SORT1","Not significant",1.32704111419738,1.32704111419738
0.0471453510108435,0.39815590420477,0.632,0.494,1,"C3AR1","Not significant",1.32656112646603,1.32656112646603
0.0471473723951505,0.968953629506252,0.159,0.074,1,"GAB3","Not significant",1.32654250623705,1.32654250623705
0.0474353405123719,0.183678404113327,0.931,0.864,1,"RPL23","Not significant",1.3238979775095,1.3238979775095
0.0475023305298416,-0.354931030824824,0.442,0.531,1,"SNX6","Not significant",1.32328508276626,1.32328508276626
0.0475278516473933,-1.07557972938476,0.102,0.173,1,"CNRIP1","Not significant",1.32305181622847,1.32305181622847
0.0475394038884799,0.911157975477458,0.432,0.309,1,"WDR74","Not significant",1.32294626832864,1.32294626832864
0.047563812383918,0.307130239750235,0.183,0.086,1,"ARHGAP12","Not significant",1.32272334263741,1.32272334263741
0.0476897305483978,0.337504224517289,0.226,0.123,1,"CITED4","Not significant",1.32157513136514,1.32157513136514
0.0479046992404588,-0.623472509195623,0.672,0.728,1,"ABCA1","Not significant",1.31962188211576,1.31962188211576
0.0481534763513579,-0.280255845088798,0.898,0.864,1,"BRI3","Not significant",1.31737235431902,1.31737235431902
0.0482295218414512,0.811149738225086,0.176,0.086,1,"SYNGR1","Not significant",1.31668704375194,1.31668704375194
0.048363327124411,-0.840982077670251,0.235,0.321,1,"KLHL15","Not significant",1.31548382977014,1.31548382977014
0.0483965382884702,-0.663066380217106,0.601,0.716,1,"CLEC2B","Not significant",1.31518570149571,1.31518570149571
0.0483993675279792,1.40284867387291,0.107,0.037,1,"DCPS","Not significant",1.31516031358086,1.31516031358086
0.0485280195898639,0.927345346836077,0.145,0.062,1,"DTD1","Not significant",1.31400743171673,1.31400743171673
0.0486187172035176,0.485552799761778,0.39,0.272,1,"PCNP","Not significant",1.31319650412665,1.31319650412665
0.0486416704451054,1.15839292248004,0.14,0.062,1,"EBAG9","Not significant",1.31299151900188,1.31299151900188
0.0486727892076814,0.608370273803471,0.34,0.222,1,"SLIRP","Not significant",1.31271376567767,1.31271376567767
0.0488661987925604,-0.265040087080032,0.8,0.864,1,"ZFP36L1","Not significant",1.31099144258881,1.31099144258881
0.0489338131250774,0.824287386419914,0.164,0.074,1,"STRN4","Not significant",1.31039094089945,1.31039094089945
0.0490089195129682,0.220528526840929,0.988,0.951,1,"RPS15","Not significant",1.30972487216046,1.30972487216046
0.0490227877269341,-0.664979277450744,0.325,0.407,1,"CBX4","Not significant",1.30960199581751,1.30960199581751
0.0490291938438699,0.549258690038163,0.444,0.333,1,"RTF2","Not significant",1.30954524752554,1.30954524752554
0.0491297119362258,0.312309208133716,0.297,0.173,1,"LSM2","Not significant",1.30865578227011,1.30865578227011
0.0491383901797534,1.13141465364096,0.14,0.062,1,"ERI3","Not significant",1.30857907552183,1.30857907552183
0.0492003558645844,0.95763043915972,0.176,0.086,1,"RPA3","Not significant",1.30803175598332,1.30803175598332
0.0492016248281463,0.193037517550825,0.261,0.148,1,"SAV1","Not significant",1.30802055491056,1.30802055491056
0.0492139134098823,-0.782102733594383,0.344,0.42,1,"ITGAM","Not significant",1.30791209920608,1.30791209920608
0.0492667460360831,0.394357381732846,0.537,0.407,1,"KHDRBS1","Not significant",1.30744612100581,1.30744612100581
0.0494233579426923,0.451903450647098,0.197,0.099,1,"LMBR1L","Not significant",1.3060677509121,1.3060677509121
0.0494302240323599,-0.924475574940399,0.214,0.296,1,"HGSNAT","Not significant",1.30600742118403,1.30600742118403
0.0494898605685638,0.538796046851188,0.644,0.519,1,"TIPARP","Not significant",1.30548376975701,1.30548376975701
0.0495266773258496,0.937130826155388,0.202,0.111,1,"ELK3","Not significant",1.30516080723767,1.30516080723767
0.0495642007723786,0.833033306492347,0.261,0.16,1,"NRAS","Not significant",1.30483189247051,1.30483189247051
0.0497617762782963,-0.207519157901221,0.938,0.963,1,"MYL6","Not significant",1.30310412562242,1.30310412562242
0.0497827314679875,1.16273131887015,0.126,0.049,1,"ZNF518A","Not significant",1.30292127829934,1.30292127829934
0.0498397255764781,0.252601232562455,0.729,0.617,1,"NDUFA4","Not significant",1.30242435761994,1.30242435761994
0.0498758057622923,1.32895256324383,0.171,0.086,1,"IRF2BPL","Not significant",1.30211007505877,1.30211007505877
0.0500168457567321,0.807877350447027,0.252,0.148,1,"CRYAB","Not significant",1.30088369992338,1.30088369992338
0.0500936008129084,-0.79191601426519,0.302,0.383,1,"PSMD1","Not significant",1.30021774936518,1.30021774936518
0.0501336896314934,0.447179410589277,0.599,0.469,1,"HLA-F","Not significant",1.29987033193927,1.29987033193927
0.0502178393977295,0.365198042098666,0.632,0.519,1,"NDUFB11","Not significant",1.29914197656593,1.29914197656593
0.0502842507335688,0.443854461616037,0.546,0.407,1,"COX5A","Not significant",1.29856801674378,1.29856801674378
0.0503325892596612,-0.647875083100789,0.42,0.494,1,"TECR","Not significant",1.29815072761481,1.29815072761481
0.0506327904995211,0.315531976214903,0.698,0.556,1,"ARF6","Not significant",1.29556813690019,1.29556813690019
0.0506735602081832,0.980909096251438,0.126,0.049,1,"THOP1","Not significant",1.29521858210263,1.29521858210263
0.0507174602943177,-0.978572771207061,0.124,0.198,1,"SLC39A8","Not significant",1.29484250212512,1.29484250212512
0.0507582776619927,0.396086285134895,0.228,0.123,1,"EEPD1","Not significant",1.29449312287724,1.29449312287724
0.0507874109018635,1.22689243005105,0.138,0.062,1,"HTRA2","Not significant",1.29424392656291,1.29424392656291
0.0508169090237296,1.08262011401955,0.235,0.136,1,"AP003354.2","Not significant",1.29399175476702,1.29399175476702
0.0508994639163633,0.274043962425213,0.884,0.79,1,"VMP1","Not significant",1.29328679171808,1.29328679171808
0.0509517921777839,-1.05155426215594,0.287,0.358,1,"AHI1","Not significant",1.29284053551951,1.29284053551951
0.0510138173092821,-0.21432308910764,0.986,1,1,"MT-ND3","Not significant",1.29231217746218,1.29231217746218
0.0510242225153686,-0.287575549705323,0.907,0.914,1,"SDCBP","Not significant",1.29222360414952,1.29222360414952
0.0510702842614857,0.633183516774142,0.238,0.136,1,"ARHGEF40","Not significant",1.29183172481822,1.29183172481822
0.0511397812800622,0.60861307851535,0.223,0.123,1,"DDX42","Not significant",1.29124113374154,1.29124113374154
0.0513727661126254,-0.466721621804396,0.399,0.506,1,"IQGAP2","Not significant",1.28926704951593,1.28926704951593
0.0513780494944539,-0.378803528786531,0.439,0.506,1,"POLR2L","Not significant",1.28922238722177,1.28922238722177
0.0514403430301931,-0.906041272848606,0.171,0.259,1,"ATF7IP","Not significant",1.28869614397918,1.28869614397918
0.0515347739101409,0.383598100154856,0.397,0.259,1,"NOP58","Not significant",1.28789962492105,1.28789962492105
0.0516040610012976,0.722944764259799,0.154,0.074,1,"DHX34","Not significant",1.28731612005774,1.28731612005774
0.0516473239526307,-0.272421649039748,0.767,0.802,1,"PDIA3","Not significant",1.28695217603621,1.28695217603621
0.0516823320547158,0.418137940966029,0.401,0.272,1,"C1QBP","Not significant",1.28665789796104,1.28665789796104
0.0520016038919687,0.573417255438083,0.257,0.148,1,"OTUD5","Not significant",1.28398326115964,1.28398326115964
0.0520776864947626,0.295932324425322,0.827,0.753,1,"EFHD2","Not significant",1.28334831716021,1.28334831716021
0.0521326077817848,-1.12252929246449,0.15,0.222,1,"SMIM25","Not significant",1.28289055021373,1.28289055021373
0.0521368423720079,0.465432842086356,0.257,0.148,1,"RFX2","Not significant",1.28285527508444,1.28285527508444
0.0522998066551176,-0.443532393189727,0.406,0.494,1,"GUSB","Not significant",1.28149991665415,1.28149991665415
0.0523107055715862,0.84849050021217,0.126,0.049,1,"SCO1","Not significant",1.28140942212932,1.28140942212932
0.0523852517690285,0.378234896519102,0.387,0.259,1,"SUGT1","Not significant",1.28079096448321,1.28079096448321
0.0524117410351101,-0.375995313219176,0.344,0.444,1,"ACTN1","Not significant",1.28057141348225,1.28057141348225
0.0524128471195632,0.786723385304539,0.124,0.049,1,"CHCHD6","Not significant",1.28056224833535,1.28056224833535
0.0524675128566542,0.506134971699305,0.297,0.185,1,"RPAIN","Not significant",1.28010952238889,1.28010952238889
0.0526370953549151,-0.565987496532858,0.43,0.531,1,"NFKBID","Not significant",1.27870808417634,1.27870808417634
0.0528507180104155,1.12688486107708,0.107,0.037,1,"TTC9C","Not significant",1.27694910815139,1.27694910815139
0.0528800593678992,0.211670178738602,0.884,0.802,1,"RPS21","Not significant",1.27670806594419,1.27670806594419
0.0529227609465254,0.511426555677862,0.128,0.049,1,"COPS4","Not significant",1.2763575070287,1.2763575070287
0.052949827684961,0.358040714952882,0.385,0.259,1,"SNRPF","Not significant",1.27613544888213,1.27613544888213
0.0529591095224606,-0.490084110430751,0.468,0.543,1,"SCP2","Not significant",1.27605932592359,1.27605932592359
0.0530666163896984,-1.53206319563524,0.114,0.185,1,"S100A8","Not significant",1.27517860278196,1.27517860278196
0.0532221232335397,-0.826457529708322,0.257,0.333,1,"SND1","Not significant",1.2739078037753,1.2739078037753
0.0532645086909165,-0.995706233921248,0.124,0.198,1,"MAN1A2","Not significant",1.27356207453415,1.27356207453415
0.053342687099548,0.144263179599246,0.259,0.148,1,"C19orf66","Not significant",1.27292511082252,1.27292511082252
0.053412779249174,-0.786391231008529,0.233,0.309,1,"RNF135","Not significant",1.27235482361901,1.27235482361901
0.0535454143714909,0.226187625973266,0.96,0.988,1,"RPL18A","Not significant",1.27127771621274,1.27127771621274
0.0536073726902183,0.632923805531703,0.278,0.16,1,"DYNC1LI1","Not significant",1.27077547712651,1.27077547712651
0.0536325384100569,1.41140132757837,0.105,0.037,1,"ZBTB2","Not significant",1.2705716475383,1.2705716475383
0.053722191235154,0.32960844593761,0.867,0.765,1,"TRIB1","Not significant",1.26984628152216,1.26984628152216
0.0538623842261919,1.05084381278265,0.107,0.037,1,"ZNF91","Not significant",1.26871442639125,1.26871442639125
0.0539602890257624,0.0831063110780939,0.366,0.247,1,"CLTB","Not significant",1.26792573279632,1.26792573279632
0.054044153461001,1.35631384173942,0.105,0.037,1,"XPOT","Not significant",1.26725128148796,1.26725128148796
0.054065874875641,-0.45987093064708,0.72,0.753,1,"SPAG9","Not significant",1.26707676501082,1.26707676501082
0.0540858025235034,0.700128078209402,0.192,0.099,1,"DESI2","Not significant",1.26691672186013,1.26691672186013
0.0541987641806776,-0.232391268872767,0.907,0.938,1,"TMBIM6","Not significant",1.26601061596403,1.26601061596403
0.0542509476687393,-1.15640721974892,0.083,0.148,1,"NFX1","Not significant",1.26559267105161,1.26559267105161
0.0542893470882849,1.0391321674215,0.173,0.086,1,"CREB1","Not significant",1.26528538136256,1.26528538136256
0.0545782400543814,-0.861462950537124,0.133,0.21,1,"MAN2A2","Not significant",1.26298047282504,1.26298047282504
0.0545801277223173,-1.78829087783321,0.086,0.148,1,"ZMYM4","Not significant",1.26296545237751,1.26296545237751
0.0546833108190819,0.999759992371689,0.107,0.037,1,"NUDT2","Not significant",1.26214519880559,1.26214519880559
0.0547833114224365,0.344812877893791,0.565,0.42,1,"ISCU","Not significant",1.26135172000053,1.26135172000053
0.054875295433198,1.39006237097907,0.105,0.037,1,"AC025423.1","Not significant",1.26062312862386,1.26062312862386
0.0548996320605637,0.808617859211245,0.539,0.469,1,"IRF8","Not significant",1.2604305661984,1.2604305661984
0.0549111738510369,0.219768769700552,0.993,1,1,"UBB","Not significant",1.26033927216061,1.26033927216061
0.0551640138585711,0.365720066511852,0.534,0.383,1,"DNAJC8","Not significant",1.25834414109649,1.25834414109649
0.0554588381903547,0.105359532241092,0.411,0.272,1,"SPAG7","Not significant",1.2560292327171,1.2560292327171
0.0555056231906323,1.30785657008868,0.105,0.037,1,"C11orf71","Not significant",1.2556630169322,1.2556630169322
0.0555803164330241,0.879958549058678,0.195,0.099,1,"VCPIP1","Not significant",1.25507898500152,1.25507898500152
0.055793452600948,0.772315756984927,0.143,0.062,1,"NTPCR","Not significant",1.25341676282077,1.25341676282077
0.0558666686422907,0.31832047890276,0.608,0.457,1,"MAPRE1","Not significant",1.25284722506736,1.25284722506736
0.0559342472025292,0.626645210129816,0.107,0.037,1,"PDCL","Not significant",1.25232220254569,1.25232220254569
0.0559345279042847,-0.30166236295059,0.736,0.753,1,"MFSD1","Not significant",1.25232002307741,1.25232002307741
0.056033628614136,-0.582508927010293,0.416,0.494,1,"ZYX","Not significant",1.25155125266951,1.25155125266951
0.056039206904417,0.379238150260724,0.373,0.247,1,"WDR33","Not significant",1.25150801970091,1.25150801970091
0.0560619268628161,0.570591270093279,0.316,0.21,1,"UBAC1","Not significant",1.25133197950639,1.25133197950639
0.0560918767652611,0.600138680314815,0.689,0.605,1,"KLF10","Not significant",1.25110002878776,1.25110002878776
0.0561618095021292,0.614392141662052,0.143,0.062,1,"HIST1H2BJ","Not significant",1.25055890792722,1.25055890792722
0.0562098871536372,0.549903314399998,0.261,0.16,1,"COPS3","Not significant",1.2501872865911,1.2501872865911
0.0562800060357554,0.511279242223428,0.34,0.222,1,"METTL9","Not significant",1.24964586466133,1.24964586466133
0.0563111613485998,0.308897739009866,0.145,0.062,1,"EXOSC4","Not significant",1.24940551577589,1.24940551577589
0.0564409855305602,0.536170137521469,0.316,0.198,1,"MAML2","Not significant",1.24840541152387,1.24840541152387
0.0564995821525434,0.840240521427317,0.126,0.049,1,"RHBDD3","Not significant",1.2479547640304,1.2479547640304
0.0565695713270729,1.1828504784772,0.105,0.037,1,"FAM228B","Not significant",1.24741711224407,1.24741711224407
0.0565987258774169,-1.04129650024468,0.169,0.247,1,"DOK3","Not significant",1.24719334532472,1.24719334532472
0.0566215688900209,0.234395096538143,0.976,0.938,1,"RPL39","Not significant",1.24701810122243,1.24701810122243
0.0566644886623498,-1.12941028156681,0.185,0.259,1,"GLO1","Not significant",1.24668902593141,1.24668902593141
0.0566646088263808,-0.736201857888877,0.325,0.407,1,"ETNK1","Not significant",1.24668810495742,1.24668810495742
0.0566969318614465,-0.589859181358854,0.591,0.642,1,"GLA","Not significant",1.24644044219521,1.24644044219521
0.0569639249089683,-1.36615520850467,0.064,0.123,1,"ACCS","Not significant",1.24440009472967,1.24440009472967
0.0569998772846264,-0.0723287519286471,0.105,0.037,1,"FOXJ3","Not significant",1.24412607932167,1.24412607932167
0.057022947561476,0.408501996463821,0.181,0.086,1,"SMYD4","Not significant",1.24395033741943,1.24395033741943
0.0571229002680226,-1.53431887792503,0.107,0.173,1,"USP32","Not significant",1.2431897504892,1.2431897504892
0.0572089270454108,0.424647950148715,0.107,0.037,1,"NUP93","Not significant",1.24253619735978,1.24253619735978
0.0572435920945566,0.407944794427346,0.504,0.37,1,"OCIAD1","Not significant",1.24227312162965,1.24227312162965
0.05738496696927,-1.55754348290026,0.057,0.111,1,"TTC21B","Not significant",1.2412018640024,1.2412018640024
0.0574237048764814,0.815962583965898,0.107,0.037,1,"TKFC","Not significant",1.24090879101914,1.24090879101914
0.0575004655056987,1.28436653282058,0.154,0.074,1,"HAUS2","Not significant",1.24032863938449,1.24032863938449
0.0580896533112019,0.664663733239992,0.176,0.086,1,"DCTPP1","Not significant",1.23590121545838,1.23590121545838
0.0581024481105163,0.254030535373231,0.974,0.963,1,"SOD2","Not significant",1.23580556849626,1.23580556849626
0.058175076464136,0.401089968359245,0.145,0.062,1,"STARD4","Not significant",1.23526303721303,1.23526303721303
0.0582401224544312,0.524813394504883,0.551,0.432,1,"SELENOS","Not significant",1.23477772055581,1.23477772055581
0.0582615903130448,0.649694881743133,0.171,0.086,1,"CRBN","Not significant",1.23461766500953,1.23461766500953
0.0583863456252203,1.14804135434464,0.121,0.049,1,"STRIP1","Not significant",1.2336887061919,1.2336887061919
0.0584678097868409,0.252036959959002,0.891,0.79,1,"OLR1","Not significant",1.23308317459619,1.23308317459619
0.0585970616070198,0.877220759735474,0.154,0.074,1,"NFKBIL1","Not significant",1.2321241614538,1.2321241614538
0.0588323666277343,0.332828951579994,0.14,0.062,1,"C19orf38","Not significant",1.23038368105854,1.23038368105854
0.0588923905681394,0.656207100127573,0.219,0.123,1,"DNAJC25","Not significant",1.22994081638029,1.22994081638029
0.0590047322929102,1.25794959741583,0.121,0.049,1,"RNF41","Not significant",1.22911315570905,1.22911315570905
0.0590404691861876,1.20740326959851,0.135,0.062,1,"APTX","Not significant",1.228850199895,1.228850199895
0.0591941726309413,0.621170740691464,0.159,0.074,1,"MFHAS1","Not significant",1.22772104528374,1.22772104528374
0.0592146022426474,0.530079193232078,0.646,0.531,1,"ADAM17","Not significant",1.22757118362477,1.22757118362477
0.0593377151935639,1.10868222256537,0.154,0.074,1,"ZNF846","Not significant",1.22666918026271,1.22666918026271
0.059360613746489,-0.295727215554223,0.694,0.741,1,"LAMTOR4","Not significant",1.22650161741004,1.22650161741004
0.0594010835381441,-0.693277053834071,0.249,0.346,1,"TRPS1","Not significant",1.22620563295913,1.22620563295913
0.0595128340370248,0.594942903092248,0.126,0.049,1,"SPPL2B","Not significant",1.22538936787779,1.22538936787779
0.0596013064716391,-0.565412113788922,0.442,0.494,1,"EAF1","Not significant",1.22474422034022,1.22474422034022
0.0596305793303047,-0.621654834965274,0.456,0.519,1,"GAK","Not significant",1.22453097132284,1.22453097132284
0.059662748371211,-1.05066343194003,0.064,0.123,1,"TRIM72","Not significant",1.22429674468902,1.22429674468902
0.0597952030519855,0.524817454202575,0.204,0.111,1,"UVRAG","Not significant",1.22333365500179,1.22333365500179
0.0598044024893706,-0.349880138332227,0.428,0.506,1,"SNHG7","Not significant",1.22326684433159,1.22326684433159
0.0598929921179647,-0.201765444835529,0.96,0.963,1,"FCGR2A","Not significant",1.2226239900071,1.2226239900071
0.0599333678960198,0.191827412149125,0.233,0.123,1,"RNF115","Not significant",1.22233131687118,1.22233131687118
0.0599579626631679,0.655972619590559,0.143,0.062,1,"SLC30A1","Not significant",1.22215313264791,1.22215313264791
0.0599924387203231,0.2046524669862,0.71,0.605,1,"AMD1","Not significant",1.22190348343257,1.22190348343257
0.0600842872641963,0.343453191278567,0.499,0.358,1,"NRIP3","Not significant",1.22123908617777,1.22123908617777
0.060092458185375,0.112677613978199,0.713,0.543,1,"MGST3","Not significant",1.22118003006052,1.22118003006052
0.0601038478377099,-0.729601166357664,0.266,0.346,1,"SCAMP4","Not significant",1.2210977236513,1.2210977236513
0.0601658754711609,0.45955295773169,0.717,0.568,1,"PNP","Not significant",1.22064975951568,1.22064975951568
0.0602803792949678,0.934074137218236,0.185,0.099,1,"DERA","Not significant",1.21982402368997,1.21982402368997
0.0603296613499766,1.29967012461617,0.152,0.074,1,"DUSP16","Not significant",1.21946911251302,1.21946911251302
0.0604511503402042,-0.832920854185029,0.287,0.358,1,"ACO2","Not significant",1.21859543042522,1.21859543042522
0.0605930862891656,0.752719070025969,0.14,0.062,1,"PYROXD1","Not significant",1.21757692629175,1.21757692629175
0.0606780135306221,-0.812099282725775,0.133,0.21,1,"FPGS","Not significant",1.21696864553216,1.21696864553216
0.0607171728833888,0.507297904010315,0.34,0.222,1,"EML4","Not significant",1.21668845828728,1.21668845828728
0.0607370201681411,-0.671151110138804,0.188,0.272,1,"THOC1","Not significant",1.216546518909,1.216546518909
0.0610064314587684,1.31901115324295,0.102,0.037,1,"FAM76A","Not significant",1.21462437810697,1.21462437810697
0.0610424574025711,-0.779336120397874,0.323,0.383,1,"SNRPD3","Not significant",1.21436799119187,1.21436799119187
0.0610993960010529,0.392772528379042,0.485,0.346,1,"ZNFX1","Not significant",1.2139630829605,1.2139630829605
0.0611411579928853,0.472677251582944,0.28,0.173,1,"DGUOK","Not significant",1.21366634014121,1.21366634014121
0.061156314280435,0.646034327678766,0.223,0.123,1,"HSD17B14","Not significant",1.2135586961816,1.2135586961816
0.0611688349062733,0.0501071590522908,0.23,0.123,1,"APPL1","Not significant",1.213469791508,1.213469791508
0.0611784970686441,0.242635045153477,0.416,0.296,1,"ACBD3","Not significant",1.21340119624333,1.21340119624333
0.0611888639426063,0.395746857112362,0.235,0.136,1,"TTC14","Not significant",1.21332761001691,1.21332761001691
0.0612906261537535,0.637618206261842,0.28,0.173,1,"CADM1","Not significant",1.21260594181103,1.21260594181103
0.0613751884455532,0.310754657705323,0.375,0.247,1,"RRAGC","Not significant",1.21200716141499,1.21200716141499
0.0613769417426416,0.340260321492096,0.684,0.531,1,"NFKB2","Not significant",1.21199475515777,1.21199475515777
0.0613940149224835,-1.05711836852212,0.226,0.296,1,"GIPC1","Not significant",1.21187396457272,1.21187396457272
0.0614379951909103,0.978778429296056,0.135,0.062,1,"SP1","Not significant",1.21156296439143,1.21156296439143
0.0614675993050652,-0.982161747443439,0.171,0.247,1,"TRAK1","Not significant",1.21135374846891,1.21135374846891
0.0614690470499764,1.44432087643878,0.102,0.037,1,"TBPL1","Not significant",1.21134351966172,1.21134351966172
0.0615144372169578,-0.719643469554244,0.468,0.519,1,"MANBA","Not significant",1.21102294491031,1.21102294491031
0.0615328926800779,0.986499506862878,0.121,0.049,1,"AP3S2","Not significant",1.21089266811583,1.21089266811583
0.061574575238188,-0.591075707979137,0.489,0.531,1,"SEC61G","Not significant",1.21059857538569,1.21059857538569
0.0615918786790586,0.337921763918022,0.316,0.21,1,"RRAGA","Not significant",1.21047654883222,1.21047654883222
0.0616257765069809,0.879731584419996,0.138,0.062,1,"DPP8","Not significant",1.21023759541334,1.21023759541334
0.0616807233698114,-0.288439734602126,0.651,0.728,1,"IQGAP1","Not significant",1.20985054167443,1.20985054167443
0.0616902207105785,0.503580091067972,0.178,0.086,1,"CDC40","Not significant",1.20978367596748,1.20978367596748
0.061711724845577,-1.09914986562755,0.109,0.173,1,"PBXIP1","Not significant",1.20963231486502,1.20963231486502
0.0617475399963564,1.16148904821058,0.121,0.049,1,"ID1","Not significant",1.20938033988675,1.20938033988675
0.0620505710269941,-0.789325271753519,0.204,0.284,1,"SGPL1","Not significant",1.2072542175056,1.2072542175056
0.0620756968386838,-0.358220923735834,0.632,0.704,1,"CTNNB1","Not significant",1.20707839651772,1.20707839651772
0.0620911589643718,0.392246867724602,0.107,0.037,1,"FAM43A","Not significant",1.20697023374181,1.20697023374181
0.0622266070843302,0.407726733855917,0.466,0.333,1,"BRD4","Not significant",1.20602387834583,1.20602387834583
0.0624568272850063,0.427713742853631,0.252,0.148,1,"C3orf38","Not significant",1.20442008106662,1.20442008106662
0.0625161653308797,-0.886374037164711,0.138,0.21,1,"ARHGAP5","Not significant",1.20400766895602,1.20400766895602
0.0625260438421101,0.90302553140585,0.211,0.123,1,"MRPL9","Not significant",1.20393904920027,1.20393904920027
0.0626005667394688,0.633346596578969,0.202,0.111,1,"SSSCA1","Not significant",1.20342173498909,1.20342173498909
0.0627306432959409,-1.09832672491906,0.076,0.136,1,"SNTB1","Not significant",1.20252025879704,1.20252025879704
0.0628394863765871,0.462983536711029,0.58,0.469,1,"MDM2","Not significant",1.20176737335717,1.20176737335717
0.062848927089052,1.05567904726828,0.138,0.062,1,"PANK3","Not significant",1.20170213187272,1.20170213187272
0.062848927089052,-0.68237285460879,0.114,0.185,1,"MNT","Not significant",1.20170213187272,1.20170213187272
0.0629992058669266,-0.620789665787109,0.261,0.346,1,"NAIP","Not significant",1.20066492498746,1.20066492498746
0.0632675320504067,-0.279280775565377,0.746,0.753,1,"EDF1","Not significant",1.1988191062362,1.1988191062362
0.0634501039473826,0.535076308099742,0.311,0.198,1,"LYPLA1","Not significant",1.19756766208405,1.19756766208405
0.0637469455707416,0.258316866868162,0.221,0.123,1,"AC106739.2","Not significant",1.19554061957717,1.19554061957717
0.0637901395992675,-0.4669711681519,0.363,0.432,1,"MRPL57","Not significant",1.19524644743215,1.19524644743215
0.064025091299631,0.791990789057536,0.105,0.037,1,"DUSP14","Not significant",1.19364979355617,1.19364979355617
0.0640431192545925,0.175310794438476,0.226,0.123,1,"JPX","Not significant",1.19352752369111,1.19352752369111
0.0640675762778443,0.439451301195533,0.39,0.284,1,"KPNA2","Not significant",1.19336170536772,1.19336170536772
0.0641305172502196,0.409690563994084,0.238,0.136,1,"PRKAG2-AS1","Not significant",1.19293525722902,1.19293525722902
0.0642016613489682,0.546108987366024,0.266,0.16,1,"TMEM33","Not significant",1.19245373352999,1.19245373352999
0.0643506683080761,-0.874523773857655,0.057,0.111,1,"SEMA3C","Not significant",1.19144693840991,1.19144693840991
0.0644139375425893,0.71292073874375,0.337,0.235,1,"MAGED2","Not significant",1.19102015215986,1.19102015215986
0.0644219404869789,0.627378150267467,0.266,0.173,1,"CCND3","Not significant",1.19096619770797,1.19096619770797
0.0644489297687288,0.44795539931321,0.33,0.21,1,"COX19","Not significant",1.19078429009327,1.19078429009327
0.0644521421268365,-0.834829813536366,0.333,0.395,1,"ATXN1","Not significant",1.19076264389003,1.19076264389003
0.0644870806277005,-1.29757927075122,0.121,0.185,1,"SPINT1","Not significant",1.19052728341277,1.19052728341277
0.0645957522697087,0.25708432191721,0.413,0.284,1,"LSM3","Not significant",1.18979603969036,1.18979603969036
0.0646017092642433,0.590652998793201,0.176,0.086,1,"FBXL3","Not significant",1.1897559910729,1.1897559910729
0.0646105853852926,-0.294251828373154,0.126,0.049,1,"HIPK1-AS1","Not significant",1.189696324144,1.189696324144
0.0647984039462328,-0.842807308108651,0.105,0.173,1,"CNST","Not significant",1.18843569113373,1.18843569113373
0.0650320216142513,1.21314523747713,0.102,0.037,1,"SLC35E4","Not significant",1.18687274511147,1.18687274511147
0.0650940321375539,0.957339576122981,0.221,0.136,1,"CPSF6","Not significant",1.18645882600224,1.18645882600224
0.0652712440728175,-1.85692227241914,0.059,0.111,1,"STIM1","Not significant",1.18527810955298,1.18527810955298
0.0653075495489533,-0.846792540167043,0.302,0.37,1,"SUPT6H","Not significant",1.18503661140588,1.18503661140588
0.0653739152112664,-0.436078367644741,0.107,0.037,1,"PSMD5","Not significant",1.18459550457469,1.18459550457469
0.0654179933608065,0.657787307345169,0.143,0.062,1,"CDKN2B","Not significant",1.18430278160655,1.18430278160655
0.0655469289880564,-1.38209089334224,0.259,0.333,1,"MMP9","Not significant",1.1834476511102,1.1834476511102
0.0655711056881384,-0.0146188996943648,0.285,0.383,1,"AREG","Not significant",1.18328749301171,1.18328749301171
0.0659124371960334,0.311968029934036,0.477,0.333,1,"ZNF622","Not significant",1.18103262947317,1.18103262947317
0.0659441257065315,0.43053216517604,0.539,0.395,1,"ABR","Not significant",1.18082388528614,1.18082388528614
0.0659558367830321,0.5748395683953,0.124,0.049,1,"PPFIBP2","Not significant",1.1807467653868,1.1807467653868
0.066136350222298,1.52115943034561,0.119,0.049,1,"TNFRSF4","Not significant",1.17955977558579,1.17955977558579
0.0661555042772051,0.401180351179575,0.553,0.432,1,"RTRAF","Not significant",1.17943401575814,1.17943401575814
0.0661923445364708,-0.839710273179763,0.064,0.123,1,"CPNE8","Not significant",1.17919223590501,1.17919223590501
0.0662712577318443,0.319652178374543,0.226,0.123,1,"NAAA","Not significant",1.17867478705465,1.17867478705465
0.0664154029311584,-1.26440505737128,0.067,0.123,1,"FBXO42","Not significant",1.17773118821858,1.17773118821858
0.066451908341884,0.222896786450105,0.703,0.568,1,"SRRM1","Not significant",1.17749254263021,1.17749254263021
0.0666157897399125,0.158977582531397,0.884,0.79,1,"HLA-DMA","Not significant",1.17642281911564,1.17642281911564
0.0666200826160839,0.741212637644706,0.2,0.111,1,"MVD","Not significant",1.17639483307253,1.17639483307253
0.0667268918601236,-0.732554201000687,0.304,0.383,1,"VPS13C","Not significant",1.17569910412323,1.17569910412323
0.0668617410279169,0.524295008029193,0.124,0.049,1,"SURF2","Not significant",1.17482231890449,1.17482231890449
0.0669427734704535,-0.37072697464073,0.886,0.926,1,"CSTB","Not significant",1.17429629858174,1.17429629858174
0.0669559959149426,0.483061885976468,0.247,0.148,1,"CLK3","Not significant",1.17421052580393,1.17421052580393
0.0669597709429308,-0.848732700641527,0.223,0.309,1,"ENGASE","Not significant",1.17418604065385,1.17418604065385
0.0672972820510062,-0.210029115929144,0.81,0.864,1,"FCGR3A","Not significant",1.17200247536125,1.17200247536125
0.0678214341031831,-0.360589801903568,0.494,0.568,1,"CORO1B","Not significant",1.16863303118262,1.16863303118262
0.0678984848604388,-0.23064358233395,0.679,0.765,1,"LHFPL2","Not significant",1.16813991679597,1.16813991679597
0.0679856820722914,-0.901912138335349,0.145,0.222,1,"VPS53","Not significant",1.16758254099572,1.16758254099572
0.0680149337992526,-1.27308768633938,0.076,0.136,1,"ELAC2","Not significant",1.16739572031524,1.16739572031524
0.0680479785909084,1.17467620121977,0.133,0.062,1,"TATDN3","Not significant",1.16718477126672,1.16718477126672
0.0681954638940745,-1.03791036373822,0.074,0.136,1,"C16orf70","Not significant",1.16624451201933,1.16624451201933
0.0684158261637717,-0.430980663983874,0.639,0.716,1,"STX4","Not significant",1.16484342429498,1.16484342429498
0.0684472941631951,0.595890856997998,0.19,0.099,1,"LRCH1","Not significant",1.16464371558288,1.16464371558288
0.0684497725607617,-0.731703343479146,0.299,0.37,1,"SHISA5","Not significant",1.16462799056535,1.16462799056535
0.0685407474451037,-0.934318610031253,0.128,0.198,1,"SLC44A1","Not significant",1.16405116384671,1.16405116384671
0.0685872327061246,0.903767506940854,0.192,0.111,1,"PPIE","Not significant",1.16375671929787,1.16375671929787
0.0686740337785425,-0.479350738192042,0.558,0.58,1,"PPDPF","Not significant",1.1632074422474,1.1632074422474
0.0686888370550393,-0.235390019918308,0.694,0.778,1,"ADM","Not significant",1.16311383643845,1.16311383643845
0.0687060273466095,-0.303314295077311,0.865,0.901,1,"PLIN2","Not significant",1.16300516208818,1.16300516208818
0.0687167954140838,1.29946924691452,0.147,0.074,1,"INO80D","Not significant",1.16293710188972,1.16293710188972
0.0689236949402782,0.639811279864417,0.157,0.074,1,"CDK6","Not significant",1.16163144844456,1.16163144844456
0.0690185605565199,1.14766242360539,0.102,0.037,1,"TUSC1","Not significant",1.16103410254785,1.16103410254785
0.069064743069495,0.430342217426485,0.473,0.358,1,"ZC3H12A","Not significant",1.16074359948533,1.16074359948533
0.0692917253447293,-1.53598012480587,0.059,0.111,1,"CAPS","Not significant",1.1593186247199,1.1593186247199
0.0694860883872344,0.258933977880331,0.648,0.506,1,"COX7B","Not significant",1.15810213557417,1.15810213557417
0.0695436553051307,-0.487424787553865,0.667,0.667,1,"NUFIP2","Not significant",1.15774248596902,1.15774248596902
0.0695695459694663,1.10265083850467,0.164,0.086,1,"RNF113A","Not significant",1.15758083096172,1.15758083096172
0.0696180342951139,0.194132339827938,0.214,0.111,1,"MRPL22","Not significant",1.15727824343089,1.15727824343089
0.0697224509993885,0.72750180394468,0.197,0.111,1,"PDS5A","Not significant",1.15662735425281,1.15662735425281
0.0697766291275774,0.377317384698907,0.409,0.284,1,"OSBPL8","Not significant",1.1562900149202,1.1562900149202
0.0698622288287498,-0.455761426993964,0.447,0.519,1,"PEPD","Not significant",1.15575756309307,1.15575756309307
0.0698671017467972,0.75433856650531,0.166,0.086,1,"ABHD11","Not significant",1.15572727193787,1.15572727193787
0.069875757485291,0.605530161913578,0.247,0.148,1,"CCS","Not significant",1.15567347112843,1.15567347112843
0.0698912513352941,0.73563272044594,0.119,0.049,1,"ICAM2","Not significant",1.15557718383368,1.15557718383368
0.0700024028097749,0.308684111075199,0.325,0.21,1,"MTMR14","Not significant",1.15488705271265,1.15488705271265
0.0700459642268297,0.89038033126114,0.102,0.037,1,"DAPP1","Not significant",1.15461688199861,1.15461688199861
0.0700459642268297,0.921352400819631,0.102,0.037,1,"NSUN6","Not significant",1.15461688199861,1.15461688199861
0.0701438032324067,0.508929904779396,0.361,0.247,1,"TM6SF1","Not significant",1.15401069015015,1.15401069015015
0.0702641158862645,-0.645796132510812,0.264,0.358,1,"VTI1B","Not significant",1.15326641397556,1.15326641397556
0.0703175568699298,-0.676096349535476,0.178,0.259,1,"PTPA","Not significant",1.15293622690386,1.15293622690386
0.0703757160728425,-1.29493406877647,0.1,0.16,1,"IFT27","Not significant",1.15257717317219,1.15257717317219
0.0704046819566458,0.180285675479715,0.192,0.099,1,"PDE3B","Not significant",1.15239845903509,1.15239845903509
0.0704171174032016,0.520758331676323,0.382,0.272,1,"RNF166","Not significant",1.15232175719123,1.15232175719123
0.0705643537085535,0.805448291607343,0.102,0.037,1,"HDAC7","Not significant",1.1514146317698,1.1514146317698
0.070605586176998,0.578671363344571,0.261,0.16,1,"RPS6KA3","Not significant",1.15116093705201,1.15116093705201
0.0706678508375884,-1.35699059513411,0.078,0.136,1,"TJAP1","Not significant",1.15077811632033,1.15077811632033
0.0708568315747781,0.927563289770386,0.119,0.049,1,"NOL9","Not significant",1.14961827142642,1.14961827142642
0.0709379634126938,-0.348000646886142,0.449,0.531,1,"SERPING1","Not significant",1.14912128402485,1.14912128402485
0.0709705538506149,-1.74987808823149,0.069,0.123,1,"AC243829.4","Not significant",1.1489218055457,1.1489218055457
0.0710447048224091,0.802513734408632,0.183,0.099,1,"MAP4K5","Not significant",1.14846828581683,1.14846828581683
0.0711023996624153,-0.465454106117453,0.475,0.543,1,"DOK2","Not significant",1.14811574185027,1.14811574185027
0.0712999547013609,0.564883089597561,0.185,0.099,1,"TBC1D7","Not significant",1.14691074606616,1.14691074606616
0.0713057265505739,0.419675298745203,0.124,0.049,1,"LACTB2","Not significant",1.14687559063276,1.14687559063276
0.0713842500927687,-0.319622967953114,0.556,0.617,1,"SLC16A3","Not significant",1.14639759848055,1.14639759848055
0.0714393076133942,-0.356387107352033,0.629,0.654,1,"GNB2","Not significant",1.146062763262,1.146062763262
0.0714658649231204,-1.08219839857884,0.076,0.136,1,"SENP7","Not significant",1.14590134582698,1.14590134582698
0.0714975686461126,0.44518075365813,0.266,0.16,1,"APOPT1","Not significant",1.14570872661193,1.14570872661193
0.0715762068883049,0.406254179780839,0.686,0.617,1,"ARID5B","Not significant",1.14523132035125,1.14523132035125
0.0715881729501918,0.911571296052459,0.119,0.049,1,"ZNF350","Not significant",1.14515872136168,1.14515872136168
0.0716937322367697,1.12958570726861,0.1,0.037,1,"POLD4","Not significant",1.14451881049633,1.14451881049633
0.0717542879963251,0.204413292177095,0.613,0.457,1,"SSR3","Not significant",1.14415214062188,1.14415214062188
0.0717773100872952,-0.381113142792761,0.772,0.815,1,"MT-ND4L","Not significant",1.14401282123452,1.14401282123452
0.0718333235820565,0.892008599110689,0.119,0.049,1,"RABIF","Not significant",1.1436740391778,1.1436740391778
0.0718632820824,-0.576048887416291,0.387,0.469,1,"CORO7","Not significant",1.14349295192784,1.14349295192784
0.0719601597427763,1.28205875216378,0.1,0.037,1,"CASP9","Not significant",1.14290788124465,1.14290788124465
0.0720049478567935,0.230604436788092,0.33,0.21,1,"LTBR","Not significant",1.14263765977606,1.14263765977606
0.0720783391442725,-0.411787537800729,0.354,0.457,1,"PJA2","Not significant",1.14219522908765,1.14219522908765
0.0721656399983996,0.688579984379812,0.23,0.136,1,"PPP1R12C","Not significant",1.14166953249958,1.14166953249958
0.0722433638939066,-0.319526902964821,0.568,0.593,1,"RNF213","Not significant",1.14120204001254,1.14120204001254
0.0722487642269418,0.297850348200416,0.955,0.951,1,"MARCKS","Not significant",1.14116957686221,1.14116957686221
0.0722697321418448,0.549746693312157,0.366,0.259,1,"SLC25A39","Not significant",1.14104355493378,1.14104355493378
0.0722739382135181,0.437686547920733,0.171,0.086,1,"TAF11","Not significant",1.1410182798911,1.1410182798911
0.0722822820939553,-1.02162875535643,0.076,0.136,1,"ZDHHC8","Not significant",1.14096814436282,1.14096814436282
0.0722825451224727,-1.17444345980429,0.131,0.198,1,"LACC1","Not significant",1.14096656400837,1.14096656400837
0.0723856640312541,0.80803945671481,0.133,0.062,1,"PPM1K","Not significant",1.1403474372367,1.1403474372367
0.0724085894568328,0.135275604185379,0.454,0.346,1,"SLC25A37","Not significant",1.14020991263655,1.14020991263655
0.0725595348977275,-0.501077166193584,0.157,0.074,1,"HCAR2","Not significant",1.13930550974066,1.13930550974066
0.0726180503769748,-0.884439461879211,0.057,0.111,1,"COQ5","Not significant",1.13895541504703,1.13895541504703
0.0727643117251199,0.496199254758774,0.1,0.037,1,"ATG4D","Not significant",1.13808157427395,1.13808157427395
0.0728716662358278,-0.453183356487028,0.537,0.593,1,"SLA","Not significant",1.13744130006829,1.13744130006829
0.0729967827845488,1.20817788772621,0.15,0.074,1,"HINT3","Not significant",1.13669628028649,1.13669628028649
0.0730104235917982,-0.505752540304347,0.112,0.185,1,"LSMEM1","Not significant",1.13661513186264,1.13661513186264
0.0730915906118935,-1.24272466940177,0.078,0.136,1,"WWP1","Not significant",1.13613258694006,1.13613258694006
0.073146791195815,-0.559506127930877,0.501,0.568,1,"ATP6V0A1","Not significant",1.13580472075558,1.13580472075558
0.0732150246437294,0.439616850464444,0.451,0.333,1,"SRSF4","Not significant",1.13539978710691,1.13539978710691
0.0733766548221797,-0.63600104313646,0.28,0.358,1,"ACER3","Not significant",1.13444209123616,1.13444209123616
0.0734060014621759,-0.289006168652208,0.644,0.667,1,"TGOLN2","Not significant",1.13426843197279,1.13426843197279
0.0734386423710433,-1.04531332380395,0.143,0.21,1,"UAP1L1","Not significant",1.13407536035004,1.13407536035004
0.0736622304323953,-1.00029101911233,0.107,0.173,1,"CALCOCO1","Not significant",1.13275513519851,1.13275513519851
0.0737859352115518,0.20822224147835,0.192,0.099,1,"YIPF5","Not significant",1.13202641381573,1.13202641381573
0.0738417942480549,0.544262116952273,0.138,0.062,1,"IMPA1","Not significant",1.13169775913054,1.13169775913054
0.0738755556796976,0.516508265602931,0.245,0.148,1,"ADNP2","Not significant",1.13149923940722,1.13149923940722
0.0738952738486128,0.970002248344163,0.15,0.074,1,"GABARAP","Not significant",1.13138333707343,1.13138333707343
0.0739393538438325,0.745734852958106,0.803,0.765,1,"TXN","Not significant",1.13112434904671,1.13112434904671
0.0740682360142305,0.985657917311408,0.116,0.049,1,"FAHD1","Not significant",1.13036799824578,1.13036799824578
0.0742084860297686,0.781077061113791,0.152,0.074,1,"MAT2B","Not significant",1.12954642861354,1.12954642861354
0.0742295714036684,0.900005624588761,0.164,0.086,1,"CCDC43","Not significant",1.12942304702591,1.12942304702591
0.0742758435833467,0.374620680073996,0.154,0.074,1,"PIGA","Not significant",1.1291524070233,1.1291524070233
0.0743612276291324,0.912104432541091,0.221,0.136,1,"TRIM56","Not significant",1.12865344907554,1.12865344907554
0.0744236447686804,-0.687850075657108,0.295,0.358,1,"MRPL33","Not significant",1.12828906497607,1.12828906497607
0.0745589917835982,-0.305629861736642,0.176,0.259,1,"HCAR3","Not significant",1.12749997331744,1.12749997331744
0.0746157247908658,-0.787482257045105,0.252,0.321,1,"UQCC2","Not significant",1.12716963807361,1.12716963807361
0.0746483141706604,-0.436703220841368,0.518,0.593,1,"LMAN2","Not significant",1.1269799957708,1.1269799957708
0.0747583739193461,-0.960916295841145,0.178,0.247,1,"SUPT7L","Not significant",1.12634015359518,1.12634015359518
0.074769256903776,0.710248509078094,0.195,0.111,1,"CCDC186","Not significant",1.12627693557899,1.12627693557899
0.0748222124366874,0.586536259470988,0.171,0.086,1,"HRAS","Not significant",1.12596945418594,1.12596945418594
0.0750377369843312,0.240385943505108,0.316,0.198,1,"CERS2","Not significant",1.1247202720442,1.1247202720442
0.0750760961724695,0.237466394088353,0.432,0.284,1,"UQCRFS1","Not significant",1.12449831802769,1.12449831802769
0.0750823582751081,-0.338938851945287,0.515,0.593,1,"RTN3","Not significant",1.12446209500405,1.12446209500405
0.0751016558420257,0.541263403948887,0.216,0.123,1,"INTS10","Not significant",1.12435048756138,1.12435048756138
0.0751437314955795,0.41845720315402,0.183,0.099,1,"ALPK3","Not significant",1.1241072424946,1.1241072424946
0.0751487979674045,-0.744201852254193,0.247,0.333,1,"CD93","Not significant",1.1240779617211,1.1240779617211
0.0751721985599779,-0.528493094466782,0.439,0.494,1,"BMP2K","Not significant",1.12394274776503,1.12394274776503
0.0753334544676728,0.372291229421119,0.629,0.506,1,"BAZ1A","Not significant",1.12301211723687,1.12301211723687
0.0753557447466923,0.415428351079561,0.245,0.148,1,"PIGP","Not significant",1.12288363363885,1.12288363363885
0.0755054534594212,0.320492724135218,0.777,0.716,1,"BZW1","Not significant",1.12202167987013,1.12202167987013
0.0755137815092868,-1.1037393285476,0.157,0.222,1,"G6PC3","Not significant",1.12197378099015,1.12197378099015
0.0755447202277057,0.296118990879569,0.672,0.556,1,"C6orf48","Not significant",1.12179588282858,1.12179588282858
0.0755669496582701,0.273175175201733,0.644,0.531,1,"TMEM165","Not significant",1.12166810819533,1.12166810819533
0.0756633064398253,-1.66734732563502,0.235,0.296,1,"FOXK2","Not significant",1.12111468422759,1.12111468422759
0.0756693666517527,0.318673375860836,0.252,0.148,1,"SSH1","Not significant",1.12107990103706,1.12107990103706
0.0759232744966996,0.554660274272798,0.102,0.037,1,"CERS4","Not significant",1.11962506947986,1.11962506947986
0.0759716300095162,0.539832588385696,0.266,0.173,1,"SAFB","Not significant",1.1193485554893,1.1193485554893
0.0760886556337525,0.69046677921463,0.178,0.099,1,"PPM1B","Not significant",1.11868008912853,1.11868008912853
0.0761691406192442,-0.00906089360390827,0.416,0.284,1,"PAG1","Not significant",1.1182209443203,1.1182209443203
0.0761997071342079,0.435922295601572,0.102,0.037,1,"TRPT1","Not significant",1.11804669782368,1.11804669782368
0.0763939579322629,0.421041320843708,0.273,0.173,1,"WDR45","Not significant",1.11694098881231,1.11694098881231
0.076422375469761,0.80194008426736,0.214,0.123,1,"HHEX","Not significant",1.11677946707452,1.11677946707452
0.0764585966635373,0.555570005324013,0.454,0.346,1,"IRAK2","Not significant",1.11657367737212,1.11657367737212
0.0764673042625703,-0.305271912179292,0.917,0.938,1,"FUS","Not significant",1.11652421992649,1.11652421992649
0.0766451201438231,0.783468037478282,0.15,0.074,1,"GMPS","Not significant",1.11551549067359,1.11551549067359
0.0766945304489867,0.564016606271051,0.249,0.148,1,"RBBP7","Not significant",1.11523560711391,1.11523560711391
0.0768514904822787,0.69386608618247,0.368,0.259,1,"AC103591.3","Not significant",1.11434770523708,1.11434770523708
0.0768752392430812,-0.55997273879531,0.468,0.531,1,"ALCAM","Not significant",1.11421351964855,1.11421351964855
0.0769130690601614,0.192641818735561,0.496,0.358,1,"ARHGAP26","Not significant",1.11399985865804,1.11399985865804
0.0769760430906254,-1.43108329896265,0.059,0.111,1,"SLC2A13","Not significant",1.11364441732657,1.11364441732657
0.0770014141441215,-0.820743715229528,0.145,0.222,1,"RSBN1L","Not significant",1.11350129886195,1.11350129886195
0.0770014141441215,-1.0037819739593,0.147,0.21,1,"MYSM1","Not significant",1.11350129886195,1.11350129886195
0.0770360567278369,0.384406647707897,0.397,0.272,1,"SDHB","Not significant",1.11330595570142,1.11330595570142
0.0770886128549251,0.559969758019775,0.264,0.16,1,"TINF2","Not significant",1.11300976902434,1.11300976902434
0.0773096174631336,0.267658946236323,0.575,0.444,1,"SNHG15","Not significant",1.11176647566309,1.11176647566309
0.0774500218039192,0.147664286583207,1,1,1,"HSP90AA1","Not significant",1.11097845564112,1.11097845564112
0.0775070250890222,0.319887820035131,0.185,0.099,1,"CCDC112","Not significant",1.11065893208561,1.11065893208561
0.0775557208033429,-0.502614413807801,0.47,0.519,1,"GLUD1","Not significant",1.11038616146497,1.11038616146497
0.077561528318747,-0.701647137268191,0.582,0.58,1,"RSRP1","Not significant",1.11035364191078,1.11035364191078
0.0775800665440792,0.891915858155181,0.15,0.074,1,"DHRS9","Not significant",1.11024985222096,1.11024985222096
0.0776489238718646,0.178336485176334,0.152,0.074,1,"ZNF317","Not significant",1.10986455873452,1.10986455873452
0.0777616336623952,0.609821295096932,0.292,0.198,1,"TMEM109","Not significant",1.10923462407058,1.10923462407058
0.0778515990305886,0.240043883401128,0.577,0.42,1,"ARL8B","Not significant",1.10873246282574,1.10873246282574
0.0779431318276756,-1.18213971324204,0.059,0.111,1,"ZNF395","Not significant",1.10822214783571,1.10822214783571
0.0781670833030809,0.220516146653864,0.466,0.321,1,"SF3B6","Not significant",1.10697609284024,1.10697609284024
0.0781782001491064,0.0901656372563536,0.363,0.247,1,"FAM177A1","Not significant",1.10691433229606,1.10691433229606
0.0782045164405528,1.40620289235386,0.143,0.074,1,"AC093673.1","Not significant",1.10676816498913,1.10676816498913
0.0782214345683492,0.892313264960064,0.116,0.049,1,"CDK5RAP1","Not significant",1.1066742234209,1.1066742234209
0.0782253529076754,0.314598421107127,0.29,0.185,1,"LSM14A","Not significant",1.10665246889113,1.10665246889113
0.0782915207394787,0.677615294297272,0.226,0.136,1,"MORC3","Not significant",1.10628527108972,1.10628527108972
0.0783113923884912,0.355423121362755,0.135,0.062,1,"PHF19","Not significant",1.10617505414181,1.10617505414181
0.0783892990779911,-0.589280994970472,0.195,0.284,1,"USP38","Not significant",1.10574321880243,1.10574321880243
0.0783977911478751,0.330992310224171,0.278,0.173,1,"IREB2","Not significant",1.10569617335897,1.10569617335897
0.0784101853466079,-1.07872639380976,0.109,0.173,1,"BNC2","Not significant",1.10562751955386,1.10562751955386
0.0786573224203765,0.27859991105093,0.482,0.346,1,"EVL","Not significant",1.10426084152464,1.10426084152464
0.0786603605711311,-0.73674745120172,0.314,0.383,1,"PNPLA2","Not significant",1.10424406715976,1.10424406715976
0.0787982906063152,-0.892699580843106,0.076,0.136,1,"TFCP2L1","Not significant",1.10348320368173,1.10348320368173
0.0789249348490274,0.454927381840287,0.34,0.235,1,"TIAL1","Not significant",1.1027857679371,1.1027857679371
0.0789960690760619,0.532111743271809,0.183,0.099,1,"CCDC84","Not significant",1.10239451910259,1.10239451910259
0.0790020677836765,1.34678216373748,0.112,0.049,1,"C11orf1","Not significant",1.10236154142743,1.10236154142743
0.0791348508703862,1.01128226061384,0.195,0.111,1,"OAS2","Not significant",1.10163221173148,1.10163221173148
0.0791705145172742,-0.820058135459182,0.221,0.296,1,"FCHO2","Not significant",1.10143653263655,1.10143653263655
0.0792194032933543,0.174158907695824,0.625,0.457,1,"UGCG","Not significant",1.10116843316853,1.10116843316853
0.0794456593475523,0.448539212539785,0.169,0.086,1,"SLC35D2","Not significant",1.09992982624645,1.09992982624645
0.0794599041320714,0.534001353326156,0.466,0.346,1,"AC058791.1","Not significant",1.0998519632542,1.0998519632542
0.0794860948322594,0.958806734035667,0.233,0.148,1,"N4BP2L1","Not significant",1.09970883946692,1.09970883946692
0.0795176214801691,-0.370718413460913,0.534,0.63,1,"AHNAK","Not significant",1.09953661897149,1.09953661897149
0.0798564274468525,0.500920322553515,0.23,0.136,1,"GPR132","Not significant",1.09769012282717,1.09769012282717
0.0798749911011281,0.689707748259077,0.166,0.086,1,"PRPF4","Not significant",1.09758917721828,1.09758917721828
0.0799541016537882,-1.1333325756017,0.088,0.148,1,"SETD7","Not significant",1.09715925199386,1.09715925199386
0.080049416197432,0.317047108875728,0.154,0.074,1,"ENDOG","Not significant",1.09664183105459,1.09664183105459
0.080049416197432,0.427743312245433,0.154,0.074,1,"CFAP20","Not significant",1.09664183105459,1.09664183105459
0.0802381742557799,-1.21065882066552,0.059,0.111,1,"KIF13A","Not significant",1.09561896183785,1.09561896183785
0.0805861173141931,0.399844641978863,0.119,0.049,1,"NIPSNAP3A","Not significant",1.09373976828346,1.09373976828346
0.0806488490469174,1.42182184445135,0.112,0.049,1,"CMPK2","Not significant",1.09340182611928,1.09340182611928
0.0809359800412536,1.0362861816479,0.114,0.049,1,"BRAP","Not significant",1.09185837011071,1.09185837011071
0.0810065374778235,0.184438198109316,0.252,0.148,1,"CDK9","Not significant",1.09147993080067,1.09147993080067
0.081286376938691,0.421758271068148,0.325,0.21,1,"ARF5","Not significant",1.08998223320177,1.08998223320177
0.0813987540558398,0.303410867104657,0.228,0.136,1,"ADNP","Not significant",1.08938224266381,1.08938224266381
0.0814607839351655,0.424721923308154,0.152,0.074,1,"B4GALT4","Not significant",1.0890514148113,1.0890514148113
0.0815120688792217,-1.38151890566579,0.081,0.136,1,"SLF2","Not significant",1.08877808378028,1.08877808378028
0.0816031140502609,-0.903719089588642,0.202,0.272,1,"TARDBP","Not significant",1.08829326785104,1.08829326785104
0.0817854932197756,-0.961541997677247,0.173,0.247,1,"IQSEC1","Not significant",1.0873237228974,1.0873237228974
0.0820262732937632,0.268354634593729,0.732,0.642,1,"EIF3K","Not significant",1.08604701933676,1.08604701933676
0.0820366024089126,-1.16227039872765,0.069,0.123,1,"KRT18","Not significant",1.08599233447647,1.08599233447647
0.0822168781283141,-0.670714566106439,0.361,0.432,1,"G3BP1","Not significant",1.08503901791552,1.08503901791552
0.0822583889669883,0.140813170799865,0.432,0.284,1,"WBP11","Not significant",1.08481980041399,1.08481980041399
0.0826265081968314,-0.929177759224481,0.188,0.272,1,"PEAK1","Not significant",1.082880600177,1.082880600177
0.0826419426331156,-0.697156310977651,0.24,0.309,1,"CALCOCO2","Not significant",1.08279948257113,1.08279948257113
0.082674520585041,-0.321983759941041,0.584,0.654,1,"GRINA","Not significant",1.08262831480404,1.08262831480404
0.0827014776111688,0.813261894850479,0.24,0.148,1,"SF3A3","Not significant",1.08248673092334,1.08248673092334
0.0827725293438677,-0.558481741296802,0.28,0.358,1,"ALKBH5","Not significant",1.08211377352773,1.08211377352773
0.0827891087421386,-0.610426760753426,0.325,0.383,1,"RNPEP","Not significant",1.08202679273569,1.08202679273569
0.0829101743457871,0.203408967867705,0.171,0.086,1,"IQCG","Not significant",1.08139217160772,1.08139217160772
0.0830190537091828,0.730083894838877,0.254,0.16,1,"SLC25A25","Not significant",1.08082222122517,1.08082222122517
0.0830804581873044,-1.041200449083,0.088,0.148,1,"BRD1","Not significant",1.0805011170037,1.0805011170037
0.08312121262223,-0.237403330950458,0.173,0.086,1,"UNC5B","Not significant",1.08028812965562,1.08028812965562
0.0831617674791337,0.974298786073914,0.114,0.049,1,"PTCRA","Not significant",1.08007628896205,1.08007628896205
0.0831814344746612,0.471197188245319,0.211,0.123,1,"ORAI2","Not significant",1.07997359444165,1.07997359444165
0.083270621500806,0.686372558499241,0.207,0.123,1,"EBNA1BP2","Not significant",1.07950819391786,1.07950819391786
0.0833491602592874,-1.58654576714638,0.062,0.111,1,"ASXL2","Not significant",1.07909877132002,1.07909877132002
0.0833544299458217,0.960925624908499,0.164,0.086,1,"HES6","Not significant",1.07907131425348,1.07907131425348
0.0834214931218233,-0.557445694082587,0.449,0.506,1,"TRAM1","Not significant",1.07872204118923,1.07872204118923
0.0834470876916645,0.350604448386001,0.496,0.37,1,"USP16","Not significant",1.07858881562356,1.07858881562356
0.0834488623182937,0.527092752449283,0.181,0.099,1,"SNRNP25","Not significant",1.07857957980265,1.07857957980265
0.0835103661254416,0.342646467899074,0.394,0.284,1,"LUZP1","Not significant",1.07825961228103,1.07825961228103
0.0836050071875767,-0.653981458482985,0.164,0.247,1,"NF1","Not significant",1.07776771145077,1.07776771145077
0.0836106740695537,0.664026008583918,0.211,0.123,1,"CRTC2","Not significant",1.07773827526925,1.07773827526925
0.0836184570527385,0.253214646915219,0.268,0.16,1,"THOC2","Not significant",1.07769785041469,1.07769785041469
0.0840229703781401,0.669058190165721,0.361,0.259,1,"ENTPD1","Not significant",1.07560196935798,1.07560196935798
0.0840289612975081,-1.42460916205017,0.102,0.16,1,"PRKAA1","Not significant",1.07557100484364,1.07557100484364
0.0840548444715625,0.106984103839186,0.192,0.099,1,"TRIM33","Not significant",1.07543725109261,1.07543725109261
0.0841074772002343,0.30618889892015,0.591,0.444,1,"SELENOT","Not significant",1.07516539347136,1.07516539347136
0.0842198418191489,0.973896330441791,0.159,0.086,1,"ARHGEF10L","Not significant",1.07458557860247,1.07458557860247
0.0842426281807733,0.808706250713345,0.131,0.062,1,"POMGNT1","Not significant",1.07446809259889,1.07446809259889
0.0843458158860274,0.672172823223149,0.178,0.099,1,"TIA1","Not significant",1.07393645643799,1.07393645643799
0.0843732440748662,0.417105839045108,0.42,0.309,1,"CYC1","Not significant",1.07379525234203,1.07379525234203
0.0844745340700187,0.650764511365438,0.211,0.123,1,"MIIP","Not significant",1.07327419495263,1.07327419495263
0.084502752280609,0.525462897067735,0.359,0.247,1,"MRPS21","Not significant",1.07312914571522,1.07312914571522
0.0845291278634052,-0.379512184991281,0.815,0.827,1,"CAPZB","Not significant",1.07299361187215,1.07299361187215
0.0845577205605848,0.377958691289596,0.29,0.185,1,"LSM5","Not significant",1.0728467329062,1.0728467329062
0.0845673857294043,0.520618980754621,0.606,0.494,1,"PTPN1","Not significant",1.07279709474683,1.07279709474683
0.0846241615096352,-1.1721610567335,0.112,0.173,1,"DCAF10","Not significant",1.07250562145058,1.07250562145058
0.084777653886511,1.03837087220573,0.131,0.062,1,"SQLE","Not significant",1.07171860614761,1.07171860614761
0.0848259761160027,-0.70077276500454,0.435,0.469,1,"SKI","Not significant",1.07147113410719,1.07147113410719
0.0848301690102234,-0.392788415641352,0.506,0.568,1,"WIPF1","Not significant",1.07144966773682,1.07144966773682
0.0848542848968095,-0.843859311327275,0.097,0.16,1,"AC132192.2","Not significant",1.07132622217301,1.07132622217301
0.08511957961303,-1.49241993017505,0.081,0.136,1,"MVB12B","Not significant",1.0699705299291,1.0699705299291
0.0852706657761989,0.232196060570429,0.304,0.198,1,"OGFR","Not significant",1.06920034611954,1.06920034611954
0.0852719393149878,0.249251214702865,0.933,0.877,1,"MS4A7","Not significant",1.06919385987092,1.06919385987092
0.0853009027479208,0.282628680243107,0.181,0.099,1,"LRRK1","Not significant",1.06904637262655,1.06904637262655
0.0854270568469693,1.47374679213654,0.333,0.247,1,"RRAD","Not significant",1.06840455579481,1.06840455579481
0.0854417606124447,0.300739311710456,0.549,0.444,1,"PILRA","Not significant",1.06832981115363,1.06832981115363
0.0854610608108344,0.248643745818102,0.247,0.148,1,"LSM1","Not significant",1.06823172067594,1.06823172067594
0.0854673886223471,0.333977141165974,0.295,0.185,1,"PRKCD","Not significant",1.06819956530763,1.06819956530763
0.0855352072724845,0.28299276307105,0.2,0.111,1,"FBXL12","Not significant",1.06785508788125,1.06785508788125
0.0856074466174948,-0.646180884351309,0.254,0.333,1,"RABGEF1","Not significant",1.06748845630152,1.06748845630152
0.0858415686611045,1.3048761864293,0.221,0.148,1,"BIRC3","Not significant",1.06630235471129,1.06630235471129
0.085864601938219,0.962824619876682,0.147,0.074,1,"SYNJ2","Not significant",1.06618583909422,1.06618583909422
0.0860284357326934,0.404696237283263,0.166,0.086,1,"EIF2B5","Not significant",1.06535797386595,1.06535797386595
0.0861055983046818,0.223127541637483,0.85,0.765,1,"GNG5","Not significant",1.06496861122008,1.06496861122008
0.0862315560712343,0.588614169794073,0.133,0.062,1,"PLAGL1","Not significant",1.06433377686987,1.06433377686987
0.0862725495954786,-0.808079710425076,0.143,0.21,1,"AP1S1","Not significant",1.06412736715412,1.06412736715412
0.0864307722181507,0.699088982940125,0.306,0.222,1,"CD58","Not significant",1.0633316067664,1.0633316067664
0.0864319986877794,0.767028611561347,0.587,0.519,1,"C12orf57","Not significant",1.06332544408615,1.06332544408615
0.0867641483303045,-0.26770855345405,0.53,0.58,1,"ARHGAP4","Not significant",1.06165969185965,1.06165969185965
0.0868171919754819,0.901791790079069,0.128,0.062,1,"BTN2A1","Not significant",1.06139426513721,1.06139426513721
0.0868207444522611,0.253624589137769,0.613,0.519,1,"GLRX","Not significant",1.06137649458436,1.06137649458436
0.0868869802249687,0.462634868156016,0.197,0.111,1,"PDHB","Not significant",1.06104529650968,1.06104529650968
0.0870582353852901,0.38608617658862,0.508,0.407,1,"PPP2CA","Not significant",1.06019013996059,1.06019013996059
0.0872829364183926,0.489488406986881,0.29,0.185,1,"SMOX","Not significant",1.05907065141086,1.05907065141086
0.0875795460385186,-0.138462191785148,0.922,0.951,1,"ARPC3","Not significant",1.05759731026832,1.05759731026832
0.0877835896527457,0.138083705395917,0.496,0.346,1,"PEA15","Not significant",1.05658666392731,1.05658666392731
0.0878484951434675,-0.135613823435557,0.938,0.975,1,"NAMPT","Not significant",1.05626567362783,1.05626567362783
0.0879098478897463,0.750572411169925,0.207,0.123,1,"WDFY1","Not significant",1.0559624714039,1.0559624714039
0.0879717195765048,-0.477319443292687,0.615,0.63,1,"SNX9","Not significant",1.05565691882508,1.05565691882508
0.0880093436870391,-0.575163759387055,0.266,0.346,1,"DNAJC5","Not significant",1.05547121766454,1.05547121766454
0.0881329070839519,0.44079899525517,0.183,0.099,1,"REST","Not significant",1.05486190433952,1.05486190433952
0.088495386077561,0.205104205459316,0.2,0.111,1,"NSMCE2","Not significant",1.05307937171224,1.05307937171224
0.0886769759505193,0.975123522251865,0.209,0.136,1,"PDCD7","Not significant",1.05218912555299,1.05218912555299
0.0887857793976839,0.456713357791332,0.306,0.21,1,"SMNDC1","Not significant",1.05165658854213,1.05165658854213
0.0890136876210331,-0.288391012942139,0.781,0.778,1,"TPI1","Not significant",1.0505432068245,1.0505432068245
0.0892663918161755,-1.23701890292574,0.188,0.259,1,"RCAN1","Not significant",1.04931201923078,1.04931201923078
0.0893056600706335,0.315760009736811,0.249,0.148,1,"POGZ","Not significant",1.04912101524869,1.04912101524869
0.0895034941991986,-0.358228325899437,0.632,0.642,1,"TPP1","Not significant",1.04816000958008,1.04816000958008
0.0895226051344707,0.344483536102384,0.518,0.42,1,"IL13RA1","Not significant",1.04806728819705,1.04806728819705
0.0896581361136663,-0.986556753534776,0.171,0.235,1,"WSB2","Not significant",1.04741029384368,1.04741029384368
0.0896771477803752,-0.639030198471716,0.456,0.494,1,"SAMHD1","Not significant",1.04731821311316,1.04731821311316
0.0899108467639446,0.444498046831944,0.337,0.235,1,"RNASEH2C","Not significant",1.04618791220927,1.04618791220927
0.0899180229407662,-0.333092584741928,0.843,0.926,1,"RGS2","Not significant",1.04615325065574,1.04615325065574
0.0899381726090147,-0.706020806119064,0.295,0.358,1,"FAM120A","Not significant",1.04605594080503,1.04605594080503
0.089980879918277,-0.491457696526446,0.442,0.506,1,"RNPEPL1","Not significant",1.04584976420686,1.04584976420686
0.0900805811988267,-0.820638293930899,0.487,0.519,1,"FNDC3B","Not significant",1.04536882042091,1.04536882042091
0.0900828867554099,0.780511793805451,0.19,0.111,1,"TLR7","Not significant",1.04535770506536,1.04535770506536
0.0901330096909629,0.355529370005788,0.197,0.111,1,"SNRPA","Not significant",1.045116126877,1.045116126877
0.090138010563531,0.749720634116007,0.114,0.049,1,"PER2","Not significant",1.04509203147488,1.04509203147488
0.0903204245153683,0.312359871629753,0.366,0.247,1,"NEMF","Not significant",1.04421402984916,1.04421402984916
0.0903580878176698,-1.00819069467854,0.112,0.173,1,"SMG9","Not significant",1.04403296831189,1.04403296831189
0.0903972211583801,0.537550996899781,0.546,0.432,1,"EPB41L2","Not significant",1.04384491968095,1.04384491968095
0.0904500771782179,-1.07206821083877,0.081,0.136,1,"AL645608.8","Not significant",1.04359105823413,1.04359105823413
0.0904936767917519,0.848727082937364,0.159,0.086,1,"BORCS8","Not significant",1.04338176588198,1.04338176588198
0.0905990317582877,-0.912775718911321,0.1,0.16,1,"TPD52","Not significant",1.04287644365078,1.04287644365078
0.090709720286178,-0.203949413402943,0.979,0.963,1,"HNRNPA2B1","Not significant",1.04234617225127,1.04234617225127
0.0908283494302616,-1.02986835247535,0.102,0.16,1,"ITFG2","Not significant",1.04177857791602,1.04177857791602
0.091041738587004,-0.784784409204183,0.133,0.198,1,"ATL3","Not significant",1.04075945732496,1.04075945732496
0.0910639831922234,0.767977343331036,0.204,0.123,1,"HLX","Not significant",1.04065335731611,1.04065335731611
0.0911066168827628,0.455885408059565,0.798,0.741,1,"SRSF2","Not significant",1.04045007998294,1.04045007998294
0.0913174498828883,0.213457926806181,0.941,0.938,1,"RPS20","Not significant",1.03944622505361,1.03944622505361
0.0914636083085421,-0.801737097921147,0.287,0.37,1,"MRAS","Not significant",1.0387516693715,1.0387516693715
0.0914777344030767,-0.808124221968349,0.356,0.42,1,"DMXL2","Not significant",1.03868459995102,1.03868459995102
0.0915051953885047,0.204446493009261,0.23,0.136,1,"ARCN1","Not significant",1.03855424730509,1.03855424730509
0.0915485759687807,0.537113208658645,0.164,0.086,1,"TLN2","Not significant",1.03834840672777,1.03834840672777
0.0916021468624996,0.400049927275727,0.57,0.457,1,"RAB2A","Not significant",1.03809434773378,1.03809434773378
0.0916572603994758,-0.600098294724156,0.128,0.198,1,"TLR5","Not significant",1.03783312779352,1.03783312779352
0.0918898188413155,0.177617464178672,0.952,0.914,1,"ITM2B","Not significant",1.0367326046746,1.0367326046746
0.0918968680367557,0.797172952172098,0.214,0.136,1,"C1orf56","Not significant",1.03669928967518,1.03669928967518
0.0919638249795751,-0.314617921151548,0.534,0.605,1,"AP2M1","Not significant",1.03638297375578,1.03638297375578
0.0920542115213837,1.2391112737685,0.126,0.062,1,"FAM122A","Not significant",1.03595633753849,1.03595633753849
0.0920804921080004,0.225502459942529,0.28,0.173,1,"ZMAT2","Not significant",1.03583236836156,1.03583236836156
0.0920873393283623,0.427521998793928,0.209,0.123,1,"HIC1","Not significant",1.03580007488232,1.03580007488232
0.0921282090901882,0.698000775552473,0.292,0.198,1,"PPP2R3C","Not significant",1.03560737114497,1.03560737114497
0.0921533035969501,0.518768191594865,0.451,0.333,1,"TCOF1","Not significant",1.03548909117514,1.03548909117514
0.0922135875197707,-0.713062725765737,0.164,0.235,1,"NUCB2","Not significant",1.03520508165692,1.03520508165692
0.0922637792743336,-0.215373908551733,0.924,0.963,1,"GNAS","Not significant",1.03496875995567,1.03496875995567
0.0923102872901367,-0.692614219546884,0.233,0.309,1,"KCMF1","Not significant",1.03474989740979,1.03474989740979
0.0923127778078501,-0.576359113152817,0.314,0.395,1,"ARHGAP21","Not significant",1.03473818036784,1.03473818036784
0.0924597268968118,-0.55643988285147,0.318,0.383,1,"CREBL2","Not significant",1.03404739369464,1.03404739369464
0.0926449018796791,-0.119755697474425,0.679,0.728,1,"PRDX6","Not significant",1.03317847430991,1.03317847430991
0.0928567072197795,0.535488195940445,0.271,0.185,1,"RAB22A","Not significant",1.03218672085975,1.03218672085975
0.0932062147841806,0.408708471696807,0.648,0.556,1,"LAP3","Not significant",1.03055512888539,1.03055512888539
0.0932444891262537,0.5637153965562,0.195,0.111,1,"TCF7L2","Not significant",1.03037682614428,1.03037682614428
0.093359469984161,-0.852605975834673,0.219,0.296,1,"TPRA1","Not significant",1.02984162251118,1.02984162251118
0.0934840459328784,-1.10877074626735,0.112,0.173,1,"FLOT2","Not significant",1.02926249987096,1.02926249987096
0.093690024150799,0.147525798442036,0.487,0.383,1,"SH3TC1","Not significant",1.02830664910055,1.02830664910055
0.0937433495847641,-0.683142228116115,0.325,0.383,1,"CRTAP","Not significant",1.02805953257184,1.02805953257184
0.093797793630839,0.623882221375674,0.181,0.099,1,"MAPKAPK5","Not significant",1.02780737724163,1.02780737724163
0.0938923024527274,-0.809826919440054,0.14,0.21,1,"PIAS2","Not significant",1.0273700109217,1.0273700109217
0.0940126875549836,0.434122139234457,0.314,0.21,1,"TMEM51","Not significant",1.02681353189722,1.02681353189722
0.0940399118014699,-0.47357825599065,0.508,0.543,1,"PSMB4","Not significant",1.02668778686476,1.02668778686476
0.0941078657287288,0.45040856648295,0.145,0.074,1,"COA5","Not significant",1.02637407583078,1.02637407583078
0.0941234555126043,0.3172688269421,0.147,0.074,1,"GGPS1","Not significant",1.02630213714297,1.02630213714297
0.0942049880081517,-0.746145925015813,0.297,0.358,1,"FAM210A","Not significant",1.02592610137841,1.02592610137841
0.0944368775208719,0.186174724440611,0.969,0.963,1,"RPS28","Not significant",1.02485838095241,1.02485838095241
0.0945551795035003,0.0187571479227393,0.19,0.099,1,"UCHL3","Not significant",1.0243146765685,1.0243146765685
0.0950387323435764,-1.07376000529473,0.081,0.136,1,"MBD5","Not significant",1.02209936508028,1.02209936508028
0.0950515571501482,0.660390516964722,0.273,0.185,1,"BFAR","Not significant",1.02204076405706,1.02204076405706
0.0951656477100584,-0.671475439858427,0.097,0.16,1,"PPIP5K2","Not significant",1.02151979218615,1.02151979218615
0.0953407039377697,0.948956789493399,0.171,0.099,1,"ZMAT3","Not significant",1.02072164583083,1.02072164583083
0.0954335188230428,0.285562087080152,0.974,1,1,"HLA-C","Not significant",1.02029906257918,1.02029906257918
0.0954759146826382,1.09131271949262,0.143,0.074,1,"ATP5S","Not significant",1.02010617228725,1.02010617228725
0.0959792458821427,-0.390382515179363,0.565,0.568,1,"NORAD","Not significant",1.01782266668231,1.01782266668231
0.0961175777763481,0.997494641352733,0.112,0.049,1,"SUMO4","Not significant",1.01719718222541,1.01719718222541
0.0962483433953462,-0.411029172444032,0.708,0.704,1,"AFF4","Not significant",1.01660673673324,1.01660673673324
0.0963233783461252,0.280592722484707,0.249,0.148,1,"PSPC1","Not significant",1.01626829382555,1.01626829382555
0.0963634751924484,0.860811705556519,0.131,0.062,1,"FADS1","Not significant",1.01608754626513,1.01608754626513
0.0964917737513911,0.978751756649659,0.211,0.136,1,"PISD","Not significant",1.01550971014493,1.01550971014493
0.0965568512554039,-0.938671532319227,0.181,0.247,1,"YTHDC2","Not significant",1.01521690513834,1.01521690513834
0.0966783553027043,-1.18862453360238,0.105,0.16,1,"XPNPEP1","Not significant",1.01467074644225,1.01467074644225
0.0966904623467651,0.730276615797434,0.188,0.111,1,"CHST7","Not significant",1.01461636308821,1.01461636308821
0.0967638298536019,-0.59349921538315,0.211,0.284,1,"LONP1","Not significant",1.01428695085822,1.01428695085822
0.0968469002174342,0.478838764985508,0.356,0.247,1,"IKZF1","Not significant",1.01391427520308,1.01391427520308
0.0970806605856892,-0.0796665421698437,0.793,0.877,1,"EMP3","Not significant",1.01286727717175,1.01286727717175
0.0972066861514228,0.398656196614741,0.145,0.074,1,"MED1","Not significant",1.01230386204079,1.01230386204079
0.0973623703659476,0.304400322063152,0.164,0.086,1,"JKAMP","Not significant",1.01160886139755,1.01160886139755
0.097506633951822,-0.537461020012252,0.489,0.531,1,"ZBTB1","Not significant",1.01096583567932,1.01096583567932
0.0976364973421381,0.296198015854039,0.485,0.37,1,"CCT6A","Not significant",1.01038780906094,1.01038780906094
0.0977379279117799,0.485915713292595,0.266,0.173,1,"RTCA","Not significant",1.00993687244944,1.00993687244944
0.0978535587488386,0.151736839509334,0.96,0.926,1,"EIF5","Not significant",1.00942337524994,1.00942337524994
0.09833072501494,-1.56281943474282,0.064,0.111,1,"BRPF1","Not significant",1.00731075867346,1.00731075867346
0.0983440468198148,0.256236590901099,0.603,0.469,1,"UBE2D1","Not significant",1.00725192462676,1.00725192462676
0.0984545989136251,-0.44273745776976,0.618,0.617,1,"RHOG","Not significant",1.00676399271873,1.00676399271873
0.0985063576495914,-0.710408836604336,0.1,0.16,1,"GATAD2B","Not significant",1.00653573901475,1.00653573901475
0.0985249017612432,0.327421250484795,0.482,0.358,1,"ALKBH7","Not significant",1.00645398949531,1.00645398949531
0.0987337465025933,-0.925843707111118,0.169,0.235,1,"MPV17L2","Not significant",1.00553438314668,1.00553438314668
0.0987973442079516,0.354280963736585,0.214,0.123,1,"HPRT1","Not significant",1.00525472961616,1.00525472961616
0.0989932309216315,0.35173342565942,0.271,0.173,1,"THUMPD1","Not significant",1.00439450109831,1.00439450109831
0.099272900258939,0.577909592649613,0.164,0.086,1,"SRSF8","Not significant",1.00316929001679,1.00316929001679
0.0994279750983031,0.357583384391722,0.328,0.222,1,"SPTLC2","Not significant",1.00249140512503,1.00249140512503
0.0994726254805846,1.11640680285548,0.109,0.049,1,"RBM12B","Not significant",1.00229641913797,1.00229641913797
0.0995060956119449,0.66115302742868,0.143,0.074,1,"NUDT16L1","Not significant",1.00215031413322,1.00215031413322
0.0995108295538028,0.78041025880466,0.188,0.111,1,"CNTRL","Not significant",1.00212965332937,1.00212965332937
0.0995477065945089,0.312811419323057,0.368,0.259,1,"PDE8A","Not significant",1.00196874090852,1.00196874090852
0.0996271452781796,-0.920057745264124,0.102,0.16,1,"LNPEP","Not significant",1.00162231380216,1.00162231380216
0.09967626218498,0.345369740230329,0.112,0.049,1,"EID2","Not significant",1.00140825622738,1.00140825622738
0.0996922470978968,0.157852514168441,0.197,0.111,1,"HACD3","Not significant",1.00133861474274,1.00133861474274
0.0996953878800374,0.652787359681998,0.276,0.185,1,"TBC1D12","Not significant",1.00132493260691,1.00132493260691
0.0999991305522617,-0.624647844503824,0.214,0.284,1,"SIGLEC9","Not significant",1.00000377597997,1.00000377597997
0.100004923224865,0.28706294811544,0.112,0.049,1,"CCAR2","Not significant",0.999978619232387,0.999978619232387
0.10010548455326,-0.921309200638412,0.359,0.42,1,"P4HA1","Not significant",0.999542127855691,0.999542127855691
0.100115640127893,0.181114984970281,0.185,0.099,1,"WDR91","Not significant",0.999498071465193,0.999498071465193
0.100130333741042,-1.21717483441831,0.114,0.173,1,"ZMYND8","Not significant",0.999434336299907,0.999434336299907
0.100219573740827,-0.713193123827316,0.259,0.321,1,"NPC1","Not significant",0.999047448753792,0.999047448753792
0.100334447842257,0.729740758207242,0.112,0.049,1,"GCDH","Not significant",0.998549934982425,0.998549934982425
0.100488993339672,0.181642939812839,0.527,0.383,1,"TXNL1","Not significant",0.997881504349179,0.997881504349179
0.100531981519408,-0.790096569680396,0.181,0.247,1,"GSK3B","Not significant",0.997695757269362,0.997695757269362
0.100548715325888,0.288332110030742,0.207,0.123,1,"GBP4","Not significant",0.997623473853338,0.997623473853338
0.100661569317069,0.565439369602226,0.173,0.099,1,"RIOK1","Not significant",0.997136303221309,0.997136303221309
0.100772599755238,0.384193922394696,0.525,0.407,1,"BAG1","Not significant",0.996657537262924,0.996657537262924
0.100945205413101,0.664736384341946,0.147,0.074,1,"CSNK2A2","Not significant",0.995914303883124,0.995914303883124
0.100951384280952,-0.640030216276417,0.347,0.42,1,"PLEKHG2","Not significant",0.995887721480548,0.995887721480548
0.101008513246874,0.251474937317622,0.392,0.284,1,"SMCHD1","Not significant",0.995642021263605,0.995642021263605
0.101025456118484,0.351915453835992,0.52,0.395,1,"VPS29","Not significant",0.995569180090524,0.995569180090524
0.101184531651783,0.188168096048061,0.15,0.074,1,"C5orf24","Not significant",0.994885874173433,0.994885874173433
0.101268028513394,0.798269229276773,0.145,0.074,1,"PRKDC","Not significant",0.994527644785964,0.994527644785964
0.101301780840895,0.208968583141212,0.653,0.543,1,"VPS28","Not significant",0.994382919866022,0.994382919866022
0.101319988388517,-0.857554865100495,0.145,0.21,1,"VARS","Not significant",0.994304868652545,0.994304868652545
0.101453545437611,0.21122249949545,0.945,0.938,1,"UBE2D3","Not significant",0.99373277133063,0.99373277133063
0.101555700601452,0.286260083640198,0.515,0.395,1,"GNAI3","Not significant",0.993295693428374,0.993295693428374
0.101847973316397,-0.772942693293372,0.216,0.284,1,"ZBTB4","Not significant",0.992047608649703,0.992047608649703
0.101952062140256,0.499727713753645,0.387,0.284,1,"ACAA1","Not significant",0.991603985510394,0.991603985510394
0.102122643362806,-0.7754275481088,0.195,0.259,1,"OSBPL1A","Not significant",0.990877952357578,0.990877952357578
0.102321220470355,0.569579292320709,0.207,0.123,1,"NIPA2","Not significant",0.990034288306773,0.990034288306773
0.10234814755604,0.353151185799538,0.477,0.358,1,"IL6ST","Not significant",0.98992001341643,0.98992001341643
0.102398597432496,0.688920906199446,0.276,0.185,1,"PBRM1","Not significant",0.989705991909984,0.989705991909984
0.102470559148051,0.383730970542997,0.295,0.198,1,"DPM1","Not significant",0.989400893985234,0.989400893985234
0.102485663950195,0.54363060362889,0.178,0.099,1,"PPP6C","Not significant",0.989336880976659,0.989336880976659
0.102810595000108,0.637931390089383,0.176,0.099,1,"C5orf15","Not significant",0.987962127432359,0.987962127432359
0.1028733065932,0.307068486634913,0.689,0.568,1,"HNRNPA0","Not significant",0.987697300681564,0.987697300681564
0.102906961982299,-1.11076989207263,0.133,0.198,1,"TAGLN","Not significant",0.987555242844787,0.987555242844787
0.103180803760354,0.556972439590081,0.19,0.111,1,"SDHA","Not significant",0.986401093371735,0.986401093371735
0.103345189927817,0.542950228425214,0.207,0.123,1,"NCOA3","Not significant",0.985709732257987,0.985709732257987
0.103635236845925,0.711521889893123,0.176,0.099,1,"MRPL15","Not significant",0.984492555731251,0.984492555731251
0.103656860377366,-1.25950836083091,0.062,0.111,1,"ANTXR2","Not significant",0.98440194947521,0.98440194947521
0.103702643352921,0.266342209457949,0.42,0.296,1,"SIK3","Not significant",0.984210173418518,0.984210173418518
0.103824918779175,0.535357409428887,0.162,0.086,1,"SHMT1","Not significant",0.983698399960632,0.983698399960632
0.103953229387231,0.566057267225426,0.223,0.136,1,"MRPL12","Not significant",0.983162014429971,0.983162014429971
0.103961946016778,-0.61141263825853,0.266,0.333,1,"MMP24OS","Not significant",0.983125599732411,0.983125599732411
0.104007967473616,0.325753554676159,0.271,0.173,1,"RAB11B","Not significant",0.982933390534988,0.982933390534988
0.104150122239901,0.331780504458215,0.644,0.543,1,"EIF3E","Not significant",0.982340215989081,0.982340215989081
0.104274559461395,0.412485553543458,0.344,0.247,1,"DDX46","Not significant",0.981821636283278,0.981821636283278
0.104376552358046,0.24499049785954,0.924,0.864,1,"COX4I1","Not significant",0.981397052341683,0.981397052341683
0.104463575315372,-1.13361192866884,0.062,0.111,1,"LIF","Not significant",0.981035114310195,0.981035114310195
0.104606211730345,-0.947073955386781,0.299,0.346,1,"NGLY1","Not significant",0.98044252541031,0.98044252541031
0.104615279827248,0.920031385984681,0.126,0.062,1,"SLC25A29","Not significant",0.980404878948474,0.980404878948474
0.104628064544491,0.739311425177707,0.311,0.222,1,"ISG20","Not significant",0.98035180837483,0.98035180837483
0.104633711212089,-0.990093954216404,0.173,0.235,1,"COPB2","Not significant",0.980328370586723,0.980328370586723
0.104636588794901,0.348304610862505,0.207,0.123,1,"DDX60L","Not significant",0.980316427006231,0.980316427006231
0.104689738379225,0.67933270536727,0.211,0.136,1,"NSMCE3","Not significant",0.980095885500581,0.980095885500581
0.104755502037896,-0.529566878635347,0.333,0.407,1,"TOM1","Not significant",0.979823157460045,0.979823157460045
0.104875679741472,0.579610608482478,0.109,0.049,1,"SLC35F5","Not significant",0.979325211316866,0.979325211316866
0.105469195271703,-0.318188412598064,0.506,0.556,1,"PRR13","Not significant",0.976874367636913,0.976874367636913
0.105585378160806,0.629707870661398,0.126,0.062,1,"GSR","Not significant",0.976396220284735,0.976396220284735
0.105734046216741,0.22152086173744,0.964,0.963,1,"CD81","Not significant",0.975785147950329,0.975785147950329
0.105743813870503,0.322195627462232,0.335,0.222,1,"PQBP1","Not significant",0.975745029914982,0.975745029914982
0.10580699853184,0.222946414538721,0.686,0.593,1,"HINT1","Not significant",0.9754856052381,0.9754856052381
0.105828708112933,0.144597350648352,0.361,0.247,1,"STX3","Not significant",0.97539650542167,0.97539650542167
0.10591274639065,0.471177142106377,0.159,0.086,1,"VPS18","Not significant",0.975051770260734,0.975051770260734
0.105932501965307,0.380572951035363,0.437,0.333,1,"DRAM2","Not significant",0.974970770217997,0.974970770217997
0.106073801229392,0.438977654685169,0.145,0.074,1,"MAML3","Not significant",0.974391867620756,0.974391867620756
0.106131155272704,-0.545075634823719,0.394,0.432,1,"C19orf70","Not significant",0.974157108305592,0.974157108305592
0.106214971933548,0.15550340755536,0.23,0.148,1,"SETD2","Not significant",0.973814261316426,0.973814261316426
0.106341512100657,0.170117882194407,0.285,0.185,1,"MTHFR","Not significant",0.973297168619336,0.973297168619336
0.106428962466603,-1.02877562094672,0.133,0.198,1,"TMX3","Not significant",0.972940171591558,0.972940171591558
0.106576110841134,0.438400527402401,0.195,0.111,1,"UBE2E2","Not significant",0.972340132012658,0.972340132012658
0.106645393317861,0.345327430128624,0.235,0.148,1,"CCNT2","Not significant",0.972057899706749,0.972057899706749
0.10686464321077,-1.08373214251223,0.112,0.173,1,"ATP11A","Not significant",0.971165959883538,0.971165959883538
0.106888150885195,0.515792657771918,0.428,0.333,1,"YTHDF2","Not significant",0.971070435954884,0.971070435954884
0.106912331301823,0.532822163869699,0.128,0.062,1,"PGPEP1","Not significant",0.970972200240458,0.970972200240458
0.106913852579533,0.425967334849282,0.34,0.247,1,"RBM22","Not significant",0.970966020618271,0.970966020618271
0.106976514668513,0.464918537771622,0.316,0.21,1,"BTBD19","Not significant",0.970711555673475,0.970711555673475
0.107179977225627,0.268103989192662,0.192,0.111,1,"ZC3H12C","Not significant",0.969886339574415,0.969886339574415
0.107180309972557,0.494824804017622,0.489,0.395,1,"CD300A","Not significant",0.969884991282178,0.969884991282178
0.107218230991735,-0.842410773075142,0.214,0.272,1,"RFNG","Not significant",0.969731362535687,0.969731362535687
0.107268603665433,0.55688848889237,0.204,0.123,1,"PHF5A","Not significant",0.969527372629613,0.969527372629613
0.107397542287464,0.260688573821719,0.235,0.148,1,"BROX","Not significant",0.969005657027576,0.969005657027576
0.107533253985615,-0.809432678776446,0.138,0.198,1,"RTL8C","Not significant",0.968457212128179,0.968457212128179
0.107551811904891,0.22126789630119,0.352,0.235,1,"CDK13","Not significant",0.968382268738467,0.968382268738467
0.107656331773335,-1.31994071226532,0.074,0.123,1,"UGGT1","Not significant",0.96796042219579,0.96796042219579
0.107658063747395,-0.496455062617747,0.404,0.444,1,"FOXP1","Not significant",0.967953435326421,0.967953435326421
0.107681869584942,0.28671621472674,0.252,0.16,1,"NPEPPS","Not significant",0.967857412784149,0.967857412784149
0.1078375842139,0.301390825145586,0.176,0.099,1,"PGM2","Not significant",0.96722984979915,0.96722984979915
0.107876697631566,-1.38489778749909,0.107,0.16,1,"PCK2","Not significant",0.967072356827417,0.967072356827417
0.108207218646363,0.664368421817446,0.126,0.062,1,"SLFN5","Not significant",0.965743765904965,0.965743765904965
0.108294665602867,0.394882723101915,0.373,0.272,1,"RAPGEF2","Not significant",0.965392935399576,0.965392935399576
0.108505814501698,-1.25779824143896,0.093,0.148,1,"FAM210B","Not significant",0.964546988651008,0.964546988651008
0.108670481134744,0.265795770947939,0.42,0.309,1,"TMEM147","Not significant",0.963888410111575,0.963888410111575
0.10893551976171,0.225440661485968,0.444,0.321,1,"DBNL","Not significant",0.962830490112805,0.962830490112805
0.108943915028377,0.315177513921358,0.504,0.383,1,"PSMA3","Not significant",0.962797021896836,0.962797021896836
0.109037276459871,0.370643210590457,0.24,0.148,1,"SPSB3","Not significant",0.962425004873507,0.962425004873507
0.109047619035643,-0.491165888500977,0.185,0.259,1,"AQP9","Not significant",0.962383812441727,0.962383812441727
0.109061595097684,0.252857956393622,0.515,0.395,1,"SMAD7","Not significant",0.962328154759813,0.962328154759813
0.109075819467187,-0.368755821987519,0.71,0.728,1,"DNTTIP2","Not significant",0.962271515551865,0.962271515551865
0.10914213483692,0.452431824434897,0.204,0.123,1,"ZNRF2","Not significant",0.962007555603022,0.962007555603022
0.109199111676443,-0.850863600761413,0.24,0.296,1,"PGD","Not significant",0.961780894557912,0.961780894557912
0.109297946882136,-0.543184195978736,0.772,0.765,1,"NR4A3","Not significant",0.961387996020413,0.961387996020413
0.109623917927114,-1.56356000074445,0.076,0.123,1,"LRFN4","Not significant",0.960094680427296,0.960094680427296
0.109771094043888,1.30154056579148,0.121,0.062,1,"HS6ST1","Not significant",0.95951200733554,0.95951200733554
0.109808989157898,0.943600652283606,0.306,0.222,1,"ARC","Not significant",0.959362106316929,0.959362106316929
0.109825389394829,-1.02503660248196,0.197,0.259,1,"TDP2","Not significant",0.959297248233589,0.959297248233589
0.109858916961328,-0.197483148795108,0.791,0.778,1,"ELL2","Not significant",0.959164686764116,0.959164686764116
0.11022994265051,0.595629376948873,0.223,0.148,1,"PKN2","Not significant",0.957700418537327,0.957700418537327
0.110452597937893,1.20540319347781,0.121,0.062,1,"TMEM38B","Not significant",0.956824064701354,0.956824064701354
0.110494052174277,0.478184405219108,0.143,0.074,1,"AL136295.5","Not significant",0.956661099150029,0.956661099150029
0.110515191276301,0.880900099807011,0.124,0.062,1,"CKS1B","Not significant",0.956578020313631,0.956578020313631
0.110628807424878,-1.0119695399899,0.093,0.148,1,"USP25","Not significant",0.956131769264422,0.956131769264422
0.110673921097109,-1.09170563568858,0.062,0.111,1,"CTNNAL1","Not significant",0.955954703041057,0.955954703041057
0.11075346793646,0.90029868822405,0.656,0.58,1,"MT2A","Not significant",0.955642666169558,0.955642666169558
0.110868995858945,0.654674498206345,0.109,0.049,1,"STIM2","Not significant",0.955189885860864,0.955189885860864
0.110869027203608,0.21514303409912,0.109,0.049,1,"EGR4","Not significant",0.955189763078004,0.955189763078004
0.111085621708322,0.502067032523736,0.173,0.099,1,"RUFY3","Not significant",0.954342150031574,0.954342150031574
0.111318507283089,1.54010960534617,0.392,0.296,1,"IFIT2","Not significant",0.953432625937203,0.953432625937203
0.11146366482871,1.06092097800774,0.152,0.086,1,"SRC","Not significant",0.952866681818844,0.952866681818844
0.111522908556595,-1.10501558343173,0.159,0.222,1,"KCTD20","Not significant",0.952635912545856,0.952635912545856
0.111671217135234,-0.686669269264145,0.145,0.21,1,"CCDC117","Not significant",0.952058750341414,0.952058750341414
0.111675394584652,0.494708694392294,0.309,0.222,1,"CYB5R3","Not significant",0.95204250435302,0.95204250435302
0.111864869419847,0.30408621694713,0.397,0.284,1,"UBE2J1","Not significant",0.951306279982365,0.951306279982365
0.111894404787973,0.496358019825543,0.192,0.111,1,"MAP3K13","Not significant",0.95119162956157,0.95119162956157
0.111905798366797,-0.524686462496176,0.238,0.309,1,"LUC7L2","Not significant",0.951147410044813,0.951147410044813
0.111923300202,0.33957448116132,0.442,0.321,1,"EIF6","Not significant",0.951079492597835,0.951079492597835
0.111932437893545,-0.668220651180872,0.121,0.185,1,"EMP2","Not significant",0.951044037183097,0.951044037183097
0.112152656926901,0.164198840666302,0.271,0.173,1,"TMEM126A","Not significant",0.95019043340492,0.95019043340492
0.112261838832398,0.541934061522442,0.173,0.099,1,"GPATCH4","Not significant",0.949767848378389,0.949767848378389
0.112279351191997,0.622833374833207,0.259,0.173,1,"UPF3A","Not significant",0.949700105607866,0.949700105607866
0.11290939554874,-0.693770476002352,0.135,0.198,1,"TMCO3","Not significant",0.947269917550721,0.947269917550721
0.112922851835238,0.186533599724765,0.342,0.222,1,"SLBP","Not significant",0.947218162400183,0.947218162400183
0.112976397546153,-0.597614670523146,0.392,0.432,1,"EIF4G1","Not significant",0.947012277632712,0.947012277632712
0.113046159704384,-0.512633902639281,0.663,0.704,1,"PPIF","Not significant",0.94674418650326,0.94674418650326
0.113104446025542,0.476026369442004,0.19,0.111,1,"UBXN2B","Not significant",0.946520323046179,0.946520323046179
0.113422595267337,0.22674315652204,0.601,0.481,1,"AURKAIP1","Not significant",0.945300419672235,0.945300419672235
0.113439061994852,-1.36121845431548,0.287,0.333,1,"ILF3-DT","Not significant",0.945237373241263,0.945237373241263
0.11361695990806,0.160797193905863,0.328,0.21,1,"DYRK1A","Not significant",0.944556835484896,0.944556835484896
0.113662334456855,-1.19561853263116,0.064,0.111,1,"ISYNA1","Not significant",0.944383428431014,0.944383428431014
0.113670153909729,-0.875969701923633,0.062,0.111,1,"LINC01943","Not significant",0.944353551968918,0.944353551968918
0.11384193292504,-0.904999997884336,0.135,0.198,1,"ANKRD36C","Not significant",0.943697738964247,0.943697738964247
0.113882560621761,0.388240069285103,0.192,0.111,1,"MRPL13","Not significant",0.943542776409184,0.943542776409184
0.113918876690573,0.205174665123996,0.914,0.815,1,"RPSA","Not significant",0.943404306093899,0.943404306093899
0.114135763043694,0.278994775166379,0.72,0.617,1,"LST1","Not significant",0.942578253399968,0.942578253399968
0.114343790246473,0.591170021994276,0.173,0.099,1,"FARSA","Not significant",0.941787415971264,0.941787415971264
0.114350794351714,-0.72909396407171,0.195,0.259,1,"TMEM167B","Not significant",0.941760814167263,0.941760814167263
0.114462120378424,-1.15243169262854,0.406,0.457,1,"ABHD5","Not significant",0.941338213170601,0.941338213170601
0.114582051692769,1.16046526355324,0.105,0.049,1,"OSGIN2","Not significant",0.940883405590764,0.940883405590764
0.11461205596904,-0.965429375707183,0.102,0.16,1,"YOD1","Not significant",0.940769696806314,0.940769696806314
0.114961038071044,0.566868763240805,0.283,0.198,1,"SEC63","Not significant",0.939449323279442,0.939449323279442
0.11517929514542,-0.0764879129845522,0.162,0.086,1,"RBBP8","Not significant",0.938625583519181,0.938625583519181
0.115341102734479,-0.0904176577045384,0.112,0.049,1,"TMEM39B","Not significant",0.938015900773139,0.938015900773139
0.115553142284438,-0.618269384025852,0.2,0.272,1,"TMEM11","Not significant",0.937218240074643,0.937218240074643
0.115683424360493,0.578679297174518,0.126,0.062,1,"CDIP1","Not significant",0.936728864250316,0.936728864250316
0.115799428254037,-0.612998831118061,0.112,0.173,1,"WDR47","Not significant",0.93629358488086,0.93629358488086
0.11591545618467,-0.556311408490017,0.29,0.346,1,"AP3D1","Not significant",0.93585865128258,0.93585865128258
0.116044258209873,0.184073118623182,0.715,0.543,1,"PYCARD","Not significant",0.93537634326889,0.93537634326889
0.116055862189557,-0.644029616734137,0.354,0.42,1,"ME2","Not significant",0.935332917661525,0.935332917661525
0.116306528051062,0.210882452249583,0.675,0.506,1,"EIF1B","Not significant",0.934395908513268,0.934395908513268
0.116318261023795,0.178461658435936,0.962,0.963,1,"RPL8","Not significant",0.93435209920697,0.93435209920697
0.116509594039427,-0.612611930816195,0.228,0.296,1,"DPY30","Not significant",0.933638310974224,0.933638310974224
0.116550934170441,0.179263039911896,0.171,0.099,1,"TFDP1","Not significant",0.933484241204395,0.933484241204395
0.116562364181432,0.512417439129173,0.397,0.321,1,"PBDC1","Not significant",0.933441652551232,0.933441652551232
0.116645744651125,-0.4843887289067,0.359,0.407,1,"PSMC3","Not significant",0.933131100061351,0.933131100061351
0.116870204009837,0.519507457631968,0.466,0.358,1,"PTAFR","Not significant",0.932296197850333,0.932296197850333
0.117036251882785,0.289888576220921,0.584,0.469,1,"DDAH2","Not significant",0.931679595056779,0.931679595056779
0.117107354454993,0.494357332176458,0.124,0.062,1,"SNRNP35","Not significant",0.93141582995816,0.93141582995816
0.117194758240907,-0.967496309840041,0.114,0.173,1,"ICA1","Not significant",0.931091812532592,0.931091812532592
0.117247142749671,-0.521278441041128,0.356,0.444,1,"NAF1","Not significant",0.930897732008794,0.930897732008794
0.117506345284859,0.529979451742033,0.109,0.049,1,"FAM193B","Not significant",0.929938681070584,0.929938681070584
0.117506345284859,0.343939607222624,0.109,0.049,1,"CDR2","Not significant",0.929938681070584,0.929938681070584
0.117535743098103,0.50178809115971,0.2,0.123,1,"DHX15","Not significant",0.929830042586077,0.929830042586077
0.117592982646902,0.643865519472548,0.14,0.074,1,"NAB2","Not significant",0.929618593979768,0.929618593979768
0.117749689530656,-1.195005801754,0.169,0.222,1,"KDM3B","Not significant",0.92904022929716,0.92904022929716
0.117768053825987,0.913469872746271,0.207,0.136,1,"RASSF3","Not significant",0.928972501812779,0.928972501812779
0.117841755024328,0.244378597044968,0.473,0.358,1,"SSU72","Not significant",0.928700798143484,0.928700798143484
0.117953189477156,0.267174681888776,0.157,0.086,1,"C6orf226","Not significant",0.928290311212457,0.928290311212457
0.117953189477156,0.707419065937778,0.157,0.086,1,"RCN2","Not significant",0.928290311212457,0.928290311212457
0.117994982253772,-1.1165174087433,0.064,0.111,1,"PARN","Not significant",0.928136460709406,0.928136460709406
0.118109483933124,0.612759165962523,0.226,0.148,1,"DCTN6","Not significant",0.927715228089688,0.927715228089688
0.118119866069569,-0.798023933767207,0.356,0.42,1,"RNMT","Not significant",0.927677054132292,0.927677054132292
0.118140833848936,-0.803813997900614,0.28,0.346,1,"STX8","Not significant",0.927599968176785,0.927599968176785
0.118161238025569,0.55119484063509,0.107,0.049,1,"KYAT3","Not significant",0.927524967384189,0.927524967384189
0.11820246390342,0.803700474920812,0.216,0.136,1,"TTL","Not significant",0.927373470590916,0.927373470590916
0.118205253656036,0.756874919542476,0.185,0.111,1,"ELOA","Not significant",0.927363220721077,0.927363220721077
0.118318514128693,-0.432280049609892,0.511,0.568,1,"CKS2","Not significant",0.926947292947618,0.926947292947618
0.118538644111653,0.507828452030543,0.23,0.148,1,"SRPRA","Not significant",0.926140044687643,0.926140044687643
0.118746175717117,0.407864554304909,0.359,0.272,1,"ERBIN","Not significant",0.925380368159496,0.925380368159496
0.118892439261612,0.666585889732572,0.124,0.062,1,"LINC01001","Not significant",0.924845762634173,0.924845762634173
0.119003293689912,0.653050563675984,0.197,0.123,1,"SDHAF2","Not significant",0.924441018342272,0.924441018342272
0.119252037335166,0.548024756996508,0.124,0.062,1,"POGK","Not significant",0.923534192616046,0.923534192616046
0.119252037335166,0.652841693888794,0.124,0.062,1,"MAIP1","Not significant",0.923534192616046,0.923534192616046
0.119281113081476,-0.0820424469070102,0.387,0.272,1,"CD276","Not significant",0.923428316881626,0.923428316881626
0.119334882617018,-0.191999309096554,0.71,0.753,1,"ATP1A1","Not significant",0.923232589743492,0.923232589743492
0.119364556005635,0.155501043225522,0.273,0.173,1,"BCL2L11","Not significant",0.923124613042108,0.923124613042108
0.119580826089617,0.736036896835488,0.249,0.173,1,"CHURC1","Not significant",0.922338450707448,0.922338450707448
0.11960762427711,0.369666509772849,0.268,0.173,1,"PARL","Not significant",0.922241135766162,0.922241135766162
0.119641899759934,-0.38078748678534,0.568,0.58,1,"SLC43A2","Not significant",0.922116699546555,0.922116699546555
0.119698289092916,0.56785880976524,0.107,0.049,1,"NT5C3B","Not significant",0.921912057135909,0.921912057135909
0.119702564098826,-0.451314250287767,0.183,0.247,1,"AP1G1","Not significant",0.921896546652535,0.921896546652535
0.119723501103584,0.049569423363268,0.311,0.21,1,"CIITA","Not significant",0.92182059146654,0.92182059146654
0.119892817361059,-0.676265902263782,0.192,0.259,1,"IARS","Not significant",0.921206834198023,0.921206834198023
0.120163529519559,-1.28496219684029,0.131,0.185,1,"KIAA0100","Not significant",0.920227323779021,0.920227323779021
0.120214698839497,-1.2668830826829,0.135,0.198,1,"LPIN1","Not significant",0.920042427220133,0.920042427220133
0.120239932642541,-0.953312832100653,0.138,0.198,1,"SNX30","Not significant",0.919951275709412,0.919951275709412
0.120361696118684,0.217697636472383,0.971,0.938,1,"C1QB","Not significant",0.919511700877164,0.919511700877164
0.120391362182271,-0.355222405971768,0.584,0.642,1,"LCP1","Not significant",0.919404671642546,0.919404671642546
0.120745392448656,0.530319251524053,0.245,0.16,1,"KMT5A","Not significant",0.9181294326038,0.9181294326038
0.120935845628787,-0.711572830491009,0.202,0.259,1,"YIF1B","Not significant",0.91744495429699,0.91744495429699
0.120967237470435,0.301438919935712,0.729,0.63,1,"CHCHD10","Not significant",0.917332237224463,0.917332237224463
0.121081178554926,0.815121650461309,0.121,0.062,1,"LETMD1","Not significant",0.916923360449111,0.916923360449111
0.121187743593505,-1.08514547120699,0.143,0.198,1,"NT5C2","Not significant",0.91654130062243,0.91654130062243
0.121250957986179,0.618162111038096,0.107,0.049,1,"EEF1E1","Not significant",0.916314821414626,0.916314821414626
0.121427377976045,0.449143764501325,0.124,0.062,1,"SMARCE1","Not significant",0.915683382754972,0.915683382754972
0.121522150423581,-0.619360901334102,0.135,0.198,1,"SMG5","Not significant",0.915344553917886,0.915344553917886
0.121533120271605,0.322462040151525,0.77,0.642,1,"ITGAX","Not significant",0.915305351768896,0.915305351768896
0.121672906770753,0.675253595190877,0.195,0.123,1,"RAB30-AS1","Not significant",0.91480611651023,0.91480611651023
0.121850744670811,0.482324453029422,0.157,0.086,1,"USB1","Not significant",0.914171812351756,0.914171812351756
0.122002133983516,0.332827556208632,0.553,0.444,1,"PPP1CA","Not significant",0.913632572856727,0.913632572856727
0.122028261921711,0.431136566120724,0.173,0.099,1,"NSL1","Not significant",0.913539574446566,0.913539574446566
0.122312328180364,0.872403193791235,0.105,0.049,1,"AP000692.2","Not significant",0.912529767077614,0.912529767077614
0.122318747339194,0.229427794070554,0.653,0.543,1,"ZNF706","Not significant",0.912506975163274,0.912506975163274
0.122353877740948,0.287246670679681,0.368,0.259,1,"FAM32A","Not significant",0.912382262071822,0.912382262071822
0.122426181958051,-0.445930816400452,0.546,0.568,1,"PPP1R10","Not significant",0.912125694413019,0.912125694413019
0.122725648047052,-1.02768584562973,0.116,0.173,1,"RBP7","Not significant",0.911064665950313,0.911064665950313
0.122729946036426,-0.413054181282078,0.238,0.309,1,"DAPK1","Not significant",0.911049456738432,0.911049456738432
0.122839403905114,-0.313069131817874,0.162,0.086,1,"SLC25A28","Not significant",0.910662299696796,0.910662299696796
0.122840696313302,0.323072800870636,0.157,0.086,1,"C18orf25","Not significant",0.910657730456193,0.910657730456193
0.122961020385334,0.315096659232412,0.188,0.111,1,"RCAN3","Not significant",0.910232541524242,0.910232541524242
0.123267831562946,0.304833415198695,0.188,0.111,1,"PWP1","Not significant",0.909150243740459,0.909150243740459
0.123476817885471,0.117347126144179,0.371,0.259,1,"FUNDC2","Not significant",0.908414571225803,0.908414571225803
0.123511895191503,-0.292966006797704,0.584,0.654,1,"FKBP8","Not significant",0.908291214329347,0.908291214329347
0.123552627400365,-0.196583819977801,0.499,0.568,1,"KCNMA1","Not significant",0.908148014702635,0.908148014702635
0.123906207897015,0.952228999053739,0.105,0.049,1,"ACSM5","Not significant",0.906906934238315,0.906906934238315
0.124293683974683,0.702057842489452,0.14,0.074,1,"ANKRD22","Not significant",0.905550939617689,0.905550939617689
0.124297803606023,0.128611431108889,0.964,0.914,1,"RPL13A","Not significant",0.905536545454992,0.905536545454992
0.12434854253167,-0.333072130362897,0.651,0.691,1,"IRS2","Not significant",0.905359300656714,0.905359300656714
0.124486538453805,0.524260938826585,0.501,0.42,1,"FLOT1","Not significant",0.904877609141074,0.904877609141074
0.12452326984287,-0.220475497263594,0.81,0.864,1,"IFRD1","Not significant",0.904749483748677,0.904749483748677
0.124530303104751,-1.05014302459496,0.131,0.185,1,"FBXW11","Not significant",0.90472495483476,0.90472495483476
0.124645176657046,0.655452627746234,0.14,0.074,1,"CWC27","Not significant",0.904324522549366,0.904324522549366
0.124645733449057,-0.620618026859895,0.325,0.383,1,"MED29","Not significant",0.904322582553256,0.904322582553256
0.124688167814347,0.335299370439046,0.207,0.123,1,"CACNA1A","Not significant",0.9041747565996,0.9041747565996
0.124867101764589,-1.14304236497803,0.157,0.21,1,"TMEM255B","Not significant",0.903551968383882,0.903551968383882
0.125005210314381,0.188536370159357,0.159,0.086,1,"SPG11","Not significant",0.903071884882934,0.903071884882934
0.125032113298048,0.173057399579074,0.993,0.988,1,"RPL28","Not significant",0.902978428296298,0.902978428296298
0.125068979487854,0.323295774337251,0.278,0.185,1,"LILRB1","Not significant",0.902850393806411,0.902850393806411
0.125181048689341,0.297378236239508,0.299,0.198,1,"DDA1","Not significant",0.902461414517133,0.902461414517133
0.125237935115089,0.129614107975688,0.375,0.259,1,"SPPL2A","Not significant",0.902264101511169,0.902264101511169
0.125602080494719,0.537564972725432,0.107,0.049,1,"ZNF426","Not significant",0.901003166809867,0.901003166809867
0.125805078803352,0.230226021119845,0.325,0.235,1,"TMCO1","Not significant",0.900301825887989,0.900301825887989
0.125814971244897,0.666088148878916,0.169,0.099,1,"FAM193A","Not significant",0.900267677315353,0.900267677315353
0.125926445656682,0.187995542354602,0.19,0.111,1,"RASA3","Not significant",0.89988305466826,0.89988305466826
0.125958485907377,-0.781716310455635,0.192,0.259,1,"NELFB","Not significant",0.899772568470738,0.899772568470738
0.126003594483219,0.427043124052678,0.107,0.049,1,"MRRF","Not significant",0.899617065660525,0.899617065660525
0.126062329729012,0.495625197511521,0.228,0.148,1,"NAPG","Not significant",0.899414671039493,0.899414671039493
0.126289197232468,-0.799893484266265,0.116,0.173,1,"JMJD8","Not significant",0.898633797370098,0.898633797370098
0.12630744558127,0.686169761368089,0.121,0.062,1,"ZBTB48","Not significant",0.898571047864686,0.898571047864686
0.12662608701724,-0.939157185832947,0.437,0.494,1,"NUPR1","Not significant",0.897476813429786,0.897476813429786
0.126787538846095,-0.559185710437204,0.183,0.247,1,"ENTPD6","Not significant",0.896923428444167,0.896923428444167
0.126986197268426,0.811451201373052,0.171,0.099,1,"TRPM7","Not significant",0.896243482004109,0.896243482004109
0.126996358206254,0.46827755721753,0.188,0.111,1,"CDK11A","Not significant",0.896208732851959,0.896208732851959
0.127142549414453,0.831538430040802,0.105,0.049,1,"PAK1IP1","Not significant",0.895709084509083,0.895709084509083
0.127215012947184,-0.568144434886281,0.093,0.148,1,"THRA","Not significant",0.895461633535238,0.895461633535238
0.127239498708412,0.170124999726921,0.295,0.198,1,"KIN","Not significant",0.895378050572214,0.895378050572214
0.127360507236779,0.197629714567824,0.323,0.222,1,"TENT2","Not significant",0.894965219944852,0.894965219944852
0.127419952001241,0.329342118764324,0.58,0.457,1,"DUSP5","Not significant",0.894762562851531,0.894762562851531
0.127481137369571,-0.6712062440562,0.124,0.185,1,"PTPN11","Not significant",0.894554070464031,0.894554070464031
0.127661510543176,0.284249141940458,0.373,0.272,1,"CAMLG","Not significant",0.89394002112598,0.89394002112598
0.127820490712689,-0.570141237619588,0.114,0.173,1,"ACOX1","Not significant",0.893399519494362,0.893399519494362
0.128077895825754,0.22347669785736,0.371,0.259,1,"PGP","Not significant",0.892525815994836,0.892525815994836
0.128215127728725,-0.448985068488299,0.416,0.481,1,"NDRG1","Not significant",0.892060730655635,0.892060730655635
0.128261254156597,-0.835997334852075,0.086,0.136,1,"GGA3","Not significant",0.891904517805444,0.891904517805444
0.128298999841135,0.441792980523301,0.171,0.099,1,"LRMP","Not significant",0.891776729168088,0.891776729168088
0.128521408182857,0.319991340454144,0.494,0.383,1,"ERH","Not significant",0.891024524618388,0.891024524618388
0.12855106920016,0.256140244301556,0.798,0.691,1,"YWHAB","Not significant",0.890924306840659,0.890924306840659
0.128677112192669,1.00015193826798,0.102,0.049,1,"PCNX2","Not significant",0.890498694217547,0.890498694217547
0.128859601134244,-0.665367332525455,0.335,0.395,1,"KMT2C","Not significant",0.889883217281657,0.889883217281657
0.128954425693116,-1.11120655089834,0.247,0.309,1,"KMO","Not significant",0.88956374836035,0.88956374836035
0.128976177758778,0.322155339315748,0.58,0.469,1,"PRPF40A","Not significant",0.889490497633347,0.889490497633347
0.129208730410098,-0.440960639704112,0.613,0.605,1,"TUBB","Not significant",0.888708140823655,0.888708140823655
0.129320082973681,-0.593944510705561,0.254,0.321,1,"NRDC","Not significant",0.888334025410619,0.888334025410619
0.129344544776307,0.461900859760204,0.335,0.247,1,"AOAH","Not significant",0.888251883325541,0.888251883325541
0.129367692737716,-0.779297963111904,0.261,0.321,1,"LILRB3","Not significant",0.888174167388865,0.888174167388865
0.129454764101072,0.769772348597586,0.24,0.16,1,"KLHL18","Not significant",0.88788196234201,0.88788196234201
0.129509491412564,0.450032615338243,0.2,0.123,1,"PDLIM7","Not significant",0.887698402107437,0.887698402107437
0.129559214877529,0.452253614136215,0.43,0.321,1,"PRKAG2","Not significant",0.887531692457089,0.887531692457089
0.129721595687059,-1.18994192824049,0.131,0.185,1,"CSF2RB","Not significant",0.886987717771019,0.886987717771019
0.129745474778325,0.323376865261103,0.273,0.185,1,"TFG","Not significant",0.886907780401081,0.886907780401081
0.130143167945489,0.538503131829791,0.242,0.16,1,"MARCH5","Not significant",0.885578625875564,0.885578625875564
0.130296386136213,-0.697592598245327,0.249,0.309,1,"STK11","Not significant",0.885067629589536,0.885067629589536
0.130310443409956,-0.0661290733041273,0.126,0.062,1,"CAMTA2","Not significant",0.885020777429644,0.885020777429644
0.130332418845246,0.219590891764716,0.273,0.173,1,"NDUFV3","Not significant",0.884947544575894,0.884947544575894
0.130434523027685,0.398455811708733,0.765,0.691,1,"ELOC","Not significant",0.884607445597394,0.884607445597394
0.130698488835615,0.269074686778118,0.477,0.358,1,"SNRPG","Not significant",0.883729433797787,0.883729433797787
0.130864702212631,0.27457397685324,0.943,0.951,1,"ZFP36","Not significant",0.8831774787472,0.8831774787472
0.131041707718517,0.465098183535174,0.216,0.136,1,"ZFR","Not significant",0.88259045587749,0.88259045587749
0.131085083546272,0.441716511867571,0.233,0.148,1,"CYTIP","Not significant",0.882446724801984,0.882446724801984
0.131133978044884,0.297952644952116,0.188,0.111,1,"CTTNBP2NL","Not significant",0.882284763950932,0.882284763950932
0.131396331629219,-0.935753513141416,0.097,0.148,1,"MTMR3","Not significant",0.881416759398966,0.881416759398966
0.131427777520846,0.277859548651261,0.741,0.667,1,"RAB1A","Not significant",0.881312836076853,0.881312836076853
0.131670712877957,0.397542325824355,0.494,0.42,1,"DNASE2","Not significant",0.880510813116727,0.880510813116727
0.131784962679022,0.930489254778964,0.135,0.074,1,"REXO4","Not significant",0.880134142079625,0.880134142079625
0.132174206713484,-0.827102039120688,0.185,0.247,1,"KCTD5","Not significant",0.878853287474697,0.878853287474697
0.132233861195962,0.308658191140021,0.202,0.123,1,"FAM129A","Not significant",0.878657320587564,0.878657320587564
0.132355439680565,0.651701539324452,0.563,0.469,1,"ARRDC3","Not significant",0.87825820491265,0.87825820491265
0.132370749314941,0.292031829177275,0.143,0.074,1,"ZNF580","Not significant",0.878207972710372,0.878207972710372
0.132756911025866,0.498902463146961,0.325,0.235,1,"GSDMD","Not significant",0.876942861265154,0.876942861265154
0.132851679028303,0.465232933987867,0.245,0.16,1,"R3HDM2","Not significant",0.876632952445882,0.876632952445882
0.132983346705168,0.432171650763467,0.107,0.049,1,"RASSF8","Not significant",0.876202741641073,0.876202741641073
0.133221487311671,-0.565166750569157,0.19,0.259,1,"OLFML2B","Not significant",0.875425722100524,0.875425722100524
0.133695441868254,0.682485367947284,0.226,0.148,1,"BZW2","Not significant",0.873883399059705,0.873883399059705
0.133772455083177,-0.598862658941901,0.435,0.457,1,"TLE3","Not significant",0.87363330238956,0.87363330238956
0.134179086940776,1.05577415864721,0.102,0.049,1,"FOPNL","Not significant",0.872315167728682,0.872315167728682
0.134258918402583,0.330066828861261,0.432,0.321,1,"HSPA4","Not significant",0.87205685583784,0.87205685583784
0.134333715022429,-0.453180031639882,0.342,0.407,1,"FKBP15","Not significant",0.871814974594193,0.871814974594193
0.134341578698535,0.111924077404119,0.489,0.37,1,"UBL3","Not significant",0.871789552449164,0.871789552449164
0.134546738295443,1.05399381402139,0.133,0.074,1,"PRRG4","Not significant",0.871126826012159,0.871126826012159
0.134772517941577,-1.47051095775012,0.067,0.111,1,"EXT2","Not significant",0.870398657675567,0.870398657675567
0.134899653729448,-0.731676043379841,0.197,0.259,1,"APOBEC3C","Not significant",0.869989165106324,0.869989165106324
0.135075755186446,0.643014295916243,0.154,0.086,1,"RWDD4","Not significant",0.869422595712591,0.869422595712591
0.135260556052005,0.31413677735947,0.23,0.148,1,"ELOF1","Not significant",0.868828831535687,0.868828831535687
0.135266381719172,0.723326204151026,0.178,0.111,1,"GOLGA2","Not significant",0.868810126891148,0.868810126891148
0.135318217723773,0.567045413607271,0.24,0.16,1,"LRRC41","Not significant",0.868643730938948,0.868643730938948
0.135693911673337,1.07706381932444,0.133,0.074,1,"FBXO22","Not significant",0.867439637867097,0.867439637867097
0.135712762046065,0.400548007302876,0.242,0.16,1,"MPRIP","Not significant",0.867379310589522,0.867379310589522
0.135726957135213,0.295357169998483,0.309,0.21,1,"EXOSC6","Not significant",0.86733388725272,0.86733388725272
0.13590579266107,-0.779171862744868,0.249,0.309,1,"DNAJC4","Not significant",0.866762032103973,0.866762032103973
0.136054599948,-0.640005980734286,0.095,0.148,1,"SEPT4","Not significant",0.866286770324782,0.866286770324782
0.136181127187144,0.675718878835319,0.119,0.062,1,"FAHD2A","Not significant",0.865883075436493,0.865883075436493
0.136462880784484,-0.715049570098457,0.114,0.173,1,"LPCAT3","Not significant",0.864985464833928,0.864985464833928
0.136503590045142,0.322921597408982,0.558,0.432,1,"CCDC59","Not significant",0.864855926525847,0.864855926525847
0.136791871967203,-0.370856365762582,0.625,0.654,1,"OS9","Not significant",0.863939707182158,0.863939707182158
0.136896011761022,0.53908710808558,0.138,0.074,1,"MRPL37","Not significant",0.863609204133439,0.863609204133439
0.137004593651824,0.338822231260764,0.29,0.198,1,"SYPL1","Not significant",0.863264871061162,0.863264871061162
0.13706169882451,-0.825033544557167,0.128,0.185,1,"RFC1","Not significant",0.863083889580217,0.863083889580217
0.137246936245584,0.507871859733606,0.105,0.049,1,"TNFAIP8L2","Not significant",0.86249734149709,0.86249734149709
0.137401859258326,0.552126423714792,0.119,0.062,1,"TIFA","Not significant",0.86200739056491,0.86200739056491
0.137465458996366,0.86427411700829,0.19,0.123,1,"HSD3B7","Not significant",0.861806413482953,0.861806413482953
0.137480275978017,1.01053641040855,0.116,0.062,1,"NRDE2","Not significant",0.861759604730845,0.861759604730845
0.137529329823974,0.15533362347511,0.428,0.309,1,"XRCC5","Not significant",0.86160467330742,0.86160467330742
0.137640552835254,-0.545301661131818,0.316,0.383,1,"MAP3K11","Not significant",0.861253591697591,0.861253591697591
0.137815746477467,-0.922824999990085,0.133,0.185,1,"CERS6","Not significant",0.860701158207947,0.860701158207947
0.138069084141337,0.513028317124885,0.461,0.37,1,"CCT2","Not significant",0.859903555960988,0.859903555960988
0.138235572305002,-0.918850521195494,0.116,0.173,1,"NETO2","Not significant",0.859380185124879,0.859380185124879
0.138426458944589,0.195127762151295,0.138,0.074,1,"EPC2","Not significant",0.858780890548588,0.858780890548588
0.138477548341139,-0.277340872632431,0.47,0.519,1,"TNFSF12","Not significant",0.858620633978273,0.858620633978273
0.138496837245087,-0.58547544621385,0.321,0.383,1,"PDE4A","Not significant",0.85856014416408,0.85856014416408
0.138503908277328,0.321068581433291,0.121,0.062,1,"FBXO21","Not significant",0.858537971586323,0.858537971586323
0.138521521243173,-1.13367217496413,0.309,0.37,1,"BRAF","Not significant",0.858482747674931,0.858482747674931
0.138728222540839,0.318250623745572,0.667,0.593,1,"CMTM6","Not significant",0.857835178098233,0.857835178098233
0.138795334928764,0.243704059071392,0.85,0.728,1,"CDC42","Not significant",0.857625130774129,0.857625130774129
0.138917139831852,-0.551876644899651,0.128,0.185,1,"AC244090.1","Not significant",0.85724416696818,0.85724416696818
0.138945826993023,-0.841888630262954,0.107,0.16,1,"SAMD1","Not significant",0.857154492003686,0.857154492003686
0.13915076014451,0.416058469602135,0.717,0.58,1,"WTAP","Not significant",0.856514416885349,0.856514416885349
0.139427945318876,0.385944852330904,0.105,0.049,1,"PRKCE","Not significant",0.855650172569055,0.855650172569055
0.139511029570926,0.177866238183426,0.561,0.444,1,"UBE2A","Not significant",0.855391456243883,0.855391456243883
0.139822176327585,0.339342685133828,0.511,0.383,1,"MTPN","Not significant",0.854423942375048,0.854423942375048
0.140078413573926,0.305862459642742,0.216,0.136,1,"MRPS5","Not significant",0.853628785399705,0.853628785399705
0.140250056915723,1.26455742261696,0.1,0.049,1,"CLK4","Not significant",0.853096953828096,0.853096953828096
0.140313931622707,-0.452323677047527,0.599,0.605,1,"RAB31","Not significant",0.852899206188424,0.852899206188424
0.140354315172307,-1.14844600165888,0.076,0.123,1,"RCN3","Not significant",0.852774230505763,0.852774230505763
0.140562199469535,-0.904579075635511,0.107,0.16,1,"GBF1","Not significant",0.852131455767112,0.852131455767112
0.140569460338708,-1.40867267542567,0.116,0.173,1,"OSGIN1","Not significant",0.852109022467221,0.852109022467221
0.140589410681765,0.317778184376943,0.181,0.111,1,"CDCP1","Not significant",0.852047389527206,0.852047389527206
0.140872536327356,-0.992901737427351,0.097,0.148,1,"PGRMC2","Not significant",0.851173666110276,0.851173666110276
0.140895752124247,-0.699271458478633,0.257,0.321,1,"MPEG1","Not significant",0.851102100267571,0.851102100267571
0.14096350912488,0.521424269057181,0.257,0.173,1,"INTS11","Not significant",0.85089329753445,0.85089329753445
0.141015335158699,-1.104514313204,0.1,0.148,1,"SH3PXD2B","Not significant",0.850733656049166,0.850733656049166
0.141355527916876,-0.584822686688699,0.311,0.37,1,"CCDC124","Not significant",0.849687203114663,0.849687203114663
0.141409028646056,0.43610217443177,0.254,0.173,1,"SMARCA4","Not significant",0.849522860935287,0.849522860935287
0.141436966115962,0.307164899589847,0.214,0.136,1,"MAP2K7","Not significant",0.849437068035384,0.849437068035384
0.141470495946974,0.136435198931506,0.299,0.21,1,"NUDT1","Not significant",0.849334123980465,0.849334123980465
0.141966516328958,0.415912687406427,0.544,0.457,1,"TUBB2A","Not significant",0.847814074548743,0.847814074548743
0.142009038502504,-0.254973492909449,0.496,0.58,1,"NABP1","Not significant",0.847684013033564,0.847684013033564
0.142475766961677,0.5612919974656,0.211,0.136,1,"UROD","Not significant",0.846258996496068,0.846258996496068
0.142571804681739,-0.41363677040442,0.38,0.457,1,"DHRS3","Not significant",0.845966353038591,0.845966353038591
0.142606924325728,0.249240508812623,0.169,0.099,1,"MYOF","Not significant",0.845859386661954,0.845859386661954
0.142607494694147,-0.0133928771563427,0.309,0.222,1,"FCGBP","Not significant",0.845857649668025,0.845857649668025
0.142623912504055,-0.586863061776994,0.124,0.185,1,"RUBCN","Not significant",0.845807654021853,0.845807654021853
0.142883230441314,-0.472039958429603,0.449,0.519,1,"AHR","Not significant",0.845018739397741,0.845018739397741
0.142914912327445,0.793446162761637,0.116,0.062,1,"E2F3","Not significant",0.844922452779178,0.844922452779178
0.142920230932482,-0.335399011094543,0.447,0.506,1,"THUMPD3-AS1","Not significant",0.844906290730011,0.844906290730011
0.143158032601681,-0.490386551038068,0.651,0.654,1,"IFITM3","Not significant",0.844184278681759,0.844184278681759
0.143333669987638,0.605561717408578,0.195,0.123,1,"KLHDC2","Not significant",0.843651779091691,0.843651779091691
0.143387016240829,0.390533575566574,0.214,0.136,1,"WDR46","Not significant",0.843490172449611,0.843490172449611
0.143391434352783,-0.882870639139034,0.537,0.519,1,"FOLR2","Not significant",0.843476790958508,0.843476790958508
0.143448916784044,0.825829906647232,0.102,0.049,1,"MANBAL","Not significant",0.843302726863702,0.843302726863702
0.143475085880461,-0.827987174030455,0.292,0.346,1,"IDH1","Not significant",0.843223506623526,0.843223506623526
0.143735325338785,-0.362045673793315,0.639,0.642,1,"RAB21","Not significant",0.842436483679796,0.842436483679796
0.143831803964317,0.539088338669262,0.147,0.086,1,"FAM126B","Not significant",0.84214507251355,0.84214507251355
0.144044612402155,0.165682720778585,0.475,0.358,1,"NFKBIB","Not significant",0.84150298068639,0.84150298068639
0.144186343487493,0.158308873009272,0.352,0.247,1,"RBCK1","Not significant",0.841075871578364,0.841075871578364
0.144198672452204,0.29182344797425,0.508,0.407,1,"NDUFA2","Not significant",0.841038737878284,0.841038737878284
0.144277664879655,0.183210695147646,0.166,0.099,1,"LIMK1","Not significant",0.840800895311861,0.840800895311861
0.14427791835078,1.02820442610482,0.228,0.16,1,"AC005899.8","Not significant",0.840800132331575,0.840800132331575
0.144391302350108,-0.750000640573565,0.164,0.222,1,"CHRAC1","Not significant",0.840458966427865,0.840458966427865
0.144505067655434,0.172819100104919,0.686,0.543,1,"TMA7","Not significant",0.840116922345498,0.840116922345498
0.144566300549899,-0.916267838430439,0.221,0.272,1,"STK25","Not significant",0.83993293242813,0.83993293242813
0.144621192109575,-1.37709502080596,0.076,0.123,1,"CCDC138","Not significant",0.839768062906717,0.839768062906717
0.144670759588786,0.459719388137629,0.278,0.198,1,"ZNF593","Not significant",0.839619238283095,0.839619238283095
0.144710869011848,0.137888143283884,0.249,0.16,1,"MIA3","Not significant",0.839498848462196,0.839498848462196
0.144799703429515,1.40745951921293,0.1,0.049,1,"AC079015.1","Not significant",0.839232327635123,0.839232327635123
0.144942500376333,0.619932342689814,0.178,0.111,1,"RECQL","Not significant",0.838804251019135,0.838804251019135
0.144987736999556,0.107080310477632,0.378,0.259,1,"COX7A2L","Not significant",0.838668728652218,0.838668728652218
0.14503720330554,-0.16955865681083,0.164,0.099,1,"LINC01480","Not significant",0.838520583158836,0.838520583158836
0.145044478331957,0.578521912353283,0.473,0.407,1,"GPR34","Not significant",0.838498799612827,0.838498799612827
0.145078285579271,-1.31775990490527,0.119,0.173,1,"CHST15","Not significant",0.838397585210859,0.838397585210859
0.145413750646216,0.25890720688638,0.77,0.667,1,"HLA-DMB","Not significant",0.837394523687362,0.837394523687362
0.14547704992645,0.289002157746733,0.751,0.667,1,"RHEB","Not significant",0.837205514420008,0.837205514420008
0.145586437610823,1.29334037717323,0.114,0.062,1,"MTO1","Not significant",0.836879080690036,0.836879080690036
0.145725165954414,1.1296616919205,0.268,0.185,1,"TAF9","Not significant",0.836465441425947,0.836465441425947
0.145824214187682,0.516040552146579,0.306,0.222,1,"NXT1","Not significant",0.836170355202235,0.836170355202235
0.146131161977042,-0.0792819219261189,0.105,0.049,1,"CAMK2G","Not significant",0.835257162357367,0.835257162357367
0.14618567756187,0.573082984140396,0.102,0.049,1,"COMTD1","Not significant",0.835095174987905,0.835095174987905
0.146267065692985,0.0861380448942275,0.188,0.111,1,"LYPLA2","Not significant",0.834853451031038,0.834853451031038
0.146295211891665,-0.828016632142532,0.178,0.235,1,"PLOD1","Not significant",0.834769887702833,0.834769887702833
0.146714942539428,0.277449553475054,0.518,0.407,1,"ATOX1","Not significant",0.833525652128493,0.833525652128493
0.146892778048319,-0.7558911042797,0.097,0.148,1,"ACAP3","Not significant",0.832999555679204,0.832999555679204
0.147079098703075,0.479245174022241,0.15,0.086,1,"HCCS","Not significant",0.832449040140409,0.832449040140409
0.147095735426664,0.222308755402886,0.504,0.383,1,"UBXN4","Not significant",0.832399918078145,0.832399918078145
0.147134231662962,0.155933559893322,0.219,0.136,1,"GRSF1","Not significant",0.832286274296317,0.832286274296317
0.147348877691353,-0.272581707127768,0.47,0.531,1,"LAMTOR2","Not significant",0.831653167681778,0.831653167681778
0.147416699159074,-0.227931444998341,0.732,0.741,1,"CD164","Not significant",0.831453317414181,0.831453317414181
0.147466817678765,0.48706063137999,0.15,0.086,1,"ABT1","Not significant",0.831305691687345,0.831305691687345
0.147793208220179,-1.16278411336654,0.114,0.16,1,"MED16","Not significant",0.830345523317865,0.830345523317865
0.147813303464573,0.357476786758699,0.608,0.494,1,"GLIPR1","Not significant",0.830286476893506,0.830286476893506
0.147813313786358,0.14363888991402,0.613,0.469,1,"SPCS1","Not significant",0.830286446566776,0.830286446566776
0.148027819549297,0.10217751788338,0.188,0.111,1,"TSR2","Not significant",0.829656657974123,0.829656657974123
0.148032264891489,0.617920046990075,0.102,0.049,1,"TNNI2","Not significant",0.829643616110759,0.829643616110759
0.14847876240834,-0.898986343079396,0.169,0.222,1,"GAS2L3","Not significant",0.828335661016572,0.828335661016572
0.148620134470098,0.49292197729304,0.131,0.074,1,"RFFL","Not significant",0.827922350084785,0.827922350084785
0.14865278397641,-0.479063939673529,0.309,0.358,1,"SLC25A11","Not significant",0.827826952895163,0.827826952895163
0.148697576396143,0.232681378419834,0.138,0.074,1,"NOC4L","Not significant",0.827696109933721,0.827696109933721
0.148715183494145,-0.143283535853005,0.981,0.951,1,"TYROBP","Not significant",0.827644688700039,0.827644688700039
0.148771161607505,0.553194314888988,0.119,0.062,1,"LRRC47","Not significant",0.827481245998033,0.827481245998033
0.148962216108446,0.481563627790075,0.102,0.049,1,"C2CD2L","Not significant",0.826923875322788,0.826923875322788
0.148977135002037,-0.641655372962223,0.116,0.173,1,"SLFN11","Not significant",0.826880381953119,0.826880381953119
0.149080780104803,0.409013279256241,0.451,0.346,1,"WHAMM","Not significant",0.826578343350953,0.826578343350953
0.149193269536216,0.387777162622836,0.508,0.407,1,"AUP1","Not significant",0.826250768480057,0.826250768480057
0.14925768434363,-0.355738311178843,0.39,0.444,1,"MERTK","Not significant",0.826063300519354,0.826063300519354
0.149511147639403,0.119976296271322,0.138,0.074,1,"CIZ1","Not significant",0.825326424879437,0.825326424879437
0.149540583933608,0.294658146635523,0.209,0.136,1,"GFER","Not significant",0.825240927831049,0.825240927831049
0.14962300491885,0.349099919038014,0.154,0.086,1,"BOD1","Not significant",0.825001627452774,0.825001627452774
0.14977902133546,0.53721093078174,0.181,0.111,1,"ACADM","Not significant",0.824549011444789,0.824549011444789
0.14990546980815,0.326183592459005,0.278,0.185,1,"ETV5","Not significant",0.824182520159346,0.824182520159346
0.150020436144115,0.264356071879081,0.596,0.444,1,"EPC1","Not significant",0.823849576277083,0.823849576277083
0.150055741342397,0.480039634602599,0.133,0.074,1,"EMG1","Not significant",0.823747383207338,0.823747383207338
0.150192499698791,0.510559268155371,0.684,0.617,1,"SLC1A3","Not significant",0.823351754553945,0.823351754553945
0.150226286635761,0.406019896163544,0.24,0.16,1,"ZNF131","Not significant",0.823254067717997,0.823254067717997
0.150339774068924,0.365384340349393,0.178,0.111,1,"POLG","Not significant",0.82292610674852,0.82292610674852
0.150413242343683,0.257225217658533,0.185,0.111,1,"ACAT2","Not significant",0.822713926885202,0.822713926885202
0.150425687810166,0.502530198695783,0.385,0.296,1,"EDEM1","Not significant",0.822677994052847,0.822677994052847
0.150581417814731,0.108245376875053,0.375,0.272,1,"TBCB","Not significant",0.822228618032019,0.822228618032019
0.150699545680759,-0.20668331133338,0.957,0.901,1,"C1QC","Not significant",0.821888056966303,0.821888056966303
0.150829551610156,0.311851803538894,0.796,0.728,1,"TCP1","Not significant",0.821513560032125,0.821513560032125
0.150924701262577,-0.642657248342431,0.394,0.457,1,"MAF","Not significant",0.821239675107702,0.821239675107702
0.150968254464897,-0.928564604259657,0.088,0.136,1,"CDK19","Not significant",0.82111436635035,0.82111436635035
0.151034435613037,0.199582567864978,0.135,0.074,1,"FBXO9","Not significant",0.820924022960389,0.820924022960389
0.151058202218384,1.49854594306083,0.185,0.123,1,"INHBA","Not significant",0.820855688255836,0.820855688255836
0.151059411838582,0.370373805505957,0.169,0.099,1,"KCNK6","Not significant",0.820852210594468,0.820852210594468
0.151091631897264,0.368772423967162,0.525,0.42,1,"ENSA","Not significant",0.820759588086388,0.820759588086388
0.151261947238476,0.18689780334822,0.898,0.827,1,"LRRFIP1","Not significant",0.820270313106369,0.820270313106369
0.151587223103577,0.345492470795665,0.321,0.235,1,"PTGS1","Not significant",0.819337402724141,0.819337402724141
0.15159159116247,-0.732075196650491,0.188,0.247,1,"THBS1","Not significant",0.819324888499632,0.819324888499632
0.151638057906437,0.314221209726679,0.285,0.198,1,"TMEM134","Not significant",0.819191786405448,0.819191786405448
0.151648444588417,-1.18073376350234,0.078,0.123,1,"ERLIN1","Not significant",0.819162039755769,0.819162039755769
0.1520085037946,-0.124812842280122,0.862,0.877,1,"ZEB2","Not significant",0.818132115688351,0.818132115688351
0.152065600665624,-0.241592022031429,0.686,0.716,1,"ETF1","Not significant",0.817969018233174,0.817969018233174
0.152301869276449,0.214081146064771,0.404,0.309,1,"SUPT4H1","Not significant",0.817294766319473,0.817294766319473
0.152467133169128,0.215670143751246,0.532,0.42,1,"KIF1B","Not significant",0.816823765639566,0.816823765639566
0.152514077981869,0.212550551161942,0.979,0.938,1,"HLA-E","Not significant",0.816690066430939,0.816690066430939
0.152619685055341,-0.333034332498355,0.499,0.556,1,"CAPZA1","Not significant",0.81638944698697,0.81638944698697
0.152677684084369,-0.980293024484356,0.133,0.185,1,"ZMPSTE24","Not significant",0.816224436337606,0.816224436337606
0.152716424528098,0.182681497165853,0.119,0.062,1,"TAPT1","Not significant",0.816114252410976,0.816114252410976
0.152767498710046,-1.23584169068029,0.069,0.111,1,"HSPBP1","Not significant",0.815969032097191,0.815969032097191
0.152791531389902,0.128932296841374,0.378,0.272,1,"UFD1","Not significant",0.815900716261361,0.815900716261361
0.153068879467855,0.567272917983452,0.171,0.111,1,"UHRF1BP1L","Not significant",0.815113097017032,0.815113097017032
0.153109875301285,-0.536571001430033,0.273,0.333,1,"ATG4B","Not significant",0.814996797214588,0.814996797214588
0.153159655646533,0.361773225094129,0.119,0.062,1,"CHD1L","Not significant",0.814855618760616,0.814855618760616
0.153254212805911,0.494698133722844,0.197,0.123,1,"BECN1","Not significant",0.814587578322022,0.814587578322022
0.153343817610451,-0.524375192541988,0.385,0.432,1,"PDCD6IP","Not significant",0.814333728855222,0.814333728855222
0.153640337579241,0.295215651474292,0.323,0.235,1,"GATAD2A","Not significant",0.813494747272025,0.813494747272025
0.153817363695473,-1.61611451041374,0.069,0.111,1,"INPP4A","Not significant",0.812994636371504,0.812994636371504
0.15392581198416,-0.682987498960253,0.271,0.333,1,"VAV1","Not significant",0.812688546755095,0.812688546755095
0.154353922071315,0.152536041163877,0.233,0.148,1,"ATP13A1","Not significant",0.811482330792907,0.811482330792907
0.154497352523561,-0.000811427234962636,0.105,0.049,1,"UBL4A","Not significant",0.81107895827319,0.81107895827319
0.154668963608375,0.103711649400338,0.121,0.062,1,"DMAC2","Not significant",0.81059682454171,0.81059682454171
0.154689277404935,-0.223925609087278,0.701,0.741,1,"VAMP8","Not significant",0.810539789243498,0.810539789243498
0.154696402018781,-0.570936168361125,0.449,0.481,1,"SELENOF","Not significant",0.810519787151057,0.810519787151057
0.154881489443151,0.612653943228867,0.264,0.185,1,"MBOAT7","Not significant",0.810000483551751,0.810000483551751
0.154943808943622,-0.551925980165873,0.373,0.259,1,"OXSR1","Not significant",0.809825772089029,0.809825772089029
0.15525300631658,0.0851671215129142,0.432,0.309,1,"MDH2","Not significant",0.808959981398981,0.808959981398981
0.155396789615986,0.334526913125834,0.197,0.123,1,"CEP68","Not significant",0.808557957648774,0.808557957648774
0.155463820269057,-0.36880949339868,0.352,0.407,1,"EIF3J","Not significant",0.808370664422983,0.808370664422983
0.155578965832161,0.253575034663754,0.195,0.123,1,"TNFAIP8L3","Not significant",0.808049119689006,0.808049119689006
0.155583338303653,-0.675437873560652,0.183,0.247,1,"SORBS3","Not significant",0.808036914224423,0.808036914224423
0.155692157478119,0.387751455397959,0.1,0.049,1,"ZNF821","Not significant",0.80773326315287,0.80773326315287
0.155695839538265,0.206270058727256,0.233,0.148,1,"MRPS33","Not significant",0.807722992375456,0.807722992375456
0.155980792762723,-0.402135326971926,0.28,0.346,1,"SUN2","Not significant",0.806928876714298,0.806928876714298
0.156084907278737,0.235609859384079,0.394,0.284,1,"MARCH2","Not significant",0.806639089265936,0.806639089265936
0.156104290050806,-0.0851368282779676,0.221,0.136,1,"TRAF3","Not significant",0.806585161512917,0.806585161512917
0.156179477884525,0.774002960833613,0.1,0.049,1,"MICA","Not significant",0.806376033371947,0.806376033371947
0.156194711214746,0.222521283885365,0.546,0.457,1,"MINOS1","Not significant",0.806333675510817,0.806333675510817
0.156209063830002,-0.374889954591258,0.392,0.457,1,"TMED2","Not significant",0.806293770348917,0.806293770348917
0.156641647552033,-0.626502607748963,0.242,0.296,1,"RSF1","Not significant",0.805092757620907,0.805092757620907
0.156816413122783,0.277811741498584,0.271,0.185,1,"CCM2","Not significant",0.804608484026508,0.804608484026508
0.156837757286935,-1.16882623109942,0.178,0.222,1,"SH3GLB2","Not significant",0.80454937655337,0.80454937655337
0.156928034860956,0.372776326924655,0.268,0.185,1,"SDC4","Not significant",0.804299463692884,0.804299463692884
0.157017206392896,0.350630416725626,0.178,0.111,1,"AC116366.1","Not significant",0.804052753756138,0.804052753756138
0.157039883669069,0.308621653219772,0.663,0.58,1,"MTDH","Not significant",0.803990035121626,0.803990035121626
0.15708800178507,-0.771297888569775,0.107,0.16,1,"ZNF621","Not significant",0.803856984645117,0.803856984645117
0.157157588837252,0.516735919844395,0.1,0.049,1,"UIMC1","Not significant",0.803664642896049,0.803664642896049
0.157415660674741,0.419757015633275,0.15,0.086,1,"BLNK","Not significant",0.802952063550703,0.802952063550703
0.15764592414261,0.10085610585599,0.119,0.062,1,"NKAPD1","Not significant",0.802317253239933,0.802317253239933
0.157648382132091,0.733681724874224,0.1,0.049,1,"HDDC3","Not significant",0.802310481844149,0.802310481844149
0.15765809607149,0.674008147537061,0.133,0.074,1,"HPS4","Not significant",0.802283722417551,0.802283722417551
0.157763370848663,0.220862229206451,0.135,0.074,1,"INO80E","Not significant",0.801993822957288,0.801993822957288
0.15802040147173,0.269112152963735,0.102,0.049,1,"POFUT2","Not significant",0.801286839155625,0.801286839155625
0.158140335799551,0.619948679356239,0.1,0.049,1,"MRPL45","Not significant",0.800957343344656,0.800957343344656
0.158317676837622,-0.219217299901153,0.318,0.407,1,"CMTM7","Not significant",0.800470591616237,0.800470591616237
0.158349474852427,-0.237798427676385,0.425,0.494,1,"SEC14L1","Not significant",0.800383372576701,0.800383372576701
0.158359414251186,0.579820963989603,0.216,0.148,1,"DPM2","Not significant",0.800356113310008,0.800356113310008
0.15848907054126,0.358984590940991,0.382,0.284,1,"RBM5","Not significant",0.800000681504785,0.800000681504785
0.158682256079802,0.51399345434907,0.247,0.173,1,"TICAM1","Not significant",0.799471633531619,0.799471633531619
0.158799245975752,0.219785507566458,0.463,0.358,1,"CUTA","Not significant",0.799151564058466,0.799151564058466
0.158820681101025,0.591008348152244,0.131,0.074,1,"TIMM29","Not significant",0.799092945843138,0.799092945843138
0.158933305569163,-0.661469324246981,0.276,0.346,1,"BCAT1","Not significant",0.798785083854681,0.798785083854681
0.15909852765513,-0.0760538182275701,0.988,0.988,1,"HSPA1A","Not significant",0.798333839424514,0.798333839424514
0.159120906204934,0.973542450828088,0.185,0.123,1,"PRKX","Not significant",0.798272756538461,0.798272756538461
0.159348695005286,-1.24465400224335,0.145,0.198,1,"GALNT11","Not significant",0.797651488853719,0.797651488853719
0.159382920100206,0.240768435645335,0.501,0.407,1,"MAP7D1","Not significant",0.797558220604075,0.797558220604075
0.159396772115874,0.554256679720124,0.235,0.16,1,"NAA15","Not significant",0.79752047758519,0.79752047758519
0.15940578688602,-1.07935867698317,0.173,0.222,1,"SUPV3L1","Not significant",0.797495916521796,0.797495916521796
0.1595208999277,0.795986185397938,0.114,0.062,1,"MDK","Not significant",0.797182408978935,0.797182408978935
0.159721012631911,-1.33126351782332,0.081,0.123,1,"TCF3","Not significant",0.796637945040077,0.796637945040077
0.159740960369285,-0.248379093126,0.689,0.667,1,"PTPRE","Not significant",0.796583708899246,0.796583708899246
0.159828077128397,0.166721282216526,0.166,0.099,1,"FAM13B","Not significant",0.796346925454908,0.796346925454908
0.159950437145676,0.91012400254435,0.143,0.086,1,"LINC00667","Not significant",0.796014568648361,0.796014568648361
0.16001030235322,0.525900051047587,0.209,0.136,1,"FMNL3","Not significant",0.795852054149623,0.795852054149623
0.160178985787172,-0.236698634074068,0.774,0.852,1,"TSPO","Not significant",0.795394460507084,0.795394460507084
0.160188442259841,-0.983940908885592,0.078,0.123,1,"UBTD1","Not significant",0.79536882185883,0.79536882185883
0.160514024892034,0.215046679882109,0.675,0.543,1,"NOP53","Not significant",0.794487015177399,0.794487015177399
0.160679639779888,0.0467718875576623,0.582,0.481,1,"ZNF385A","Not significant",0.794039150563606,0.794039150563606
0.160719743710233,0.864012584738414,0.171,0.111,1,"TOMM34","Not significant",0.79393076880162,0.79393076880162
0.160726696272452,-0.499835193273931,0.249,0.321,1,"NCBP2-AS2","Not significant",0.79391198209857,0.79391198209857
0.160736180663839,-1.29218631437871,0.081,0.123,1,"ARMT1","Not significant",0.793886355383074,0.793886355383074
0.160757563293791,0.199305973286104,0.152,0.086,1,"SUSD1","Not significant",0.793828585312055,0.793828585312055
0.160981675688985,0.0865258618681706,0.466,0.346,1,"CSF3R","Not significant",0.793223556266743,0.793223556266743
0.160993824372316,0.203347360110486,0.2,0.123,1,"SBNO1","Not significant",0.793190782927565,0.793190782927565
0.161260600612788,-0.0874602150123076,0.138,0.074,1,"TLK1","Not significant",0.792471727010102,0.792471727010102
0.161412015713363,-0.558101377840216,0.363,0.432,1,"RPN1","Not significant",0.792064138983375,0.792064138983375
0.161500554388458,0.147066178830474,0.751,0.63,1,"UBXN1","Not significant",0.791825982512849,0.791825982512849
0.161534655617875,0.0887408535447962,0.15,0.086,1,"THAP7","Not significant",0.791734289871563,0.791734289871563
0.161657806495698,-0.632905474351408,0.359,0.407,1,"MIF","Not significant",0.791403318357445,0.791403318357445
0.161732525302433,-1.04405713358966,0.078,0.123,1,"QSER1","Not significant",0.791202632295765,0.791202632295765
0.161863612637967,0.22896523997795,0.24,0.16,1,"CYTH2","Not significant",0.790850770806032,0.790850770806032
0.162136176353343,-0.859412091307878,0.121,0.173,1,"TRAP1","Not significant",0.790120073135842,0.790120073135842
0.162370712017891,0.135431964595397,0.228,0.148,1,"NME4","Not significant",0.789492304873853,0.789492304873853
0.16253626457219,0.667794151915548,0.116,0.062,1,"TNFAIP8L1","Not significant",0.789049725476058,0.789049725476058
0.162553756332599,0.0729684973536437,0.292,0.21,1,"MRPL52","Not significant",0.789002990267081,0.789002990267081
0.162674427640048,0.0136490554046547,0.276,0.185,1,"SLC31A1","Not significant",0.788680712629797,0.788680712629797
0.162716824405576,0.631303229956762,0.147,0.086,1,"ELF4","Not significant",0.788567540064109,0.788567540064109
0.162864293060091,0.282593079154501,0.181,0.111,1,"EXOC3","Not significant",0.788174121503549,0.788174121503549
0.162953596442256,0.127532626519415,0.259,0.173,1,"ZNF330","Not significant",0.78793605006358,0.78793605006358
0.163075061884783,0.271073316449612,0.197,0.123,1,"ITFG1","Not significant",0.787612447996554,0.787612447996554
0.163081964817307,0.016729174973642,0.188,0.111,1,"MRC2","Not significant",0.787594064793009,0.787594064793009
0.163123991890861,0.448815649075861,0.1,0.049,1,"DLGAP1-AS1","Not significant",0.787482159256886,0.787482159256886
0.163320840773208,0.33679444109541,0.19,0.123,1,"PRKRIP1","Not significant",0.786958393001889,0.786958393001889
0.163381823088863,0.300290062366958,0.72,0.605,1,"RBM3","Not significant",0.786796262193543,0.786796262193543
0.16350621485718,0.218119086668184,0.192,0.123,1,"SLC35B2","Not significant",0.786465735194016,0.786465735194016
0.163770078138737,0.432815530718608,0.133,0.074,1,"DYRK2","Not significant",0.785765443761735,0.785765443761735
0.164019442441997,0.100780686035427,0.468,0.333,1,"CCDC12","Not significant",0.785104668752276,0.785104668752276
0.164115624764362,0.414668207866805,0.131,0.074,1,"ACSF3","Not significant",0.784850069611673,0.784850069611673
0.164468337550698,0.556048762191445,0.162,0.099,1,"CA2","Not significant",0.78391769741336,0.78391769741336
0.164508120533742,0.230890432588942,0.717,0.642,1,"ARL6IP5","Not significant",0.783812659319177,0.783812659319177
0.164595980808061,0.54724253810971,0.238,0.16,1,"SUZ12","Not significant",0.783580773827226,0.783580773827226
0.164657601005208,0.344078612383661,0.133,0.074,1,"SOCS4","Not significant",0.783418216373728,0.783418216373728
0.164705894014019,-0.959349396032782,0.287,0.321,1,"BBX","Not significant",0.783290859288265,0.783290859288265
0.164840577377194,-0.628646653644947,0.302,0.346,1,"PSMF1","Not significant",0.782935872967576,0.782935872967576
0.16510805216776,-1.00851525754691,0.112,0.16,1,"GPR107","Not significant",0.782231746078508,0.782231746078508
0.165150285286159,0.584103899753178,0.1,0.049,1,"IARS2","Not significant",0.78212067175702,0.78212067175702
0.165256494249992,0.556340063682958,0.147,0.086,1,"HMGCL","Not significant",0.781841464601679,0.781841464601679
0.165346505408298,0.509399491212078,0.204,0.136,1,"SGMS1","Not significant",0.781604979449587,0.781604979449587
0.165543653067528,0.355410794732228,0.299,0.222,1,"NDUFS4","Not significant",0.781087465413815,0.781087465413815
0.165972825655649,0.236076665237158,0.181,0.111,1,"POLR2H","Not significant",0.779963012164029,0.779963012164029
0.166031071733667,0.614998433527857,0.145,0.086,1,"AC020656.1","Not significant",0.779810628708689,0.779810628708689
0.166118643544545,0.445832784582271,0.321,0.235,1,"MARCKSL1","Not significant",0.779581623815014,0.779581623815014
0.166287961022852,-0.977135357742899,0.069,0.111,1,"CEP164","Not significant",0.779139191854472,0.779139191854472
0.166360694744666,0.584970953096474,0.131,0.074,1,"MZT1","Not significant",0.778949274631071,0.778949274631071
0.16655472940755,0.460935932064206,0.188,0.123,1,"HDAC10","Not significant",0.778443030781633,0.778443030781633
0.166586623910274,0.509073923230841,0.164,0.099,1,"EPHB2","Not significant",0.778359873248408,0.778359873248408
0.166682396072595,0.377124726773092,0.1,0.049,1,"TRIM52","Not significant",0.778110265152445,0.778110265152445
0.166682396072595,0.314604829961106,0.1,0.049,1,"NUP160","Not significant",0.778110265152445,0.778110265152445
0.166759415636055,-0.211059670975917,0.819,0.84,1,"CLK1","Not significant",0.777909635412384,0.777909635412384
0.166970489716515,-0.247974586033118,0.568,0.605,1,"CHD1","Not significant",0.777360279066612,0.777360279066612
0.167021924447979,0.574906754561458,0.245,0.173,1,"LINC00513","Not significant",0.777226516626017,0.777226516626017
0.167039537457921,-0.17443505040162,0.344,0.235,1,"ODF3B","Not significant",0.777180721262547,0.777180721262547
0.167509456323467,0.261295176988376,0.33,0.235,1,"PLA2G7","Not significant",0.775960670936519,0.775960670936519
0.167532909892592,-0.861193333848973,0.302,0.333,1,"PNKD","Not significant",0.775899868144421,0.775899868144421
0.167681852585069,-0.71502401441241,0.19,0.247,1,"PACSIN2","Not significant",0.775513936491284,0.775513936491284
0.167722774520266,0.261553004929485,0.235,0.16,1,"CHCHD5","Not significant",0.775407961979923,0.775407961979923
0.167997855310964,-0.594961222002272,0.344,0.395,1,"SLC11A2","Not significant",0.774696262515561,0.774696262515561
0.168173316369489,0.608700748830713,0.131,0.074,1,"MARS","Not significant",0.774242911467967,0.774242911467967
0.168268416105671,-0.75483152778964,0.147,0.198,1,"DHX30","Not significant",0.773997393223542,0.773997393223542
0.168332295067152,-0.244591281128841,0.983,0.988,1,"GAPDH","Not significant",0.773832555301975,0.773832555301975
0.168400322832392,0.609785496330799,0.323,0.247,1,"TREM1","Not significant",0.773657080269908,0.773657080269908
0.168546655694555,0.614117914149263,0.114,0.062,1,"CCND2","Not significant",0.773279860335592,0.773279860335592
0.168659648393645,0.449125247429933,0.356,0.272,1,"SMIM7","Not significant",0.772988809385761,0.772988809385761
0.168807226415579,-1.01624691933779,0.221,0.272,1,"ZBTB20","Not significant",0.77260896573623,0.77260896573623
0.169409253244009,0.647994123823533,0.162,0.099,1,"GBP5","Not significant",0.771062871909323,0.771062871909323
0.169646218718537,0.286914101583369,0.815,0.765,1,"ETS2","Not significant",0.770455815995141,0.770455815995141
0.169693344878245,0.374812638630737,0.299,0.21,1,"GRHPR","Not significant",0.770335189734948,0.770335189734948
0.169804018816286,-0.495558646918175,0.238,0.296,1,"MBD3","Not significant",0.770052035357775,0.770052035357775
0.17003647443608,0.619727161097607,0.456,0.383,1,"EHD1","Not significant",0.769457908343995,0.769457908343995
0.170295266289801,-0.522622352156467,0.273,0.333,1,"VAT1","Not significant",0.768797423985674,0.768797423985674
0.170494731000865,0.673078337679575,0.114,0.062,1,"ZHX2","Not significant",0.768289037977103,0.768289037977103
0.170589501862269,-0.720455686605729,0.228,0.284,1,"HEBP2","Not significant",0.768047698980769,0.768047698980769
0.170599342096518,0.360024476693837,0.278,0.198,1,"LRMDA","Not significant",0.768022647989145,0.768022647989145
0.170616817269444,0.429010783583844,0.19,0.123,1,"CCDC90B","Not significant",0.767978163746706,0.767978163746706
0.170646446485369,0.356032835853395,0.247,0.173,1,"PLEKHJ1","Not significant",0.767902750970834,0.767902750970834
0.170801274355558,0.149123194990429,0.998,1,1,"HLA-B","Not significant",0.767508893345361,0.767508893345361
0.170881875361608,-0.79193477904475,0.1,0.148,1,"AC018529.2","Not significant",0.767303998413658,0.767303998413658
0.170984375473709,-0.646360260435622,0.097,0.148,1,"KLHL28","Not significant",0.767043573558586,0.767043573558586
0.171161782268366,-0.258311490830599,0.634,0.642,1,"PHACTR1","Not significant",0.766593199955769,0.766593199955769
0.171263195360155,0.211409050544985,0.679,0.543,1,"SEC11A","Not significant",0.766335957346019,0.766335957346019
0.171283121125362,-1.07674716117748,0.221,0.272,1,"RBBP4","Not significant",0.766285431916491,0.766285431916491
0.171542338699535,-0.623257171079592,0.088,0.136,1,"PCNX3","Not significant",0.765628673322263,0.765628673322263
0.171777688175002,-0.474574410845998,0.392,0.444,1,"WNK1","Not significant",0.765033246393896,0.765033246393896
0.171789092656356,0.518914770208635,0.264,0.185,1,"MFF","Not significant",0.765004414134205,0.765004414134205
0.171802909665954,0.219148081171654,0.945,0.914,1,"HSPE1","Not significant",0.764969485201126,0.764969485201126
0.171920438953793,-0.620177062877844,0.292,0.346,1,"TNS3","Not significant",0.764672488658035,0.764672488658035
0.172308818729107,0.276872759276225,0.425,0.321,1,"IFI44L","Not significant",0.763692494882909,0.763692494882909
0.172323870094861,-0.993614320946075,0.223,0.272,1,"EPHX1","Not significant",0.763654560436711,0.763654560436711
0.172403617834903,0.728914713383654,0.183,0.123,1,"SFR1","Not significant",0.763453624884571,0.763453624884571
0.172459627340888,-0.425380998687344,0.097,0.148,1,"STT3A","Not significant",0.763312556678912,0.763312556678912
0.172496318554148,0.133374494038919,0.287,0.21,1,"APOL6","Not significant",0.763220169278708,0.763220169278708
0.172588847881168,0.302719681147622,0.116,0.062,1,"RBSN","Not significant",0.762987270382952,0.762987270382952
0.172695512722323,0.39319590035282,0.325,0.235,1,"COL4A3BP","Not significant",0.76271894688681,0.76271894688681
0.172802802102055,0.901137479963996,0.183,0.123,1,"TMEM65","Not significant",0.76244921945207,0.76244921945207
0.172994126908185,-0.937534874824003,0.135,0.185,1,"CD180","Not significant",0.761968640770992,0.761968640770992
0.173007751778178,0.621413344888972,0.216,0.148,1,"LTBP3","Not significant",0.76193443745464,0.76193443745464
0.173194762504908,0.318908964718725,0.216,0.148,1,"RLIM","Not significant",0.76146524539956,0.76146524539956
0.173194762504908,0.61133564575709,0.216,0.148,1,"DHPS","Not significant",0.76146524539956,0.76146524539956
0.173230070255154,-0.733174536872417,0.15,0.198,1,"ASMTL","Not significant",0.761376718482876,0.761376718482876
0.173473651916217,0.455399473412283,0.247,0.173,1,"YIPF4","Not significant",0.760766478777141,0.760766478777141
0.173691947041185,-0.696163769445559,0.242,0.296,1,"WASHC4","Not significant",0.760220316478922,0.760220316478922
0.173786105114879,-0.6116723079876,0.221,0.272,1,"ICAM4","Not significant",0.759984950057479,0.759984950057479
0.174057761707335,0.373954291226327,0.304,0.222,1,"PDCD4","Not significant",0.759306605579885,0.759306605579885
0.17406896530451,0.413546903886634,0.164,0.099,1,"MRPL42","Not significant",0.759278652193635,0.759278652193635
0.174200398930657,-0.354448602033938,0.527,0.556,1,"DYNLRB1","Not significant",0.758950854763577,0.758950854763577
0.174387784552784,-0.680318010911785,0.242,0.296,1,"MGRN1","Not significant",0.758483939627765,0.758483939627765
0.174492031273018,-0.941328410907928,0.078,0.123,1,"CMSS1","Not significant",0.758224401674306,0.758224401674306
0.174537914378435,-1.77585246942077,0.14,0.185,1,"AKT1S1","Not significant",0.758110217892322,0.758110217892322
0.17457483028879,-1.29645712721078,0.128,0.173,1,"COPS7A","Not significant",0.758018371481865,0.758018371481865
0.174651749275088,0.0939942154601985,0.135,0.074,1,"PIGG","Not significant",0.75782706020261,0.75782706020261
0.174688918265885,0.381310760965626,0.323,0.235,1,"LPAR6","Not significant",0.757734644465413,0.757734644465413
0.174753283631113,0.697036732332656,0.157,0.099,1,"JAGN1","Not significant",0.757574655070264,0.757574655070264
0.174819985401912,0.297499706851328,0.209,0.136,1,"MIF4GD","Not significant",0.757408920365074,0.757408920365074
0.174862301370716,0.332582485492483,0.375,0.284,1,"WBP4","Not significant",0.757303810140549,0.757303810140549
0.174870624898162,0.354080244115093,0.964,0.926,1,"SGK1","Not significant",0.757283138011797,0.757283138011797
0.175080771684096,0.158269730603203,0.276,0.185,1,"LINC01094","Not significant",0.756761547863092,0.756761547863092
0.175102803942517,-1.16001684279858,0.114,0.16,1,"PXN","Not significant",0.756706899450462,0.756706899450462
0.175112959095987,-1.15129203176332,0.102,0.148,1,"TSC2","Not significant",0.756681713107746,0.756681713107746
0.175188295067401,-0.26022008258859,0.264,0.333,1,"DAGLB","Not significant",0.756494913906832,0.756494913906832
0.175268536937125,0.509391776832604,0.147,0.086,1,"SNX4","Not significant",0.756296038617979,0.756296038617979
0.175329492207361,0.478593550925841,0.352,0.259,1,"P2RX7","Not significant",0.756145025003684,0.756145025003684
0.17543390419159,-0.411835044101339,0.679,0.679,1,"CD99","Not significant",0.755886471514921,0.755886471514921
0.175447211524651,0.377847586084295,0.271,0.198,1,"WASHC3","Not significant",0.755853529865677,0.755853529865677
0.175536958729412,0.347247264974052,0.461,0.358,1,"XAF1","Not significant",0.755631430295686,0.755631430295686
0.175680973355915,-0.225402643231805,0.515,0.556,1,"INTS6","Not significant",0.755275271025929,0.755275271025929
0.175787997424451,0.772878567530647,0.112,0.062,1,"TYW3","Not significant",0.755010781311633,0.755010781311633
0.175812859735622,0.325540312612784,0.299,0.21,1,"SSH2","Not significant",0.754949361867697,0.754949361867697
0.175835416378854,0.240876081181085,0.226,0.148,1,"RNF11","Not significant",0.754893645822065,0.754893645822065
0.175928705619956,0.168863475704436,0.214,0.136,1,"PDE12","Not significant",0.754663292576536,0.754663292576536
0.175940644046892,0.161452488742699,0.962,0.963,1,"UBA52","Not significant",0.754633822587475,0.754633822587475
0.175951399682654,0.304488851187444,0.349,0.259,1,"MRPL34","Not significant",0.754607274028931,0.754607274028931
0.176117647380498,-0.173495524925027,0.582,0.63,1,"EIF5A","Not significant",0.754197124578011,0.754197124578011
0.176122288644807,0.441654723743885,0.159,0.099,1,"GPN1","Not significant",0.754185679677691,0.754185679677691
0.17622062500214,0.670117148547749,0.245,0.173,1,"TMEM107","Not significant",0.753943262777479,0.753943262777479
0.176359535489358,0.352383737106265,0.568,0.481,1,"ODC1","Not significant",0.7536010537257,0.7536010537257
0.176448265132722,0.304041053428248,0.492,0.383,1,"UXT","Not significant",0.753382607335123,0.753382607335123
0.176616159440852,0.203934078727281,0.606,0.481,1,"RBM47","Not significant",0.752969563301315,0.752969563301315
0.17672993810528,1.04750176965631,0.124,0.074,1,"FAM208B","Not significant",0.752689874643819,0.752689874643819
0.176901822647488,-0.264066145854244,0.499,0.543,1,"ITGA5","Not significant",0.752267692462417,0.752267692462417
0.176986163005522,0.67903176139659,0.131,0.074,1,"EBLN3P","Not significant",0.752060685984239,0.752060685984239
0.176996425206716,-0.297948718703247,0.587,0.63,1,"ATP2A2","Not significant",0.752035504986641,0.752035504986641
0.17723193881634,-1.11274104499354,0.164,0.21,1,"RBM14","Not significant",0.751458011558489,0.751458011558489
0.177414344691206,0.102050847703403,0.295,0.21,1,"ESD","Not significant",0.751011268560803,0.751011268560803
0.177716351772983,0.243953353728782,0.28,0.37,1,"CCL20","Not significant",0.750272610697455,0.750272610697455
0.177801735732431,0.0704792944265777,0.259,0.173,1,"ZFX","Not significant",0.750064003684491,0.750064003684491
0.177844397613477,0.52038826943061,0.235,0.16,1,"DDX52","Not significant",0.749959811242188,0.749959811242188
0.177907094758923,-1.05054616632179,0.093,0.136,1,"PNPLA4","Not significant",0.749806732336468,0.749806732336468
0.178052090375769,0.356550280855295,0.451,0.37,1,"C1orf43","Not significant",0.749452923234702,0.749452923234702
0.178071587273665,-0.802190234589285,0.124,0.173,1,"ANKHD1","Not significant",0.74940537011925,0.74940537011925
0.178137560097698,-0.990302401330465,0.09,0.136,1,"ABCC1","Not significant",0.749244500394416,0.749244500394416
0.178312708651879,0.22385676437312,0.734,0.617,1,"MYL12B","Not significant",0.748817702810659,0.748817702810659
0.178373556506929,-0.2216754052016,0.314,0.383,1,"VAMP5","Not significant",0.748669528403503,0.748669528403503
0.178755381012003,0.366720674919485,0.162,0.099,1,"SHMT2","Not significant",0.747740875912082,0.747740875912082
0.178983885615139,-0.247274409805242,0.637,0.691,1,"TPM4","Not significant",0.747186067922099,0.747186067922099
0.179183275658198,0.243316373513932,0.663,0.58,1,"AHSA1","Not significant",0.74670252831403,0.74670252831403
0.179189141422823,0.500541474428253,0.162,0.099,1,"DMAC1","Not significant",0.746688311431885,0.746688311431885
0.179263936925443,0.61235062537047,0.126,0.074,1,"ECI2","Not significant",0.746507070000342,0.746507070000342
0.179597190416625,0.0794355682697665,0.195,0.123,1,"PRCC","Not significant",0.74570046163364,0.74570046163364
0.179699079100813,0.00383965183198276,0.183,0.111,1,"HNRNPUL2","Not significant",0.745454148502934,0.745454148502934
0.179739841265952,-0.742837408687381,0.223,0.272,1,"ADAP1","Not significant",0.745355646184667,0.745355646184667
0.179760123035239,0.483741678823482,0.147,0.086,1,"HIST2H2BF","Not significant",0.745306643339779,0.745306643339779
0.179829135038358,0.102595842391739,0.133,0.074,1,"ARSD","Not significant",0.745139944630988,0.745139944630988
0.179860224709331,0.81916363474158,0.112,0.062,1,"TMEM161A","Not significant",0.745064868334093,0.745064868334093
0.179978940207008,0.480926472645451,0.114,0.062,1,"PEX10","Not significant",0.744778309824321,0.744778309824321
0.180071060638431,0.747744448172285,0.23,0.16,1,"CHD7","Not significant",0.744556077379847,0.744556077379847
0.180124684301395,-0.190731605899578,0.641,0.679,1,"ATP6V1B2","Not significant",0.744426767350929,0.744426767350929
0.180247383533846,0.462991453047347,0.409,0.333,1,"FDX1","Not significant",0.744131030769754,0.744131030769754
0.180321938013865,0.413839727480463,0.219,0.148,1,"ARL2BP","Not significant",0.743951433683701,0.743951433683701
0.180523274076919,0.173037508640718,0.297,0.21,1,"NIPSNAP2","Not significant",0.743466798458757,0.743466798458757
0.180535064585929,0.358875785622083,0.361,0.272,1,"CCND1","Not significant",0.74343843432778,0.74343843432778
0.180685297290111,0.257556263779693,0.285,0.198,1,"ATXN7L3B","Not significant",0.743077185377967,0.743077185377967
0.180932265611619,-0.563361596573112,0.233,0.284,1,"RERE","Not significant",0.742483978593147,0.742483978593147
0.181081687380633,-0.177178609104014,0.15,0.086,1,"HSDL2","Not significant",0.742125467254523,0.742125467254523
0.181333787540459,0.247896481003836,0.729,0.642,1,"SOD1","Not significant",0.741521267193901,0.741521267193901
0.181367161471175,-1.19553350827899,0.128,0.173,1,"NIT1","Not significant",0.741441343973246,0.741441343973246
0.181562350630377,-1.2248884957606,0.093,0.136,1,"AL078604.2","Not significant",0.740974203219377,0.740974203219377
0.18156304536164,0.551738176019176,0.228,0.16,1,"NKIRAS2","Not significant",0.740972541435557,0.740972541435557
0.181596903726119,0.304724869989628,0.145,0.086,1,"POLK","Not significant",0.740891560584342,0.740891560584342
0.181769227467116,0.966160987621874,0.109,0.062,1,"SUPT20H","Not significant",0.740479638564089,0.740479638564089
0.181942804373674,0.218398316815184,0.235,0.16,1,"PHF1","Not significant",0.740065115579817,0.740065115579817
0.182128855377273,-0.768104557106601,0.173,0.222,1,"RND3","Not significant",0.739621241803405,0.739621241803405
0.18224316634801,0.168699015662915,0.131,0.074,1,"KEAP1","Not significant",0.739348747635461,0.739348747635461
0.182422767007453,-0.225719627899762,0.819,0.827,1,"RASGEF1B","Not significant",0.738920961135465,0.738920961135465
0.18244469888778,0.199280521249428,0.15,0.086,1,"KDM4B","Not significant",0.738868750974213,0.738868750974213
0.182449450700663,0.0940220179618829,0.891,0.802,1,"MAP2K3","Not significant",0.738857439824847,0.738857439824847
0.18270481713569,-0.714246197595122,0.124,0.173,1,"ISCA2","Not significant",0.738250002029677,0.738250002029677
0.18270481713569,-0.701700732033851,0.124,0.173,1,"DEXI","Not significant",0.738250002029677,0.738250002029677
0.183145883195652,-0.633507114834754,0.34,0.37,1,"CREBRF","Not significant",0.73720283908246,0.73720283908246
0.183362855458567,-0.730843178497811,0.325,0.358,1,"ADIPOR1","Not significant",0.736688636513299,0.736688636513299
0.183477001702262,-1.37039151786423,0.081,0.123,1,"PLA2G4C","Not significant",0.736418365525024,0.736418365525024
0.183544124905366,-1.21951304864002,0.071,0.111,1,"NEK9","Not significant",0.736259512342319,0.736259512342319
0.183688485009541,0.123396363739612,0.898,0.765,1,"CLIC1","Not significant",0.7359180677201,0.7359180677201
0.183691370751714,0.127477022243153,0.394,0.284,1,"AKAP17A","Not significant",0.735911245016664,0.735911245016664
0.183696794335123,0.367370266360983,0.131,0.074,1,"ITGA6","Not significant",0.735898422435151,0.735898422435151
0.183979956681412,0.291742282292735,0.266,0.185,1,"CCNL2","Not significant",0.735229487733955,0.735229487733955
0.184012267110966,0.30417537450182,0.162,0.099,1,"FMR1","Not significant",0.735153223941452,0.735153223941452
0.184153275928718,-0.911838234245167,0.169,0.222,1,"TM7SF3","Not significant",0.734820551014278,0.734820551014278
0.18418829213086,0.460231901705406,0.128,0.074,1,"CRLS1","Not significant",0.734737979049927,0.734737979049927
0.184299157197304,0.399346188272749,0.216,0.148,1,"CARD8","Not significant",0.734476650811296,0.734476650811296
0.184327453954981,0.345496622919725,0.223,0.148,1,"FBL","Not significant",0.734409975615489,0.734409975615489
0.184787878554479,0.115778145818545,0.499,0.37,1,"WBP2","Not significant",0.733326520397069,0.733326520397069
0.184818688655011,0.270273875180095,0.14,0.086,1,"OCEL1","Not significant",0.733254115532729,0.733254115532729
0.184920822690303,0.193166451354149,0.109,0.062,1,"HDAC1","Not significant",0.733014183106203,0.733014183106203
0.185200244348232,-0.185209227391466,0.689,0.716,1,"CAST","Not significant",0.732358444657223,0.732358444657223
0.185336022094995,0.255428979467962,0.513,0.42,1,"HMGA1","Not significant",0.732040162566296,0.732040162566296
0.18551895952909,0.209955487330679,0.349,0.247,1,"PDAP1","Not significant",0.731611700075341,0.731611700075341
0.185567092969887,0.246710634351801,0.181,0.111,1,"NSMCE1","Not significant",0.731499035707011,0.731499035707011
0.185664009481612,0.322008256248851,0.128,0.074,1,"CYP4V2","Not significant",0.731272275034612,0.731272275034612
0.185776277734676,0.800726321176363,0.157,0.099,1,"LINC00623","Not significant",0.731009743015543,0.731009743015543
0.185804158416177,0.185475122730746,0.762,0.667,1,"PLXDC2","Not significant",0.730944570444695,0.730944570444695
0.185809636976601,0.00565081829738823,0.2,0.123,1,"GRIPAP1","Not significant",0.730931765168945,0.730931765168945
0.185835119781023,-0.162492953267061,0.088,0.136,1,"CCL8","Not significant",0.730872208072229,0.730872208072229
0.186035174361955,-0.797180817506355,0.173,0.222,1,"NSMAF","Not significant",0.730404934346263,0.730404934346263
0.186094044582794,-1.02786480455441,0.069,0.111,1,"FAM174A","Not significant",0.73026752502192,0.73026752502192
0.186349323805457,0.337275643586266,0.259,0.185,1,"RANBP9","Not significant",0.729672178805454,0.729672178805454
0.186522885506887,-0.464974744836915,0.287,0.346,1,"PHIP","Not significant",0.729267874634953,0.729267874634953
0.186626466699178,0.206578923014931,0.112,0.062,1,"XPA","Not significant",0.729026766129038,0.729026766129038
0.186649321297033,0.422471293818145,0.204,0.136,1,"ACAT1","Not significant",0.728973584936655,0.728973584936655
0.186679869141767,0.574608244519167,0.157,0.099,1,"THAP11","Not significant",0.728902512217076,0.728902512217076
0.186706007182164,0.277027306723434,0.145,0.086,1,"ANKRD40","Not significant",0.728841708595671,0.728841708595671
0.186821222625283,0.298822075395536,0.176,0.111,1,"C12orf45","Not significant",0.728573790067808,0.728573790067808
0.18683896441521,-1.41134976285894,0.083,0.123,1,"AC074117.1","Not significant",0.728532548524086,0.728532548524086
0.187175684602202,0.188601346656205,0.145,0.086,1,"ZFPL1","Not significant",0.727750569748395,0.727750569748395
0.187192756687497,-0.290620956578799,0.556,0.605,1,"RAPGEF1","Not significant",0.727710960039747,0.727710960039747
0.187218032366684,0.1308033283273,0.539,0.42,1,"EVI2B","Not significant",0.727652323438798,0.727652323438798
0.187325883821809,0.648896271398524,0.209,0.148,1,"UTP23","Not significant",0.72740220968126,0.72740220968126
0.187581194668742,-0.362061779930129,0.418,0.444,1,"NUP214","Not significant",0.726810702529248,0.726810702529248
0.187646233941403,0.24554654120928,0.145,0.086,1,"ZMAT5","Not significant",0.726660147450633,0.726660147450633
0.187739182990034,0.456455365053514,0.114,0.062,1,"PPP3CC","Not significant",0.72644507644402,0.72644507644402
0.188224821885948,-1.00588924594032,0.102,0.148,1,"BOP1","Not significant",0.725323105152826,0.725323105152826
0.188621275852472,0.740111139690435,0.14,0.086,1,"CEP85L","Not significant",0.724409321862809,0.724409321862809
0.188648570287432,-1.19709055663275,0.095,0.136,1,"USP5","Not significant",0.724346481841898,0.724346481841898
0.18872770142396,0.488925728828784,0.159,0.099,1,"TMEM52B","Not significant",0.724164349476826,0.724164349476826
0.18881265778876,-0.391695722648174,0.401,0.444,1,"KPNB1","Not significant",0.723968894447144,0.723968894447144
0.188954486505153,0.375722894962371,0.173,0.111,1,"BRIX1","Not significant",0.723642791805719,0.723642791805719
0.188954665980471,0.170149377766105,0.159,0.099,1,"FAM76B","Not significant",0.723642379298428,0.723642379298428
0.189020346426884,0.211544351942405,0.271,0.185,1,"PALD1","Not significant",0.723491445216562,0.723491445216562
0.189020388918808,-0.479163448069215,0.271,0.321,1,"TFPT","Not significant",0.723491347586828,0.723491347586828
0.189147060263966,-0.472762664749052,0.078,0.123,1,"DCAF4","Not significant",0.723200404152146,0.723200404152146
0.189211491158047,0.490361062719308,0.278,0.21,1,"BORCS7","Not significant",0.72305249163938,0.72305249163938
0.189336851375514,0.276004623494479,0.428,0.333,1,"UBE2M","Not significant",0.722764849367209,0.722764849367209
0.189348518304818,0.207279743220413,0.397,0.296,1,"CLINT1","Not significant",0.722738088982866,0.722738088982866
0.189378309460028,-0.0029092671070835,0.705,0.543,1,"SERPINB9","Not significant",0.722669764621371,0.722669764621371
0.18938276456542,0.255281309348919,0.162,0.099,1,"IL16","Not significant",0.722659548008203,0.722659548008203
0.189537164187264,0.425190700211079,0.145,0.086,1,"TMEM86A","Not significant",0.72230562147968,0.72230562147968
0.189582179090058,-1.05645726531759,0.093,0.136,1,"ACSF2","Not significant",0.722202489184664,0.722202489184664
0.189778650186484,0.51539155105716,0.171,0.111,1,"GMFB","Not significant",0.721752646638596,0.721752646638596
0.189811527205551,0.240222862977884,0.223,0.148,1,"PTRHD1","Not significant",0.721677416514908,0.721677416514908
0.19006202304892,0.785674065218272,0.14,0.086,1,"C16orf58","Not significant",0.721104652350567,0.721104652350567
0.190237753888361,0.25067435828788,0.257,0.185,1,"KLHL36","Not significant",0.720703290351799,0.720703290351799
0.190599047949313,-0.754239537704653,0.081,0.123,1,"SLC36A1","Not significant",0.719879273012449,0.719879273012449
0.190687949217744,-0.391379433060921,0.473,0.506,1,"CLN8","Not significant",0.719676751912594,0.719676751912594
0.190827264441363,-0.917703642635345,0.102,0.148,1,"DHRS1","Not significant",0.719359575383919,0.719359575383919
0.190834123331186,0.280807668514345,0.368,0.272,1,"B3GNT2","Not significant",0.719343965850979,0.719343965850979
0.190944000995062,-0.823744133554362,0.15,0.198,1,"ITPKB","Not significant",0.719093981572766,0.719093981572766
0.190945389925261,0.590837728409831,0.252,0.185,1,"MRPS30","Not significant",0.719090822518152,0.719090822518152
0.191599545102326,-0.508916733650959,0.202,0.259,1,"ABCC5","Not significant",0.717605526362819,0.717605526362819
0.19165425017031,-0.656517622255813,0.143,0.198,1,"RPRD1B","Not significant",0.717481545284944,0.717481545284944
0.191677522069449,0.380751255173218,0.287,0.222,1,"NUDT14","Not significant",0.717428813640329,0.717428813640329
0.19192063061643,0.722304037409173,0.183,0.123,1,"ASL","Not significant",0.716878338024878,0.716878338024878
0.192035014815495,0.50325354735743,0.173,0.111,1,"HPSE","Not significant",0.716619576740694,0.716619576740694
0.192067162122037,-0.387611046428941,0.637,0.642,1,"ATP5PD","Not significant",0.716546880470222,0.716546880470222
0.192435689937935,-0.498474829650707,0.373,0.42,1,"ALG13","Not significant",0.715714378734415,0.715714378734415
0.192438274352144,-0.463398623657492,0.451,0.469,1,"LASP1","Not significant",0.71570854619216,0.71570854619216
0.19249708544949,0.333100111759155,0.112,0.062,1,"SEC24D","Not significant",0.715575841650473,0.715575841650473
0.192569376533647,0.212936363869699,0.534,0.432,1,"ATP5MD","Not significant",0.715412775674033,0.715412775674033
0.192580646900751,0.215617202647415,0.347,0.247,1,"C8orf59","Not significant",0.715387358782193,0.715387358782193
0.192781610902579,0.223212519144369,0.549,0.432,1,"RPN2","Not significant",0.714934395041195,0.714934395041195
0.193120440710232,-1.08486903698462,0.128,0.173,1,"DOCK11","Not significant",0.71417175616448,0.71417175616448
0.193212875327112,0.245371278245614,0.608,0.519,1,"NFIL3","Not significant",0.713963936423611,0.713963936423611
0.193944794714287,-0.555434764478821,0.492,0.531,1,"GOLGB1","Not significant",0.712321871940173,0.712321871940173
0.194019814681621,0.156940451192593,0.242,0.16,1,"TOR1A","Not significant",0.712153914567449,0.712153914567449
0.19416516765679,-0.621777926513124,0.209,0.272,1,"CDKN1C","Not significant",0.711828677884597,0.711828677884597
0.194227239973928,-0.0883112162542088,0.147,0.086,1,"TIGAR","Not significant",0.711689861241883,0.711689861241883
0.194273546927988,-0.607381150624627,0.363,0.407,1,"BACH1","Not significant",0.711586330667967,0.711586330667967
0.194394486451646,0.186991046176225,0.228,0.16,1,"ESRRA","Not significant",0.711316056989903,0.711316056989903
0.194529926739665,0.493650530792432,0.2,0.136,1,"C1orf123","Not significant",0.711013576764457,0.711013576764457
0.195011426107591,0.165730802316279,0.796,0.642,1,"YWHAZ","Not significant",0.709939941713901,0.709939941713901
0.195112614193118,0.403281903025185,0.233,0.16,1,"FAM96A","Not significant",0.709714652197621,0.709714652197621
0.195159344873662,0.362554895526577,0.23,0.16,1,"MTCH2","Not significant",0.70961064843142,0.70961064843142
0.195213964119971,0.0318230903160712,0.128,0.074,1,"DDX50","Not significant",0.709489119439115,0.709489119439115
0.195259662478873,0.744890412295029,0.181,0.123,1,"MRPL36","Not significant",0.709387465735297,0.709387465735297
0.195581905502089,-0.899120516776011,0.159,0.21,1,"PSMA6","Not significant",0.708671326972222,0.708671326972222
0.195718047265369,0.754765850913679,0.109,0.062,1,"TCEA2","Not significant",0.708369125970067,0.708369125970067
0.195755960988913,-0.0170409693752465,0.112,0.062,1,"AC004817.3","Not significant",0.708285004313825,0.708285004313825
0.19621903665027,0.607167112319858,0.2,0.136,1,"FAM120AOS","Not significant",0.707258860813832,0.707258860813832
0.19621903665027,-0.652341119799,0.181,0.235,1,"NFAM1","Not significant",0.707258860813832,0.707258860813832
0.196347888245962,0.536802402310092,0.143,0.086,1,"RFX1","Not significant",0.706973765277483,0.706973765277483
0.196578938410892,-0.756871508897189,0.245,0.296,1,"INF2","Not significant",0.706463014590945,0.706463014590945
0.196675715871122,-0.507549910647602,0.314,0.358,1,"TNFRSF1A","Not significant",0.706249260386937,0.706249260386937
0.196860471985525,-0.352963890812197,0.173,0.235,1,"ABCD1","Not significant",0.705841477980367,0.705841477980367
0.196874611658079,0.400061640893589,0.62,0.568,1,"SNHG8","Not significant",0.705810285526233,0.705810285526233
0.197193451354896,0.264458309277156,0.375,0.284,1,"SLC6A6","Not significant",0.705107511746005,0.705107511746005
0.197359366820296,-1.46387226327134,0.109,0.148,1,"MED25","Not significant",0.704742256844692,0.704742256844692
0.197580973122006,-1.21862934826364,0.071,0.111,1,"INTS6L","Not significant",0.704254879920357,0.704254879920357
0.197683434545545,-0.565983182702522,0.28,0.321,1,"CHMP3","Not significant",0.704029722122263,0.704029722122263
0.197798010418769,0.146864189098013,0.582,0.457,1,"SAT2","Not significant",0.70377808113366,0.70377808113366
0.19785950968719,-0.38323237733637,0.43,0.494,1,"TNFRSF14","Not significant",0.703643071476195,0.703643071476195
0.197950871137487,0.358301765288572,0.112,0.062,1,"SCAMP1","Not significant",0.703442582674741,0.703442582674741
0.198083758921865,-0.416082529828007,0.504,0.519,1,"MT-ATP8","Not significant",0.703151131224524,0.703151131224524
0.198220280928633,-0.114979305117726,0.145,0.086,1,"SHC1","Not significant",0.70285191269238,0.70285191269238
0.198443226114149,-0.62410739344523,0.207,0.259,1,"SARS","Not significant",0.70236372120356,0.70236372120356
0.198962655568587,-0.484937198041375,0.278,0.333,1,"EMC4","Not significant",0.701228431140377,0.701228431140377
0.199161120640848,0.192027462050286,0.34,0.247,1,"SDHD","Not significant",0.700795438699214,0.700795438699214
0.199223338613944,0.0277047498466523,0.131,0.074,1,"SNUPN","Not significant",0.700659786205834,0.700659786205834
0.199223338613944,0.0566922612531409,0.131,0.074,1,"SLC39A6","Not significant",0.700659786205834,0.700659786205834
0.199223530981131,-0.712257110362074,0.337,0.383,1,"CUX1","Not significant",0.700659366857539,0.700659366857539
0.199351657627801,0.0735823772017461,0.238,0.16,1,"ADORA3","Not significant",0.70038014878707,0.70038014878707
0.199567499440511,0.481593476612799,0.259,0.185,1,"TCF7","Not significant",0.699910184305743,0.699910184305743
0.199790297417789,0.167196343886551,0.371,0.259,1,"FEZ2","Not significant",0.699425606601685,0.699425606601685
0.199995483973917,1.09910100030501,0.121,0.074,1,"TMEM175","Not significant",0.698979810872776,0.698979810872776
0.200068057780943,0.00966393585634162,0.382,0.284,1,"PUM1","Not significant",0.698822243881644,0.698822243881644
0.200194736689153,0.685677836906163,0.152,0.099,1,"FBXO34","Not significant",0.69854734472336,0.69854734472336
0.200747401486534,0.199612324700808,0.34,0.259,1,"PSMA2","Not significant",0.697350067605264,0.697350067605264
0.201145104425571,0.577341281447284,0.154,0.099,1,"HIST2H2BE","Not significant",0.696490533049635,0.696490533049635
0.20118741042075,0.283636085419705,0.667,0.58,1,"PTP4A1","Not significant",0.696399199341086,0.696399199341086
0.201219830554923,0.217281827067719,0.297,0.21,1,"ZPR1","Not significant",0.696329221050583,0.696329221050583
0.201244229467907,0.811715258611445,0.107,0.062,1,"TRNT1","Not significant",0.696276563860346,0.696276563860346
0.201518586625297,-0.525021932968763,0.285,0.346,1,"FPR3","Not significant",0.695684891475539,0.695684891475539
0.201673516039329,0.216568414953905,0.416,0.321,1,"DDOST","Not significant",0.695351130013122,0.695351130013122
0.2018218071184,-0.53322851457554,0.283,0.333,1,"PITPNB","Not significant",0.69503190945933,0.69503190945933
0.202040795440367,0.615053042339847,0.197,0.136,1,"FNTA","Not significant",0.694560930326577,0.694560930326577
0.202105130321856,0.137373291264236,0.361,0.272,1,"TMEM167A","Not significant",0.694422662030501,0.694422662030501
0.202255978288846,-0.464487086712206,0.375,0.42,1,"YTHDF3","Not significant",0.694098632635417,0.694098632635417
0.202320212275073,0.89230790796872,0.164,0.111,1,"MALSU1","Not significant",0.693960728000125,0.693960728000125
0.202414321064569,0.638236181266792,0.109,0.062,1,"DNAJC30","Not significant",0.693758763871314,0.693758763871314
0.202797881658149,0.254582557769309,0.537,0.432,1,"SEC62","Not significant",0.692936585773523,0.692936585773523
0.203271324361815,0.119522599467435,0.24,0.16,1,"PANK2","Not significant",0.691923883289221,0.691923883289221
0.203516801655731,0.284677010049974,0.112,0.062,1,"MADD","Not significant",0.691399731081709,0.691399731081709
0.203677929851075,-0.28675152540585,0.499,0.531,1,"UQCRQ","Not significant",0.691056027765556,0.691056027765556
0.203751307182615,0.121152941833195,0.998,1,1,"HSP90AB1","Not significant",0.690899596328475,0.690899596328475
0.203812973605904,0.273399805642931,0.223,0.16,1,"IFIH1","Not significant",0.690768174666567,0.690768174666567
0.204303990009239,-0.762586883907639,0.126,0.173,1,"NACC1","Not significant",0.689723151614865,0.689723151614865
0.204352089437374,-0.311670666166516,0.808,0.802,1,"RAB7A","Not significant",0.689620917401947,0.689620917401947
0.204779807308957,0.337334512391241,0.715,0.654,1,"CXCR4","Not significant",0.688712869994305,0.688712869994305
0.20481134040798,0.148496615519747,0.233,0.16,1,"CENPU","Not significant",0.688646000136368,0.688646000136368
0.204825931605607,0.00035421833763305,0.2,0.136,1,"YJU2","Not significant",0.68861506117134,0.68861506117134
0.204856142786807,-0.131098003202014,0.9,0.889,1,"AIF1","Not significant",0.688551008823773,0.688551008823773
0.205101110285909,-0.219241922601471,0.204,0.136,1,"CNP","Not significant",0.688031988633396,0.688031988633396
0.205141563741834,0.656779760210877,0.273,0.21,1,"PURA","Not significant",0.687946338291043,0.687946338291043
0.205367953984855,0.281914873677882,0.518,0.42,1,"ABI1","Not significant",0.68746732360796,0.68746732360796
0.205443393128498,-0.744981397219693,0.162,0.21,1,"ERAP2","Not significant",0.687307820690614,0.687307820690614
0.205477426819904,-0.698200912613371,0.399,0.42,1,"MAF1","Not significant",0.687235881554444,0.687235881554444
0.205575220434307,0.282601187900279,0.24,0.173,1,"MPLKIP","Not significant",0.687029235383033,0.687029235383033
0.205681314266222,-0.928839529313001,0.14,0.185,1,"FAM200B","Not significant",0.68680516129351,0.68680516129351
0.205736573599744,0.0585979842189197,0.209,0.136,1,"PTGR1","Not significant",0.686688497315231,0.686688497315231
0.205941786328065,-0.548903066407832,0.295,0.346,1,"MAX","Not significant",0.686255524530733,0.686255524530733
0.205961755134208,0.386237634263408,0.494,0.395,1,"GGNBP2","Not significant",0.686213415923004,0.686213415923004
0.206298951663016,0.445545587592645,0.211,0.148,1,"ING2","Not significant",0.685502978949409,0.685502978949409
0.206318049760245,0.241434099382982,0.663,0.58,1,"EIF3A","Not significant",0.685462776058017,0.685462776058017
0.206329164007886,0.344066623842845,0.143,0.086,1,"AC006333.2","Not significant",0.685439381466894,0.685439381466894
0.206346917318518,-0.648180071042911,0.09,0.136,1,"PHTF1","Not significant",0.685402014799927,0.685402014799927
0.206704146859905,-0.566236818551902,0.124,0.173,1,"FZR1","Not significant",0.684650810550707,0.684650810550707
0.20671605404199,0.117585499252248,0.128,0.074,1,"DENND6A","Not significant",0.684625793759244,0.684625793759244
0.207159528721444,-0.82902937746264,0.176,0.222,1,"KIFC3","Not significant",0.683695085653318,0.683695085653318
0.20746082131706,-0.785276492208156,0.209,0.259,1,"SPART","Not significant",0.68306390710777,0.68306390710777
0.207557826225225,0.809417718791536,0.107,0.062,1,"HMG20A","Not significant",0.682860886364726,0.682860886364726
0.207857583470029,-0.146878253866057,0.143,0.086,1,"FBH1","Not significant",0.682234126081474,0.682234126081474
0.208039595045884,0.524276468754637,0.124,0.074,1,"CABIN1","Not significant",0.681854000261121,0.681854000261121
0.208131969197715,-0.807054332656526,0.228,0.272,1,"ORAI3","Not significant",0.681661206766725,0.681661206766725
0.208254416650514,0.197770315028523,0.207,0.136,1,"TMEM242","Not significant",0.681405779325223,0.681405779325223
0.208559481498396,-1.0692326944434,0.074,0.111,1,"ZNF668","Not significant",0.680770061541805,0.680770061541805
0.208742602041418,0.21264227703452,0.159,0.099,1,"COMMD8","Not significant",0.680388907219318,0.680388907219318
0.208758722891783,0.226181401145115,0.261,0.185,1,"TOR1AIP1","Not significant",0.680355368660551,0.680355368660551
0.20885736899678,0.361459175253446,0.157,0.099,1,"DNAJC10","Not significant",0.680150197161223,0.680150197161223
0.209202837847352,-0.149159678913496,0.753,0.753,1,"BRD2","Not significant",0.67943242853762,0.67943242853762
0.209334780114903,-0.0568173308210027,0.176,0.111,1,"NFATC2","Not significant",0.679158609419979,0.679158609419979
0.20934375683644,-0.938030569571413,0.202,0.247,1,"SLAMF8","Not significant",0.679139986346255,0.679139986346255
0.209423149496379,-0.0145108828580245,0.19,0.123,1,"COA1","Not significant",0.678975313378996,0.678975313378996
0.209574946605014,-0.274816293533651,0.777,0.79,1,"CHORDC1","Not significant",0.678660635817705,0.678660635817705
0.209595324734111,-0.728957797995682,0.14,0.185,1,"SIGLEC14","Not significant",0.67861840902048,0.67861840902048
0.209750501398839,0.498473119463702,0.211,0.148,1,"OFD1","Not significant",0.678296992337217,0.678296992337217
0.209756621926515,-0.75437759856774,0.071,0.111,1,"VPS13B","Not significant",0.678284319792471,0.678284319792471
0.209809682200061,0.493600534766848,0.195,0.136,1,"TMEM63B","Not significant",0.678174474059362,0.678174474059362
0.210155662783994,-0.541805570409999,0.504,0.519,1,"ERN1","Not significant",0.677458903147449,0.677458903147449
0.210211443893529,-0.0906743990641377,0.159,0.099,1,"MICU2","Not significant",0.677343644708704,0.677343644708704
0.210369732016638,-0.476076804430908,0.504,0.531,1,"SEM1","Not significant",0.677016746285285,0.677016746285285
0.210398797814953,-1.08643199679823,0.083,0.123,1,"VENTX","Not significant",0.67695674600035,0.67695674600035
0.210423166932534,0.193687753331248,0.143,0.086,1,"RAE1","Not significant",0.676906447421889,0.676906447421889
0.210514293795473,0.233644015992837,0.392,0.321,1,"TUBB6","Not significant",0.676718410489859,0.676718410489859
0.211017460956039,0.510924700369685,0.109,0.062,1,"HAUS3","Not significant",0.675681606867681,0.675681606867681
0.211086474432387,0.236127462446538,0.216,0.148,1,"TMEM41B","Not significant",0.675539593634877,0.675539593634877
0.211096131904221,-0.399148267516224,0.653,0.617,1,"CANX","Not significant",0.675519724570332,0.675519724570332
0.211233977777463,-0.389186011583638,0.534,0.568,1,"NUCB1","Not significant",0.67523622262313,0.67523622262313
0.211586228422049,0.0710119736401846,0.276,0.198,1,"PAK1","Not significant",0.674512602775547,0.674512602775547
0.211800326536686,-0.833739561320934,0.074,0.111,1,"TMEM87B","Not significant",0.674073374667761,0.674073374667761
0.211973473730507,-0.865070169453561,0.126,0.173,1,"UBP1","Not significant",0.673718483096028,0.673718483096028
0.21218423405222,0.249124409489276,0.109,0.062,1,"POMT1","Not significant",0.673286888665101,0.673286888665101
0.212322106936022,-0.830960673069509,0.221,0.259,1,"SMIM30","Not significant",0.673004784823704,0.673004784823704
0.212381558457627,0.175234248438587,0.608,0.494,1,"ARID5A","Not significant",0.67288319666685,0.67288319666685
0.212393019548603,-0.181849615947159,0.228,0.148,1,"ARRDC1","Not significant",0.672859760760718,0.672859760760718
0.2124528397657,-1.30503002145252,0.074,0.111,1,"PLCB3","Not significant",0.672737459508188,0.672737459508188
0.212512504529587,-0.358150788120461,0.47,0.519,1,"PSMC5","Not significant",0.672615510374038,0.672615510374038
0.212571206069353,0.314857921259718,0.663,0.617,1,"RIPK2","Not significant",0.672495563387945,0.672495563387945
0.212658385200686,0.360006362251888,0.439,0.358,1,"PXDC1","Not significant",0.672317488216401,0.672317488216401
0.212728571162961,0.175756841708697,0.306,0.235,1,"AGO3","Not significant",0.672174176927966,0.672174176927966
0.21283097729867,0.271012637647533,0.169,0.111,1,"EPS15L1","Not significant",0.67196516072485,0.67196516072485
0.213049189195173,-1.05322263356801,0.071,0.111,1,"WDTC1","Not significant",0.671520114262083,0.671520114262083
0.213355660994894,0.435600161251054,0.109,0.062,1,"RUBCNL","Not significant",0.670895829456987,0.670895829456987
0.213481883907681,-0.955089020257514,0.119,0.16,1,"CNOT3","Not significant",0.670638973345028,0.670638973345028
0.213534219560263,0.702495951124773,0.124,0.074,1,"YDJC","Not significant",0.670532517944154,0.670532517944154
0.213634415641786,0.156556668730736,0.601,0.506,1,"SELENOH","Not significant",0.67032878291997,0.67032878291997
0.213672123200954,0.3094547720425,0.466,0.395,1,"ATRAID","Not significant",0.670252134502843,0.670252134502843
0.213726022169692,0.39575172665287,0.257,0.185,1,"LINC00847","Not significant",0.670142597177608,0.670142597177608
0.213739873084169,0.144261640741337,0.128,0.074,1,"IFFO2","Not significant",0.670114452823658,0.670114452823658
0.213913308203248,0.175550911388908,0.204,0.136,1,"URM1","Not significant",0.669762195795722,0.669762195795722
0.214022919366448,0.372221151413856,0.361,0.272,1,"KLF9","Not significant",0.669539716270471,0.669539716270471
0.214224047149688,-0.213619035814417,0.382,0.432,1,"NUMB","Not significant",0.669131780197734,0.669131780197734
0.214465541530277,0.284213330430449,0.188,0.123,1,"TRAPPC2B","Not significant",0.66864247655816,0.66864247655816
0.214763519235844,0.192680524677259,0.798,0.728,1,"TUBA1C","Not significant",0.668039488056792,0.668039488056792
0.214955450746482,-0.545012780671867,0.466,0.481,1,"CCT5","Not significant",0.667651537757463,0.667651537757463
0.214964516361583,-1.03065353184418,0.209,0.247,1,"NHLRC3","Not significant",0.667633222038653,0.667633222038653
0.215121541765519,-0.988427190901768,0.095,0.136,1,"BRCC3","Not significant",0.667316098206389,0.667316098206389
0.215167927863322,-0.475648948914235,0.183,0.235,1,"MCTP1","Not significant",0.667222462513153,0.667222462513153
0.215212502950256,-0.759880641671798,0.285,0.321,1,"SCD","Not significant",0.667132501571765,0.667132501571765
0.215292443092857,-0.532985307251682,0.135,0.185,1,"TELO2","Not significant",0.666971213932531,0.666971213932531
0.21532164642076,-0.252019195480589,0.38,0.432,1,"RAB5A","Not significant",0.66691230808393,0.66691230808393
0.215452989806122,-0.435561016396696,0.499,0.519,1,"TCIRG1","Not significant",0.666647474899858,0.666647474899858
0.216070113139888,-0.464717674496525,0.311,0.358,1,"CAPN1","Not significant",0.665405300659858,0.665405300659858
0.216118506739747,-0.309042888315483,0.252,0.309,1,"STK17A","Not significant",0.665308041858958,0.665308041858958
0.216127840151667,-0.624382056523905,0.273,0.321,1,"TM9SF2","Not significant",0.665289286585148,0.665289286585148
0.216161604305016,0.0727562509751185,0.159,0.099,1,"LATS2","Not significant",0.665221445069684,0.665221445069684
0.216192527687237,-0.378106263386969,0.786,0.765,1,"FNIP2","Not significant",0.665159320744788,0.665159320744788
0.21622777612783,-0.443984679113809,0.188,0.235,1,"USO1","Not significant",0.665088518318795,0.665088518318795
0.216374977397963,0.253946322663487,0.228,0.16,1,"SMC5","Not significant",0.664792964481959,0.664792964481959
0.216420940390203,0.524976882997864,0.2,0.136,1,"MTMR10","Not significant",0.664700720201658,0.664700720201658
0.216564446954231,0.277850617365224,0.173,0.111,1,"C16orf87","Not significant",0.664412839303235,0.664412839303235
0.21678144124595,-0.68932735572557,0.23,0.272,1,"ACOT9","Not significant",0.663977900682884,0.663977900682884
0.216784541474535,-0.355407216843311,0.29,0.358,1,"DUS1L","Not significant",0.663971689807396,0.663971689807396
0.216919621596273,0.607350796452768,0.192,0.136,1,"ZDHHC7","Not significant",0.663701161837512,0.663701161837512
0.216967004362215,-0.740348888030776,0.259,0.284,1,"PRDX4","Not significant",0.663606307225102,0.663606307225102
0.217243834437309,0.551464575761476,0.166,0.111,1,"WDR18","Not significant",0.663052540346967,0.663052540346967
0.217478232920665,0.115136344315991,0.689,0.605,1,"RAP1B","Not significant",0.662584204435833,0.662584204435833
0.217492398840173,0.389496029508651,0.109,0.062,1,"LIMK2","Not significant",0.662555916637868,0.662555916637868
0.217622928952004,-0.756855868977991,0.154,0.198,1,"SEC16A","Not significant",0.662295348896997,0.662295348896997
0.217637763532649,0.282494799567996,0.363,0.284,1,"MED10","Not significant",0.662265745596587,0.662265745596587
0.217750372131259,-1.07034708297267,0.086,0.123,1,"ZNF75A","Not significant",0.662041094118627,0.662041094118627
0.217817474886321,-0.121091383403377,0.126,0.074,1,"QTRT1","Not significant",0.661907280951866,0.661907280951866
0.21793575588595,0.305632445332842,0.361,0.284,1,"SOCS6","Not significant",0.661671510873358,0.661671510873358
0.218004737261277,0.583718569056539,0.124,0.074,1,"SIN3B","Not significant",0.661534069037237,0.661534069037237
0.21808838403173,-0.673082796390912,0.162,0.21,1,"SLC19A2","Not significant",0.66136746548626,0.66136746548626
0.218232392802371,0.684377864577061,0.135,0.086,1,"C8orf76","Not significant",0.661080785502051,0.661080785502051
0.218410560812157,0.0952619183661806,0.572,0.469,1,"TMED5","Not significant",0.660726366005961,0.660726366005961
0.218707180765267,0.93110397473468,0.15,0.099,1,"NMB","Not significant",0.660136957632069,0.660136957632069
0.219500781243886,0.140228426443234,0.736,0.679,1,"BTG2","Not significant",0.658563929684707,0.658563929684707
0.219515135800437,0.191044572953372,0.857,0.815,1,"CSRNP1","Not significant",0.658535529326268,0.658535529326268
0.219518486755687,0.272472242505356,0.226,0.16,1,"ABI2","Not significant",0.658528899759422,0.658528899759422
0.219528155795012,0.376290824501139,0.14,0.086,1,"HYI","Not significant",0.658509770992599,0.658509770992599
0.219576547892992,-0.0122973794634917,0.233,0.16,1,"TAZ","Not significant",0.658414047029593,0.658414047029593
0.220034095874608,0.138348861343778,0.772,0.716,1,"CYCS","Not significant",0.657510016892055,0.657510016892055
0.220171106563186,0.254386318141504,0.202,0.136,1,"RILP","Not significant",0.657239674844287,0.657239674844287
0.220182680958506,-0.620615087540774,0.316,0.358,1,"ZC3H13","Not significant",0.657216844582972,0.657216844582972
0.220254940525064,0.312264934335135,0.618,0.519,1,"SLC31A2","Not significant",0.657074341173765,0.657074341173765
0.220423809823083,-0.776720479698733,0.071,0.111,1,"SART3","Not significant",0.656741495499566,0.656741495499566
0.220495445663001,-0.083892444121743,0.226,0.148,1,"TRADD","Not significant",0.656600376463056,0.656600376463056
0.220524513466597,0.276753861698769,0.19,0.123,1,"GTPBP1","Not significant",0.656543127413619,0.656543127413619
0.220565552473473,-0.477913918333489,0.333,0.383,1,"ATP6V1D","Not significant",0.656462313921517,0.656462313921517
0.220645180198745,0.343680462245074,0.169,0.111,1,"GPATCH11","Not significant",0.656305554896829,0.656305554896829
0.220706183512536,0.518609511110431,0.166,0.111,1,"ECPAS","Not significant",0.656185499064201,0.656185499064201
0.220706183512536,0.539045176023178,0.166,0.111,1,"PAF1","Not significant",0.656185499064201,0.656185499064201
0.220718933721946,0.267054441808016,0.732,0.679,1,"COX6A1","Not significant",0.656160410570705,0.656160410570705
0.220890455857792,0.217069277653294,0.952,0.951,1,"CCNL1","Not significant",0.655823048537082,0.655823048537082
0.220933929435107,-0.677841842578404,0.135,0.185,1,"SEC24C","Not significant",0.655737583200962,0.655737583200962
0.22108967046752,0.324621440515814,0.202,0.136,1,"MRPL17","Not significant",0.655431547623691,0.655431547623691
0.221231525597818,-0.565712303419816,0.444,0.469,1,"SDF4","Not significant",0.655152985786825,0.655152985786825
0.221236708898784,-0.145495006337046,0.354,0.432,1,"TRIM38","Not significant",0.655142810687995,0.655142810687995
0.221241321191366,0.304523089328887,0.413,0.321,1,"GPR137B","Not significant",0.655133756709803,0.655133756709803
0.221531779009199,0.243570287053685,0.627,0.494,1,"ANKRD10","Not significant",0.654563964888447,0.654563964888447
0.221686502027482,-1.05128672284249,0.095,0.136,1,"GAR1","Not significant",0.654260749255572,0.654260749255572
0.221928979217036,0.396436087986278,0.2,0.136,1,"PRKAG1","Not significant",0.65378598441823,0.65378598441823
0.222149059558702,-1.50065500368748,0.086,0.123,1,"CSAD","Not significant",0.653355520952622,0.653355520952622
0.222163722209504,-1.15620089386144,0.119,0.16,1,"FAM3A","Not significant",0.653326856873634,0.653326856873634
0.222299464433311,0.0120787180247253,0.461,0.346,1,"PSMA4","Not significant",0.653061583607523,0.653061583607523
0.222314638755645,0.103722375165213,0.245,0.173,1,"DENND4B","Not significant",0.653031939363619,0.653031939363619
0.222688320180632,-0.09538097905829,0.71,0.778,1,"SERTAD1","Not significant",0.652302560757262,0.652302560757262
0.222753988463145,-0.0373895615816404,0.14,0.086,1,"AC147651.4","Not significant",0.652174511075476,0.652174511075476
0.222754464805962,-0.725565031662267,0.223,0.272,1,"SNX18","Not significant",0.652173582370058,0.652173582370058
0.222874571861384,0.10238586824424,0.39,0.296,1,"FSCN1","Not significant",0.651939478088791,0.651939478088791
0.222932911690063,0.269602843800648,0.487,0.407,1,"PSMB7","Not significant",0.651825811689056,0.651825811689056
0.223067594976158,-0.239462442312441,0.608,0.605,1,"IRAK1","Not significant",0.651563515082395,0.651563515082395
0.223112615702274,-0.871261196207432,0.178,0.222,1,"ATP6V1A","Not significant",0.651475872230823,0.651475872230823
0.223181511765691,0.217749323884501,0.404,0.309,1,"AGAP3","Not significant",0.651341784961629,0.651341784961629
0.223659224094258,-0.516210122339258,0.29,0.333,1,"INPPL1","Not significant",0.650413186064412,0.650413186064412
0.223660498777271,0.366668731448892,0.352,0.272,1,"MIS18BP1","Not significant",0.650410710931882,0.650410710931882
0.224194272201703,-0.238749023079158,0.233,0.296,1,"ING3","Not significant",0.649375487115577,0.649375487115577
0.224200524122516,-0.897144742070276,0.216,0.259,1,"KHDC4","Not significant",0.64936337647231,0.64936337647231
0.224260970565702,0.572649147012134,0.124,0.074,1,"PHF10","Not significant",0.649246302622286,0.649246302622286
0.224316943727066,0.156727471140646,0.152,0.099,1,"IFIT1","Not significant",0.649137920847497,0.649137920847497
0.224324239762819,0.315684102289984,0.428,0.333,1,"SNRPB2","Not significant",0.649123795403002,0.649123795403002
0.224394670842677,0.577515110992894,0.192,0.136,1,"MTHFD1L","Not significant",0.64898746136909,0.64898746136909
0.224484304769418,-0.970536772906881,0.116,0.16,1,"TMEM273","Not significant",0.648814018091915,0.648814018091915
0.22448449491058,0.259120760748867,0.325,0.235,1,"SAR1B","Not significant",0.648813650238927,0.648813650238927
0.224508083115387,0.168459490513998,0.884,0.877,1,"HMGB1","Not significant",0.64876801818309,0.64876801818309
0.224522687488026,-1.01145712243597,0.154,0.198,1,"MBNL2","Not significant",0.648739768010201,0.648739768010201
0.224649203467775,0.627778894274453,0.204,0.148,1,"PANX1","Not significant",0.648495116933691,0.648495116933691
0.224777959361623,0.467088476551767,0.135,0.086,1,"ATAD3B","Not significant",0.648246275829434,0.648246275829434
0.224781557845047,0.0682073693023462,0.475,0.358,1,"BLOC1S2","Not significant",0.648239323239468,0.648239323239468
0.224960664109578,0.21841445989499,0.489,0.37,1,"NDUFB10","Not significant",0.647893414571458,0.647893414571458
0.224964481203078,0.132857281188332,0.532,0.432,1,"TMEM70","Not significant",0.647886045600589,0.647886045600589
0.224970639513222,-0.811639070758431,0.211,0.259,1,"GBGT1","Not significant",0.647874157130495,0.647874157130495
0.225262716141562,-0.234400031412119,0.701,0.741,1,"UBL5","Not significant",0.647310683615342,0.647310683615342
0.225350496756817,0.764956315112232,0.178,0.123,1,"RASSF8-AS1","Not significant",0.647141480244405,0.647141480244405
0.225704792837765,-1.02989131729917,0.204,0.247,1,"GLYR1","Not significant",0.646459218587751,0.646459218587751
0.225789105222605,-0.746854719304826,0.105,0.148,1,"LOXL3","Not significant",0.646297017485699,0.646297017485699
0.225883808659335,-0.673397463115716,0.152,0.198,1,"USP10","Not significant",0.646114898171799,0.646114898171799
0.226105617131211,0.270516960952532,0.249,0.173,1,"AIMP1","Not significant",0.645688648363234,0.645688648363234
0.226120590884212,0.398807119071695,0.936,0.975,1,"MAFB","Not significant",0.645659888339208,0.645659888339208
0.226494048506088,-0.542168669043229,0.43,0.444,1,"HNMT","Not significant",0.644943205284364,0.644943205284364
0.226781651679852,0.318719577256231,0.278,0.198,1,"RBM38","Not significant",0.64439208600727,0.64439208600727
0.226842227095557,-0.772019382357207,0.126,0.173,1,"SMCR8","Not significant",0.644276097541201,0.644276097541201
0.226942400616841,-0.0108924849673014,0.409,0.296,1,"DYNLT1","Not significant",0.644084355443402,0.644084355443402
0.227408839512136,-0.601868735269274,0.211,0.259,1,"TMEM106A","Not significant",0.643192658044364,0.643192658044364
0.227565485910463,0.00426504487580837,0.527,0.407,1,"PSMC4","Not significant",0.642893605261426,0.642893605261426
0.22807708703525,0.247300321671826,0.23,0.16,1,"IGF1","Not significant",0.641918342404119,0.641918342404119
0.228275908165228,0.163332298014817,0.482,0.37,1,"RWDD1","Not significant",0.641539920761195,0.641539920761195
0.228610763680808,-0.283740088528945,0.774,0.741,1,"GRB2","Not significant",0.640903325571835,0.640903325571835
0.228637058954786,-0.467091808425505,0.551,0.556,1,"ZSWIM6","Not significant",0.640853375011829,0.640853375011829
0.228644042429848,-0.911882779232486,0.181,0.222,1,"NFU1","Not significant",0.640840110152751,0.640840110152751
0.228831490973406,-0.660734481427234,0.259,0.321,1,"AL392172.1","Not significant",0.640484209709035,0.640484209709035
0.228998096776903,-0.40372974565928,0.363,0.407,1,"SNN","Not significant",0.64016812710432,0.64016812710432
0.229094930334286,-0.419817253488151,0.444,0.481,1,"ATF6","Not significant",0.639984521252356,0.639984521252356
0.229279031057174,0.593418065044058,0.166,0.111,1,"PARP8","Not significant",0.639635662289595,0.639635662289595
0.229381926601707,0.69166477907238,0.105,0.062,1,"SEC24B","Not significant",0.639440803899288,0.639440803899288
0.229547454040432,-0.731042609279466,0.164,0.21,1,"CNN2","Not significant",0.639127519723591,0.639127519723591
0.229620687754748,0.417645913812605,0.532,0.457,1,"THAP2","Not significant",0.63898898660079,0.63898898660079
0.229671987380058,0.263519459927321,0.245,0.173,1,"NDUFA8","Not significant",0.638891971579674,0.638891971579674
0.230011880907551,0.699134348925373,0.105,0.062,1,"MTHFD1","Not significant",0.638249730594032,0.638249730594032
0.230122893021806,0.15148764548114,0.143,0.086,1,"TANGO2","Not significant",0.63804017481902,0.63804017481902
0.23013336801943,0.284664594011849,0.233,0.16,1,"UBE2Q2","Not significant",0.638020406554893,0.638020406554893
0.230278639228572,-0.550534156789954,0.233,0.284,1,"ICOSLG","Not significant",0.637746345559046,0.637746345559046
0.230505596680684,0.278701509135078,0.257,0.185,1,"VPS51","Not significant",0.63731852546726,0.63731852546726
0.230763487804823,0.354581136429345,0.183,0.123,1,"PRPSAP1","Not significant",0.63683290565192,0.63683290565192
0.230772837660093,0.184294469994104,0.321,0.235,1,"RBM6","Not significant",0.636815309678096,0.636815309678096
0.231429176677759,0.299025076226063,0.423,0.333,1,"ADAR","Not significant",0.635581889673928,0.635581889673928
0.231456447413567,-0.426567357359012,0.511,0.531,1,"TMEM123","Not significant",0.635530717075446,0.635530717075446
0.231782656527449,-0.537388760361119,0.162,0.21,1,"PEF1","Not significant",0.634919063869496,0.634919063869496
0.231787241981093,0.170165557594251,0.43,0.333,1,"COX17","Not significant",0.634910472124343,0.634910472124343
0.232056239144179,-0.656119105759678,0.083,0.123,1,"CYP1B1","Not significant",0.634406750496568,0.634406750496568
0.23208730420152,0.131654036165235,0.171,0.111,1,"BAD","Not significant",0.634348615968158,0.634348615968158
0.232198432691405,0.0523592765921728,0.185,0.123,1,"GGCX","Not significant",0.634140716017649,0.634140716017649
0.232353054596395,0.141305091010417,0.242,0.173,1,"SMCO4","Not significant",0.633851613756928,0.633851613756928
0.232367395599714,0.653487959371801,0.435,0.383,1,"ADRB2","Not significant",0.63382480960572,0.63382480960572
0.232783847634546,0.327194544937236,0.266,0.198,1,"SGK3","Not significant",0.633047157727281,0.633047157727281
0.232877034127476,0.361339246492657,0.166,0.111,1,"ESF1","Not significant",0.632873338616452,0.632873338616452
0.232919204194543,0.234904908471482,0.29,0.222,1,"BCL2L1","Not significant",0.632794702397555,0.632794702397555
0.233162456754125,0.184922228172357,0.325,0.235,1,"NT5C","Not significant",0.632341377314083,0.632341377314083
0.233438809300723,0.151556116298431,0.912,0.877,1,"RPL27","Not significant",0.631826940647009,0.631826940647009
0.233488302274428,0.00786103127342042,0.646,0.728,1,"CITED2","Not significant",0.63173487263502,0.63173487263502
0.233612968835817,0.324925723270891,0.622,0.58,1,"TAF1D","Not significant",0.631503051382013,0.631503051382013
0.233739735382235,0.418693793198264,0.525,0.469,1,"ADGRE5","Not significant",0.631267451962336,0.631267451962336
0.233817449231551,0.770092371017851,0.105,0.062,1,"C6orf47","Not significant",0.631123081616432,0.631123081616432
0.233910703565105,-0.075175867579887,0.373,0.284,1,"KLF7","Not significant",0.63094990477099,0.63094990477099
0.234117099450917,0.269308101724872,0.271,0.198,1,"B3GAT3","Not significant",0.630566865133051,0.630566865133051
0.234199720090261,0.275693410961888,0.874,0.815,1,"TSC22D3","Not significant",0.630413628321418,0.630413628321418
0.234296519143976,-0.269958550250869,0.667,0.691,1,"ENY2","Not significant",0.630234163506294,0.630234163506294
0.23486566085963,-0.444397360815917,0.173,0.222,1,"SLC9A9","Not significant",0.629180475727041,0.629180475727041
0.235066363352799,-0.789096955059926,0.086,0.123,1,"ZNF628","Not significant",0.628809511476485,0.628809511476485
0.235484492838634,0.259482958819742,0.753,0.679,1,"SAMSN1","Not significant",0.628037686821084,0.628037686821084
0.235626396960232,-0.0682705291345336,0.126,0.074,1,"TTC37","Not significant",0.627776057637094,0.627776057637094
0.235626396960232,-0.105026733693152,0.126,0.074,1,"AAMDC","Not significant",0.627776057637094,0.627776057637094
0.235724558803666,0.103383518238685,0.494,0.37,1,"SP100","Not significant",0.627595168441765,0.627595168441765
0.235763161938107,0.181984251940941,0.24,0.16,1,"MAFK","Not significant",0.62752405257778,0.62752405257778
0.235996749066567,0.188983777142385,0.492,0.395,1,"BANF1","Not significant",0.627093979539111,0.627093979539111
0.23601015135053,-1.35701280773953,0.088,0.123,1,"R3HCC1L","Not significant",0.627069316603182,0.627069316603182
0.236514907536012,-0.52255207050047,0.15,0.198,1,"CTDP1","Not significant",0.626141480479708,0.626141480479708
0.236640371300726,0.399178873302208,0.164,0.111,1,"MFNG","Not significant",0.625911161916614,0.625911161916614
0.236862357707633,0.381639593598401,0.121,0.074,1,"CPSF3","Not significant",0.625503952104572,0.625503952104572
0.236938923242225,0.189078544870282,0.601,0.494,1,"PGLS","Not significant",0.625363589506143,0.625363589506143
0.236948908830102,-0.726810864481263,0.233,0.272,1,"NCSTN","Not significant",0.625345286923038,0.625345286923038
0.237106015312383,-0.527610449648492,0.181,0.235,1,"GON4L","Not significant",0.625057427954177,0.625057427954177
0.237161641766552,-0.10032964143741,0.157,0.099,1,"TOP2B","Not significant",0.62495555188549,0.62495555188549
0.237269729270321,0.289567191396531,0.278,0.21,1,"GLRX3","Not significant",0.624757665277953,0.624757665277953
0.237349965458318,0.433222542924933,0.228,0.173,1,"NUDT3","Not significant",0.624610827148751,0.624610827148751
0.23766676669337,-0.0625639296812521,0.264,0.185,1,"USP14","Not significant",0.624031542086439,0.624031542086439
0.238004021142217,0.29030992558626,0.138,0.086,1,"HBS1L","Not significant",0.623415705358937,0.623415705358937
0.23838730151241,0.15022653454386,0.523,0.432,1,"PARVG","Not significant",0.622716882446778,0.622716882446778
0.238538244193697,-0.707018506734009,0.119,0.16,1,"PRDM4","Not significant",0.622441981777918,0.622441981777918
0.238720621954489,0.185321943695959,0.9,0.926,1,"VIM","Not significant",0.622110062710062,0.622110062710062
0.23890287244881,0.512246743634195,0.192,0.136,1,"TMEM126B","Not significant",0.621778628478802,0.621778628478802
0.238926353498907,-0.828323667859079,0.169,0.21,1,"SYMPK","Not significant",0.621735945068325,0.621735945068325
0.239117688622383,-0.74291383104442,0.119,0.16,1,"TMEM60","Not significant",0.621388295958891,0.621388295958891
0.239172264956352,-0.645153156274892,0.428,0.469,1,"FNBP1","Not significant",0.621289183691903,0.621289183691903
0.239214017047659,0.117820623337797,0.325,0.235,1,"ALOX5","Not significant",0.621213375903968,0.621213375903968
0.239309216405006,-0.778425960452327,0.154,0.198,1,"IQCN","Not significant",0.621040575282256,0.621040575282256
0.239552615468961,-0.800448480277377,0.143,0.185,1,"MLLT10","Not significant",0.620599083092054,0.620599083092054
0.239593346444774,0.152032863870437,0.335,0.247,1,"ZNF655","Not significant",0.620525246560029,0.620525246560029
0.239617461202186,-0.0172943958089902,0.173,0.111,1,"COP1","Not significant",0.6204815375872,0.6204815375872
0.239617461202186,-0.22461375462744,0.173,0.111,1,"GTF2A1","Not significant",0.6204815375872,0.6204815375872
0.239682304597077,0.262463055198846,0.185,0.123,1,"TLR1","Not significant",0.620364028125397,0.620364028125397
0.239872702508048,-0.412094529445359,0.297,0.346,1,"C1orf52","Not significant",0.62001917189318,0.62001917189318
0.239885295719608,0.555179391617234,0.121,0.074,1,"AC245128.3","Not significant",0.619996372222049,0.619996372222049
0.239961487449323,-0.0712600414627445,0.14,0.086,1,"TRIAP1","Not significant",0.619858454664941,0.619858454664941
0.240149404920787,-0.532749080808012,0.138,0.185,1,"EML3","Not significant",0.619518485185496,0.619518485185496
0.240453992005801,-0.389214411313462,0.171,0.222,1,"FLCN","Not significant",0.618968008393878,0.618968008393878
0.240531752465746,0.129365224789838,0.14,0.086,1,"AC009053.2","Not significant",0.618827584527487,0.618827584527487
0.240580394186009,-1.34222883556392,0.097,0.136,1,"DDX23","Not significant",0.618739767868026,0.618739767868026
0.24069586003239,0.133626157834802,0.154,0.099,1,"CCNQ","Not significant",0.618531379523686,0.618531379523686
0.240991223660824,-0.620134816549905,0.276,0.309,1,"COMMD1","Not significant",0.617998773130849,0.617998773130849
0.24110205352185,0.461447028432056,0.121,0.074,1,"SMAD4","Not significant",0.617799090620432,0.617799090620432
0.241348924056449,0.21768300274525,0.577,0.519,1,"ALDH2","Not significant",0.617354632943853,0.617354632943853
0.241444587553943,0.223641903008173,0.62,0.543,1,"ERP29","Not significant",0.617182525702867,0.617182525702867
0.242718973075178,-0.834832273810509,0.131,0.173,1,"DNMBP","Not significant",0.61489627401914,0.61489627401914
0.242890586677265,0.197948188355139,0.154,0.099,1,"AL161421.1","Not significant",0.614589316126685,0.614589316126685
0.242984134978113,-0.254391740357253,0.342,0.395,1,"MEF2D","Not significant",0.614422081613174,0.614422081613174
0.243133430343203,0.14822359675164,0.157,0.099,1,"HAUS1","Not significant",0.614155322459026,0.614155322459026
0.243133535880721,0.116038268263765,0.477,0.37,1,"SOAT1","Not significant",0.614155133943807,0.614155133943807
0.243175429024429,0.163901056017984,0.138,0.086,1,"ZNF32","Not significant",0.614080309243875,0.614080309243875
0.243181367021338,0.224247832457649,0.378,0.309,1,"METTL26","Not significant",0.61406970452194,0.61406970452194
0.243251944033359,0.688245129076738,0.119,0.074,1,"C7orf43","Not significant",0.613943680228832,0.613943680228832
0.243325400169268,0.185288721982592,0.214,0.148,1,"MUM1","Not significant",0.613812553717869,0.613812553717869
0.243347311537706,-0.429158949869676,0.556,0.58,1,"ARIH1","Not significant",0.613773447410156,0.613773447410156
0.243684542043734,0.345050331047975,0.425,0.358,1,"BCL7B","Not significant",0.613172019104279,0.613172019104279
0.243719705896679,0.189773039083683,0.169,0.111,1,"ATP9B","Not significant",0.613109354622435,0.613109354622435
0.243742664403542,-1.02781146769056,0.086,0.123,1,"KIAA1468","Not significant",0.613068445811999,0.613068445811999
0.243931372552549,0.54420325931286,0.195,0.136,1,"SFT2D3","Not significant",0.612732340521645,0.612732340521645
0.244138928858497,0.198022567073488,0.257,0.185,1,"ARPC1A","Not significant",0.612362965193827,0.612362965193827
0.244155087441547,-1.6353775924234,0.114,0.148,1,"KIAA0319L","Not significant",0.612334221923492,0.612334221923492
0.244155130380691,0.0458932640916299,0.143,0.086,1,"PSIP1","Not significant",0.61233414554486,0.61233414554486
0.244389177130039,1.25673356856101,0.114,0.074,1,"GNLY","Not significant",0.611918030904027,0.611918030904027
0.244625581409958,-1.04649759696634,0.088,0.123,1,"KIF1C","Not significant",0.611498129130217,0.611498129130217
0.245148928386836,-0.56985933611337,0.23,0.272,1,"PCNX4","Not significant",0.610570000833878,0.610570000833878
0.245305471646515,0.585489127509168,0.162,0.111,1,"CCDC93","Not significant",0.610292764556004,0.610292764556004
0.245499244426608,-0.857157324241318,0.074,0.111,1,"AC144652.1","Not significant",0.609949840167733,0.609949840167733
0.245630100963338,0.0310331015258702,0.124,0.074,1,"SFXN4","Not significant",0.609718413258708,0.609718413258708
0.245765222855194,0.11177640949577,0.677,0.568,1,"SRSF11","Not significant",0.609479572184517,0.609479572184517
0.246051882192107,0.341249797351799,0.238,0.173,1,"ADH5","Not significant",0.60897330844937,0.60897330844937
0.246097685039858,-0.484903982159678,0.375,0.42,1,"CDK12","Not significant",0.608892471543618,0.608892471543618
0.246594167936495,0.216662767995911,0.451,0.37,1,"AKIRIN1","Not significant",0.608017198879579,0.608017198879579
0.246777960229942,-0.448867015607245,0.672,0.642,1,"PRNP","Not significant",0.6076936298006,0.6076936298006
0.246972972186558,0.404612293765052,0.264,0.198,1,"NDUFB6","Not significant",0.607350571730195,0.607350571730195
0.247175345030025,0.355869616945623,0.209,0.148,1,"SMIM13","Not significant",0.606994850943314,0.606994850943314
0.247288864610375,0.697510562974143,0.116,0.074,1,"POP7","Not significant",0.606795439429845,0.606795439429845
0.247344124608658,0.0897064728681454,0.335,0.247,1,"LSM10","Not significant",0.606698401371539,0.606698401371539
0.247541319682808,-0.363719254125457,0.171,0.222,1,"AEN","Not significant",0.606352298094175,0.606352298094175
0.247558183502052,0.294074041805156,0.211,0.148,1,"RGL2","Not significant",0.606322712673073,0.606322712673073
0.247747338184435,0.189490309685604,0.257,0.185,1,"NELFE","Not significant",0.605991002909374,0.605991002909374
0.247827961577091,-0.697535211189215,0.131,0.173,1,"POP4","Not significant",0.605849695241827,0.605849695241827
0.247950495774143,0.339292870850726,0.195,0.136,1,"GSDME","Not significant",0.605635019005219,0.605635019005219
0.2479718603083,-0.466953463747506,0.216,0.272,1,"USP34","Not significant",0.605597599843995,0.605597599843995
0.248023495111137,0.148608771317466,0.629,0.519,1,"NFE2L2","Not significant",0.605507176779415,0.605507176779415
0.248025662156078,-1.13984551558538,0.147,0.185,1,"AP2B1","Not significant",0.605503382253625,0.605503382253625
0.248282032041278,0.457929101850096,0.259,0.198,1,"NEK6","Not significant",0.605054708829163,0.605054708829163
0.248289918733566,-0.712739915352348,0.154,0.198,1,"ARHGAP10","Not significant",0.605040913660362,0.605040913660362
0.248384026004867,0.401582666488635,0.283,0.21,1,"LINC00346","Not significant",0.604876337807108,0.604876337807108
0.248395028300474,-0.712391216661171,0.273,0.309,1,"EIF4G3","Not significant",0.604857100940215,0.604857100940215
0.248407522791685,-0.587383707370083,0.074,0.111,1,"ZNF438","Not significant",0.60483525609028,0.60483525609028
0.248473854411064,-0.758786237697362,0.114,0.16,1,"SPAG5","Not significant",0.604719303036836,0.604719303036836
0.248612186701917,-0.677399336372532,0.394,0.42,1,"MECP2","Not significant",0.604477586524327,0.604477586524327
0.24869891227948,0.157249992979377,0.359,0.272,1,"TP53BP2","Not significant",0.604326114175391,0.604326114175391
0.248750188313319,0.0154030197333324,0.166,0.111,1,"EHMT1","Not significant",0.604236581804731,0.604236581804731
0.248788519151737,0.480371386244556,0.135,0.086,1,"ASCC3","Not significant",0.604169664914067,0.604169664914067
0.248845582605663,0.173614374611371,0.406,0.333,1,"USP53","Not significant",0.604070064250931,0.604070064250931
0.24896247691794,0.343619622199482,0.195,0.136,1,"RPA2","Not significant",0.603866103890106,0.603866103890106
0.24896247691794,-0.618361821631528,0.178,0.222,1,"MSL3","Not significant",0.603866103890106,0.603866103890106
0.249344879935292,0.291232760930342,0.406,0.321,1,"SRGAP1","Not significant",0.603199545186463,0.603199545186463
0.249380839887277,0.027752878763877,0.259,0.185,1,"HOTAIRM1","Not significant",0.60313691673911,0.60313691673911
0.249421565771688,0.241878751236431,0.278,0.21,1,"PDXDC1","Not significant",0.603065998769553,0.603065998769553
0.249683037531438,0.669692271630399,0.2,0.148,1,"CHIC2","Not significant",0.602610960879419,0.602610960879419
0.250257493813292,-0.167934521868274,0.819,0.864,1,"ATP6V0E1","Not significant",0.601612908961398,0.601612908961398
0.250659575550351,-0.135431170547099,0.333,0.259,1,"SIAH2","Not significant",0.600915700070496,0.600915700070496
0.250713300679059,-0.25885938586598,0.523,0.556,1,"ZC3HAV1","Not significant",0.600822625522059,0.600822625522059
0.250787552433842,-0.428850650930153,0.247,0.296,1,"SRSF1","Not significant",0.600694023038496,0.600694023038496
0.250802730596064,-0.948263735962437,0.171,0.21,1,"SCYL2","Not significant",0.60066773946673,0.60066773946673
0.251015320794271,-0.519579871586034,0.304,0.346,1,"SEPT9","Not significant",0.600299770417967,0.600299770417967
0.251225908728263,-0.334223232008552,0.302,0.358,1,"BLVRA","Not significant",0.599935574180494,0.599935574180494
0.251257902093043,-0.73270153011772,0.086,0.123,1,"MOGS","Not significant",0.599880270739863,0.599880270739863
0.251380620770934,-0.533628658768298,0.105,0.148,1,"CYREN","Not significant",0.599668205634347,0.599668205634347
0.251495110183816,-0.590446841080099,0.128,0.173,1,"RHOBTB3","Not significant",0.599470454507979,0.599470454507979
0.251548548818895,-0.286410748712095,0.14,0.086,1,"SESN3","Not significant",0.599378183771602,0.599378183771602
0.252011223961918,-0.715114151053444,0.095,0.136,1,"NUDT19","Not significant",0.598580116376491,0.598580116376491
0.252499710764047,0.0786793154586272,0.8,0.753,1,"ICAM1","Not significant",0.597739115025123,0.597739115025123
0.252598450354865,0.116246730058943,0.404,0.296,1,"GGA2","Not significant",0.597569318089459,0.597569318089459
0.252600852072562,0.167224497791388,0.278,0.198,1,"ARPC5L","Not significant",0.597565188817157,0.597565188817157
0.252670784955817,-0.483059353954741,0.565,0.593,1,"CCNH","Not significant",0.597444970450365,0.597444970450365
0.252710966447078,-0.200586131566192,0.686,0.679,1,"ARHGDIA","Not significant",0.597375911368125,0.597375911368125
0.25328798597604,0.330151761216056,0.152,0.099,1,"TMEM101","Not significant",0.596385409293744,0.596385409293744
0.253296691515106,0.456945284589145,0.411,0.333,1,"TWISTNB","Not significant",0.596370482795779,0.596370482795779
0.253416728723749,0.328051709322424,0.29,0.222,1,"AIP","Not significant",0.596164719552771,0.596164719552771
0.253686890124798,0.0956997992506707,0.124,0.074,1,"GIGYF2","Not significant",0.595701975401722,0.595701975401722
0.254149975894905,-0.117368480925552,0.741,0.765,1,"SLC38A2","Not significant",0.594909927152346,0.594909927152346
0.254249896557539,-0.446372482223409,0.432,0.444,1,"ADAM9","Not significant",0.594739215099414,0.594739215099414
0.254560141259837,-0.308959022109854,0.461,0.481,1,"TAF7","Not significant",0.594209596699888,0.594209596699888
0.254855285794152,0.311995438264597,0.371,0.284,1,"SLC25A36","Not significant",0.593706354551527,0.593706354551527
0.254891696440921,-0.0739342266549146,0.344,0.259,1,"MRPL47","Not significant",0.593644312230328,0.593644312230328
0.2550370806422,-0.577899014242133,0.235,0.284,1,"UBN1","Not significant",0.59339667153649,0.59339667153649
0.255076753115791,0.106168025894255,0.197,0.136,1,"ZNF92","Not significant",0.593329119804862,0.593329119804862
0.255195535267267,0.576605299975487,0.119,0.074,1,"PHTF2","Not significant",0.593126928014162,0.593126928014162
0.255225774435957,0.703781847039932,0.102,0.062,1,"TBC1D23","Not significant",0.593075469723276,0.593075469723276
0.255250059510383,-0.104363567184713,0.242,0.173,1,"DDHD1","Not significant",0.59303414798727,0.59303414798727
0.255459558821294,-0.809801638442631,0.195,0.235,1,"APIP","Not significant",0.592677842186366,0.592677842186366
0.25554576539096,0.596106892422572,0.105,0.062,1,"NCAPH2","Not significant",0.592531311275273,0.592531311275273
0.256092048221454,-0.495001562879051,0.456,0.444,1,"IFI30","Not significant",0.591603906370142,0.591603906370142
0.256487717772179,0.292496873056238,0.264,0.198,1,"SREK1IP1","Not significant",0.590933426776262,0.590933426776262
0.256680380790309,0.000625835982798306,0.713,0.58,1,"BHLHE40","Not significant",0.590607325096106,0.590607325096106
0.256804122271441,0.233574364235061,0.444,0.358,1,"EHBP1L1","Not significant",0.590398009164826,0.590398009164826
0.256834111164757,-1.02411623773877,0.109,0.148,1,"ALDH3B1","Not significant",0.590347296386639,0.590347296386639
0.25715988896438,0.459388179081317,0.19,0.136,1,"SETD3","Not significant",0.589796770428697,0.589796770428697
0.25717688055991,0.0231694165076939,0.135,0.086,1,"ZBTB7B","Not significant",0.589768075781076,0.589768075781076
0.257316234804302,-0.666138235325826,0.107,0.148,1,"ZNF598","Not significant",0.589532812066006,0.589532812066006
0.257325505547365,0.562599241301724,0.131,0.086,1,"TRMT5","Not significant",0.589517165326769,0.589517165326769
0.257456224762128,-1.17608716498446,0.076,0.111,1,"SLC23A2","Not significant",0.589296603362239,0.589296603362239
0.257548244767244,-0.339044323778334,0.257,0.309,1,"KARS","Not significant",0.589141405560136,0.589141405560136
0.257783471832098,-1.20338947880374,0.121,0.16,1,"TACC3","Not significant",0.588744931521901,0.588744931521901
0.257896841286437,-0.00900979188438388,0.572,0.469,1,"PRELID1","Not significant",0.5885539770566,0.5885539770566
0.257954617910706,0.211130408531976,0.121,0.074,1,"DTYMK","Not significant",0.58845669296925,0.58845669296925
0.258241873885388,-0.0613289781430006,0.316,0.235,1,"FIBP","Not significant",0.587973335567337,0.587973335567337
0.258271887179427,0.0796349378553951,0.105,0.062,1,"SMUG1","Not significant",0.587922864083391,0.587922864083391
0.258299672442028,0.123351984900635,0.254,0.185,1,"PMF1","Not significant",0.587876144568881,0.587876144568881
0.258759909886435,-0.656761851243008,0.19,0.235,1,"VPS13D","Not significant",0.587103008775292,0.587103008775292
0.258981864318656,0.249277400270486,0.366,0.284,1,"CCT7","Not significant",0.58673064712377,0.58673064712377
0.259234677049269,0.152991406173447,0.121,0.074,1,"ZNF609","Not significant",0.586306904638512,0.586306904638512
0.259363835389332,0.0838269525055335,0.278,0.198,1,"CIR1","Not significant",0.586090580240367,0.586090580240367
0.259664352646936,-0.918233486150328,0.169,0.21,1,"PRPF6","Not significant",0.585587667280004,0.585587667280004
0.259887282631244,0.195100875651097,0.209,0.148,1,"SNX1","Not significant",0.58521497181952,0.58521497181952
0.259908959973217,-0.217217350764261,0.753,0.765,1,"ARHGDIB","Not significant",0.585178748587281,0.585178748587281
0.260131013606107,-0.259522384451507,0.601,0.642,1,"ARPC5","Not significant",0.584807866815835,0.584807866815835
0.260519129466113,-0.4280913741816,0.107,0.148,1,"RCN1","Not significant",0.584160381705905,0.584160381705905
0.260566671467614,0.324245595655611,0.249,0.185,1,"POLR2G","Not significant",0.584081134760658,0.584081134760658
0.260745049997302,0.446900563671607,0.247,0.185,1,"DDB2","Not significant",0.583783927500713,0.583783927500713
0.26075787849776,-0.369526447126902,0.366,0.42,1,"FAM53C","Not significant",0.583762560997644,0.583762560997644
0.261130138410909,0.227934448217565,0.164,0.111,1,"VBP1","Not significant",0.58314300106028,0.58314300106028
0.261169277309376,-0.362635989467076,0.385,0.42,1,"TCF4","Not significant",0.583077912694672,0.583077912694672
0.2614057820137,-0.433379727944695,0.152,0.198,1,"NCOA1","Not significant",0.582684810524133,0.582684810524133
0.261732388333267,-0.491778586928056,0.166,0.21,1,"AK6","Not significant",0.582142531834441,0.582142531834441
0.261736547396909,0.0129917135165263,0.9,0.864,1,"ATP6V1F","Not significant",0.582135630724303,0.582135630724303
0.261940785575732,0.148925387647761,0.152,0.099,1,"TMEM199","Not significant",0.581796874345255,0.581796874345255
0.262057396286561,-0.714367839594343,0.121,0.16,1,"REV1","Not significant",0.581603578296401,0.581603578296401
0.262137285920473,0.589401520294676,0.102,0.062,1,"MIS12","Not significant",0.581471201419583,0.581471201419583
0.262236733078501,-0.698489482271389,0.292,0.333,1,"KLHL24","Not significant",0.581306474141245,0.581306474141245
0.262293670860293,0.167583578181482,0.119,0.074,1,"THADA","Not significant",0.581212188798181,0.581212188798181
0.262414715502806,0.627283731193931,0.216,0.16,1,"FADS3","Not significant",0.581011814561344,0.581011814561344
0.262639810290498,-0.0349338343780723,0.235,0.16,1,"WIPF2","Not significant",0.58063944397739,0.58063944397739
0.262945652967774,0.369012112866267,0.119,0.074,1,"PGM3","Not significant",0.580134004571815,0.580134004571815
0.263020987147815,-0.515452719048503,0.242,0.284,1,"EEA1","Not significant",0.580009596609717,0.580009596609717
0.263101226830225,-0.705404490684577,0.107,0.148,1,"TOMM40L","Not significant",0.579877126812226,0.579877126812226
0.263143895366314,-0.55351492467621,0.299,0.346,1,"AZI2","Not significant",0.579806700658964,0.579806700658964
0.263284003526857,0.220740606843099,0.601,0.506,1,"AC020916.1","Not significant",0.579575526731601,0.579575526731601
0.263577649980186,0.300196551227298,0.273,0.21,1,"MLX","Not significant",0.579091418439917,0.579091418439917
0.263846862524593,0.191135340702097,0.176,0.123,1,"MRPS10","Not significant",0.57864806577095,0.57864806577095
0.263911704862681,-0.495353054274559,0.126,0.074,1,"RARS2","Not significant",0.578541347769548,0.578541347769548
0.264036135314077,0.136189007348563,0.39,0.296,1,"PCM1","Not significant",0.578336632624187,0.578336632624187
0.264120759415796,0.194438392804244,0.439,0.346,1,"PTPN6","Not significant",0.578197462687777,0.578197462687777
0.264318185082406,0.0696072776714958,0.743,0.605,1,"C6orf62","Not significant",0.577872956394375,0.577872956394375
0.26447918661739,0.353632533982465,0.105,0.062,1,"COL9A2","Not significant",0.577608499405275,0.577608499405275
0.26447918661739,-0.0851753114588076,0.105,0.062,1,"RCE1","Not significant",0.577608499405275,0.577608499405275
0.264521500233355,0.0619824156207422,0.135,0.086,1,"PDZD8","Not significant",0.577539022860464,0.577539022860464
0.264611781333335,-0.307274279120821,0.727,0.704,1,"DAZAP2","Not significant",0.577390823587094,0.577390823587094
0.264664828017093,0.399637442304381,0.202,0.148,1,"SRRT","Not significant",0.577303769363615,0.577303769363615
0.264836707661739,-0.355210011950348,0.34,0.37,1,"APP","Not significant",0.577021819723007,0.577021819723007
0.26492099519095,0.305936168906584,0.257,0.185,1,"PIAS1","Not significant",0.576883622169894,0.576883622169894
0.265061402533752,0.334982805298556,0.192,0.136,1,"BTBD1","Not significant",0.576653508355224,0.576653508355224
0.265068044380894,0.133989244045934,0.211,0.148,1,"TRIP11","Not significant",0.576642626041176,0.576642626041176
0.265180503453149,-0.580099449714037,0.283,0.321,1,"ABHD3","Not significant",0.5764584092038,0.5764584092038
0.265224001538385,-0.244540413818921,0.159,0.21,1,"PKIB","Not significant",0.576387176858464,0.576387176858464
0.265327610158363,0.186013618844079,0.311,0.235,1,"MARCH1","Not significant",0.576217554708558,0.576217554708558
0.265517201569343,0.787334814787705,0.126,0.086,1,"ANAPC15","Not significant",0.575907337841833,0.575907337841833
0.265788578431049,0.313050026701486,0.48,0.42,1,"RGS19","Not significant",0.575463685661711,0.575463685661711
0.265829887859473,0.0858645472086976,0.204,0.148,1,"HMGXB3","Not significant",0.575396191930816,0.575396191930816
0.26587243811204,0.0980021388948691,0.105,0.062,1,"TMEM214","Not significant",0.575326681834545,0.575326681834545
0.265891344810888,0.341327760201456,0.273,0.21,1,"SELPLG","Not significant",0.575295799419278,0.575295799419278
0.265950755647852,-0.76001521947505,0.297,0.321,1,"ARF3","Not significant",0.57519877137752,0.57519877137752
0.265965443153553,0.505294385611493,0.323,0.259,1,"RAB11FIP1","Not significant",0.575174787514292,0.575174787514292
0.266200304639561,-0.781628692399135,0.097,0.136,1,"FGD3","Not significant",0.574791451854564,0.574791451854564
0.266200304639561,-2.42685405507065,0.097,0.136,1,"ANGPTL4","Not significant",0.574791451854564,0.574791451854564
0.266222339799845,0.281057108671756,0.119,0.074,1,"ZFYVE19","Not significant",0.574755503914992,0.574755503914992
0.266226187528248,0.287863952414781,0.133,0.086,1,"EPB41","Not significant",0.574749227074593,0.574749227074593
0.266292924510601,0.110167470443071,0.242,0.173,1,"GID8","Not significant",0.574640372753044,0.574640372753044
0.266435223342868,-0.550237966514268,0.302,0.333,1,"STT3B","Not significant",0.574408360987368,0.574408360987368
0.266473995539841,-0.571788626059112,0.261,0.309,1,"SMPDL3A","Not significant",0.574345166166824,0.574345166166824
0.266474321925094,-1.22969821996299,0.114,0.148,1,"PES1","Not significant",0.574344634230388,0.574344634230388
0.266530934006593,-0.306125373621581,0.242,0.296,1,"OLA1","Not significant",0.574252378799798,0.574252378799798
0.26660887455692,-0.894268608878291,0.252,0.284,1,"UTRN","Not significant",0.57412539840696,0.57412539840696
0.266767391656773,-0.600788001513944,0.245,0.284,1,"DDX39B","Not significant",0.573867257547903,0.573867257547903
0.266817694070024,0.0921445948086694,0.259,0.185,1,"FLT1","Not significant",0.57378537347299,0.57378537347299
0.267053019522538,0.395741963193772,0.15,0.099,1,"TM2D3","Not significant",0.573402507174108,0.573402507174108
0.267202064503865,-0.822153372517433,0.076,0.111,1,"TSPOAP1","Not significant",0.573160190660665,0.573160190660665
0.267202768712066,-0.815307510611498,0.131,0.173,1,"BORCS5","Not significant",0.573159046083683,0.573159046083683
0.267253640471796,-0.56116849838271,0.211,0.259,1,"ITSN1","Not significant",0.573076370212564,0.573076370212564
0.267313624690553,0.352189964567929,0.233,0.173,1,"MARCH6","Not significant",0.572978905152451,0.572978905152451
0.267313624690553,0.410225739679462,0.233,0.173,1,"NAA16","Not significant",0.572978905152451,0.572978905152451
0.267442547509504,-0.823212522722272,0.133,0.173,1,"SCAPER","Not significant",0.572769499547215,0.572769499547215
0.267490103256934,-0.770935351507952,0.086,0.123,1,"CNEP1R1","Not significant",0.572692281606913,0.572692281606913
0.26787530775676,0.239144541070074,0.287,0.21,1,"TADA3","Not significant",0.572067316997298,0.572067316997298
0.267942051079221,-1.08684249112673,0.078,0.111,1,"XPO7","Not significant",0.571959122455555,0.571959122455555
0.268162229189472,-0.2955854952724,0.083,0.123,1,"PHF6","Not significant",0.571602392814649,0.571602392814649
0.268453594786674,0.108634037928712,0.278,0.21,1,"KIAA2013","Not significant",0.571130776146401,0.571130776146401
0.268863843138366,0.387454213567006,0.119,0.074,1,"KIAA1143","Not significant",0.570467597855895,0.570467597855895
0.268918597845391,0.366781926791009,0.278,0.21,1,"HIPK3","Not significant",0.570379161843898,0.570379161843898
0.268927933130086,0.139247711464032,0.197,0.136,1,"DDX56","Not significant",0.570364085935077,0.570364085935077
0.269017951924107,0.084938360547679,0.181,0.123,1,"LINC01268","Not significant",0.570218737984802,0.570218737984802
0.269389339225626,0.146071975338944,0.162,0.111,1,"YARS","Not significant",0.569619594979381,0.569619594979381
0.2694829256441,0.296858235752476,0.28,0.21,1,"MAPK1","Not significant",0.569468746371342,0.569468746371342
0.269584373814604,0.894920636437349,0.112,0.074,1,"SLC7A6OS","Not significant",0.569305284847287,0.569305284847287
0.269846679918426,-0.592745974065707,0.164,0.21,1,"TMEM50B","Not significant",0.568882920944987,0.568882920944987
0.269903944042256,0.0340842185487817,0.183,0.123,1,"SASH3","Not significant",0.568790769154957,0.568790769154957
0.270091146107561,-0.907071268638322,0.259,0.284,1,"GATM","Not significant",0.568489652242219,0.568489652242219
0.270428524547757,0.241167691049172,0.812,0.79,1,"LIMS1","Not significant",0.567947501338661,0.567947501338661
0.270476370566734,0.229600758004936,0.325,0.259,1,"SLU7","Not significant",0.567870669857694,0.567870669857694
0.270716210815196,-0.619960099816895,0.425,0.432,1,"ATP5PB","Not significant",0.567485737370267,0.567485737370267
0.270751475848662,0.0907181542717348,0.135,0.086,1,"WDR41","Not significant",0.567429167385253,0.567429167385253
0.27085154559602,-0.00616607955909032,0.268,0.198,1,"RIC8A","Not significant",0.56726868179763,0.56726868179763
0.270911208397235,-0.0798159528673388,0.171,0.111,1,"ESCO1","Not significant",0.567173026549068,0.567173026549068
0.270917275242749,0.165174786661306,0.62,0.556,1,"REX1BD","Not significant",0.567163300971292,0.567163300971292
0.271386800482358,0.31681202172728,0.511,0.432,1,"TUFM","Not significant",0.56641127906788,0.56641127906788
0.271485893264261,0.0713259729398863,0.28,0.198,1,"ELAVL1","Not significant",0.566252731956004,0.566252731956004
0.271710968262962,0.349895630624239,0.268,0.21,1,"CD2BP2","Not significant",0.565892829892985,0.565892829892985
0.271777637051023,-0.520638094701423,0.314,0.346,1,"GNA12","Not significant",0.565786281617153,0.565786281617153
0.272200960037114,-0.725964721285275,0.266,0.309,1,"CCL2","Not significant",0.56511034739835,0.56511034739835
0.272204548592088,0.13077984117512,0.105,0.062,1,"TTYH2","Not significant",0.565104621924972,0.565104621924972
0.272277401981068,0.0962745475803795,0.121,0.074,1,"MAST3","Not significant",0.564988402002613,0.564988402002613
0.272402842129416,0.156872684785236,0.197,0.136,1,"GIT2","Not significant",0.564788365501239,0.564788365501239
0.272851569505901,0.263044776599114,0.24,0.173,1,"GDE1","Not significant",0.564073543710442,0.564073543710442
0.272905406001666,-0.873338633551985,0.249,0.272,1,"ARL2","Not significant",0.563987861276095,0.563987861276095
0.273187528605359,-0.355612966623559,0.399,0.444,1,"PGAM1","Not significant",0.563539130691465,0.563539130691465
0.273320879251657,-0.51639666385198,0.204,0.247,1,"GOLT1B","Not significant",0.563327190856095,0.563327190856095
0.273573401628271,0.101437123826316,1,1,1,"B2M","Not significant",0.562926129494334,0.562926129494334
0.273577613585908,0.237831298451932,0.221,0.16,1,"TMEM127","Not significant",0.562919443113759,0.562919443113759
0.27377660576206,0.184361440914484,0.183,0.123,1,"TMED1","Not significant",0.562603665122845,0.562603665122845
0.273879461966356,-0.179110145012189,0.52,0.556,1,"RRBP1","Not significant",0.562440533971332,0.562440533971332
0.273900968507447,-0.585598916990575,0.154,0.099,1,"NUPL2","Not significant",0.562406432088147,0.562406432088147
0.27429673414907,0.536155580523879,0.131,0.086,1,"KDM6A","Not significant",0.561779363191975,0.561779363191975
0.274758444557406,0.515907096491178,0.116,0.074,1,"SPIDR","Not significant",0.561048950885091,0.561048950885091
0.274884071715513,0.252338446519853,0.66,0.568,1,"GBP2","Not significant",0.560850424821776,0.560850424821776
0.274939651393333,-0.48627167372439,0.116,0.16,1,"SETD9","Not significant",0.560762622326355,0.560762622326355
0.275002581063879,-0.942839558433232,0.162,0.198,1,"CCNT1","Not significant",0.560663230036865,0.560663230036865
0.275447887746522,-0.348571112908118,0.166,0.21,1,"ABCC3","Not significant",0.559960553635721,0.559960553635721
0.275593975605897,0.206787408386802,0.439,0.358,1,"RNF114","Not significant",0.559730280195877,0.559730280195877
0.275715188274398,-0.559183445274593,0.119,0.16,1,"TMEM140","Not significant",0.55953930933102,0.55953930933102
0.275852453421489,0.423685282468689,0.416,0.346,1,"RNF19B","Not significant",0.559323149090051,0.559323149090051
0.276306526799624,-1.16369622340395,0.078,0.111,1,"APOL1","Not significant",0.558608856235922,0.558608856235922
0.276658795229012,-0.484644624109927,0.352,0.383,1,"ZBTB10","Not significant",0.558055518622753,0.558055518622753
0.276908954893233,-0.593829983790917,0.226,0.259,1,"ADCY7","Not significant",0.557662999480743,0.557662999480743
0.277200342200954,-0.0685474975583484,0.105,0.062,1,"NOC3L","Not significant",0.557206237927855,0.557206237927855
0.277537510469362,0.398762011272159,0.556,0.444,1,"IFNGR1","Not significant",0.556678311680282,0.556678311680282
0.277743879015081,0.13129783052434,0.473,0.383,1,"LAMTOR5","Not significant",0.556355503365551,0.556355503365551
0.277794614108251,0.24587651220329,0.102,0.062,1,"METTL22","Not significant",0.556276178633469,0.556276178633469
0.278162309949108,0.288123707223029,0.116,0.074,1,"FBXO28","Not significant",0.555701715789043,0.555701715789043
0.278400492063871,-0.380348825218705,0.337,0.37,1,"PECAM1","Not significant",0.555330001459338,0.555330001459338
0.278478428600798,0.161005183552746,0.283,0.21,1,"JOSD2","Not significant",0.555208440355512,0.555208440355512
0.278665711125177,0.0944979616950841,0.19,0.136,1,"MEA1","Not significant",0.554916466468832,0.554916466468832
0.278667760977696,0.639746821057602,0.128,0.086,1,"USP48","Not significant",0.554913271829778,0.554913271829778
0.278942524827966,-0.656402851411192,0.24,0.272,1,"MYD88","Not significant",0.554485272430577,0.554485272430577
0.279348496572236,0.112929227632169,0.582,0.469,1,"HNRNPD","Not significant",0.55385366163025,0.55385366163025
0.279375888085652,0.0279253947149094,0.169,0.111,1,"SLAIN2","Not significant",0.553811078977823,0.553811078977823
0.279510622082276,-0.136729319069744,0.729,0.728,1,"HNRNPH1","Not significant",0.553601683219193,0.553601683219193
0.27964460846343,0.0181582699133216,0.181,0.123,1,"VAC14","Not significant",0.553393549434797,0.553393549434797
0.279960689557173,0.308101441377485,0.366,0.296,1,"U2SURP","Not significant",0.552902945468286,0.552902945468286
0.280037747239163,-0.221486517173193,0.185,0.235,1,"PPP3R1","Not significant",0.552783424683624,0.552783424683624
0.280061083667057,0.372361388287777,0.145,0.099,1,"CLUH","Not significant",0.552747235063835,0.552747235063835
0.280112351119633,0.273766233116389,0.219,0.16,1,"STX6","Not significant",0.552667741212701,0.552667741212701
0.280308436101314,-1.09926045500412,0.124,0.16,1,"CD52","Not significant",0.552363831611398,0.552363831611398
0.280362664053919,-0.0210573053104879,0.15,0.099,1,"YLPM1","Not significant",0.552279821928544,0.552279821928544
0.28042459522831,0.24944208079759,0.698,0.58,1,"SRSF10","Not significant",0.552183898324859,0.552183898324859
0.280578454479159,-0.682959091535759,0.188,0.222,1,"AC013394.1","Not significant",0.551945681347808,0.551945681347808
0.28058473622165,-0.317254372344223,0.451,0.469,1,"SRSF6","Not significant",0.551935958236436,0.551935958236436
0.280944928946614,0.0439793504673667,0.66,0.58,1,"MYDGF","Not significant",0.551378802509743,0.551378802509743
0.281094666606368,-0.691618838005123,0.204,0.247,1,"IGF2R","Not significant",0.551147394468682,0.551147394468682
0.281098716790311,0.158832324778359,0.715,0.617,1,"MSN","Not significant",0.551141136933147,0.551141136933147
0.281410113995175,0.169604138555564,0.257,0.185,1,"ETFA","Not significant",0.550660297898571,0.550660297898571
0.281467525609078,-1.06021062115023,0.133,0.173,1,"POLG2","Not significant",0.550571704764123,0.550571704764123
0.281778990332263,-0.171178972213477,0.216,0.148,1,"UBA7","Not significant",0.550091391364764,0.550091391364764
0.281944073590802,0.302998368323985,0.164,0.111,1,"BEST1","Not significant",0.549837029764624,0.549837029764624
0.281944073590802,-0.0452473349786007,0.164,0.111,1,"U2AF1L4","Not significant",0.549837029764624,0.549837029764624
0.282319164805184,0.388166579875825,0.162,0.111,1,"PPP2R5E","Not significant",0.549259639434983,0.549259639434983
0.282348182844893,-0.670512807265675,0.316,0.346,1,"LUCAT1","Not significant",0.549215002979255,0.549215002979255
0.282448539396464,0.0930456741303818,0.632,0.531,1,"ELOB","Not significant",0.549060666754157,0.549060666754157
0.282847674620394,-0.765515615765906,0.19,0.235,1,"ABHD8","Not significant",0.548447387380289,0.548447387380289
0.282881439548474,0.035801183182222,0.228,0.16,1,"PPP1R11","Not significant",0.548395546590777,0.548395546590777
0.283028085964834,-0.0869571259931075,1,1,1,"TMSB4X","Not significant",0.548170465626523,0.548170465626523
0.283307704404111,-0.0281030589765865,0.888,0.926,1,"ZFP36L2","Not significant",0.547741614908807,0.547741614908807
0.283358028742429,0.105865641906013,0.432,0.346,1,"NR3C1","Not significant",0.547664477431751,0.547664477431751
0.28343700066442,-0.475759458462351,0.368,0.407,1,"ORMDL1","Not significant",0.547543456362798,0.547543456362798
0.283533741397886,0.204854593142049,0.323,0.247,1,"DNPH1","Not significant",0.547395251300313,0.547395251300313
0.283714776281456,-0.256861303757722,0.105,0.062,1,"PCGF1","Not significant",0.547118044921856,0.547118044921856
0.283877824752625,-0.230407364313672,0.594,0.593,1,"TRMT112","Not significant",0.546868531263184,0.546868531263184
0.284011784004123,0.175525017769533,0.309,0.235,1,"STARD3","Not significant",0.546663640157915,0.546663640157915
0.284250486315488,0.677793217044188,0.1,0.062,1,"ZCCHC9","Not significant",0.546298783618407,0.546298783618407
0.284534849044881,-0.207020709190736,0.76,0.753,1,"IRF2BP2","Not significant",0.54586453481892,0.54586453481892
0.284673617588088,0.236796525204346,0.23,0.173,1,"MED28","Not significant",0.545652779663108,0.545652779663108
0.284809176860516,0.0095984663494586,0.135,0.086,1,"WDR70","Not significant",0.545446021370593,0.545446021370593
0.284826506556481,0.211235920333809,0.43,0.358,1,"DDRGK1","Not significant",0.545419596792387,0.545419596792387
0.28488233679304,0.0564090700819941,0.42,0.333,1,"PLIN3","Not significant",0.545334476949079,0.545334476949079
0.284976738039239,0.108710686912626,0.463,0.37,1,"EIF3M","Not significant",0.545190588951168,0.545190588951168
0.285097603812558,-0.0271034755182105,0.195,0.136,1,"SLC36A4","Not significant",0.545006432832093,0.545006432832093
0.285349465499924,0.126411160213158,0.19,0.136,1,"USP11","Not significant",0.544622936609508,0.544622936609508
0.285369296555651,0.0893573664863891,0.323,0.247,1,"GTPBP6","Not significant",0.54459275530604,0.54459275530604
0.286070222134143,0.314910975930556,0.204,0.148,1,"MCM5","Not significant",0.543527346794124,0.543527346794124
0.286142047581339,-0.697985776921312,0.209,0.247,1,"GOLGA7","Not significant",0.543418319437696,0.543418319437696
0.286489381199995,0.512081772688024,0.1,0.062,1,"PPP1R37","Not significant",0.542891470631015,0.542891470631015
0.28652153802033,-0.409808198612199,0.254,0.296,1,"STAT2","Not significant",0.542842726255738,0.542842726255738
0.286767500930152,-0.551381893681982,0.166,0.21,1,"CNPPD1","Not significant",0.542470068368408,0.542470068368408
0.286838347302684,-0.458610400199722,0.216,0.259,1,"GAS7","Not significant",0.542362788469136,0.542362788469136
0.287030291432267,0.138438305440172,0.734,0.654,1,"UQCRH","Not significant",0.542072268047584,0.542072268047584
0.28707777578252,0.153729515196919,0.181,0.123,1,"HAUS8","Not significant",0.54200042724786,0.54200042724786
0.287078911371229,0.552792244992443,0.114,0.074,1,"ODF2L","Not significant",0.54199870931991,0.54199870931991
0.287123577428579,0.217173418952222,0.162,0.111,1,"RPS6KB1","Not significant",0.541931143530305,0.541931143530305
0.287158499147418,0.386738377111662,0.268,0.21,1,"SRGAP2C","Not significant",0.541878325201376,0.541878325201376
0.287163604379937,0.184380297118045,0.204,0.148,1,"CARS2","Not significant",0.541870604188035,0.541870604188035
0.287239604068609,-0.809940063671215,0.245,0.272,1,"SUCLG2","Not significant",0.541755680576455,0.541755680576455
0.28733538558536,0.0709419202532372,0.732,0.679,1,"TCF25","Not significant",0.541610886997453,0.541610886997453
0.28747766934645,0.0300154838478079,0.563,0.432,1,"MRPL54","Not significant",0.54139588473528,0.54139588473528
0.287853828715721,0.158455769739006,0.658,0.617,1,"AKR1A1","Not significant",0.540827989661853,0.540827989661853
0.287988577290309,0.590246145172808,0.1,0.062,1,"BORCS6","Not significant",0.540624737651075,0.540624737651075
0.288062236791552,0.190424181325148,0.133,0.086,1,"MRPL2","Not significant",0.54051367135511,0.54051367135511
0.288115290500296,0.329454727234071,0.159,0.111,1,"PLGRKT","Not significant",0.540433692765438,0.540433692765438
0.288460888366049,-0.201660231313298,0.675,0.704,1,"GLS","Not significant",0.539913063334218,0.539913063334218
0.288489483730934,0.555398099676208,0.114,0.074,1,"ETFDH","Not significant",0.539870013499126,0.539870013499126
0.288489483730934,0.617177972778279,0.114,0.074,1,"ICE2","Not significant",0.539870013499126,0.539870013499126
0.288804408553064,-0.402247635046554,0.233,0.272,1,"TMX4","Not significant",0.539396181616056,0.539396181616056
0.288828174134199,0.0884264438776889,0.102,0.062,1,"PIGO","Not significant",0.539360445194457,0.539360445194457
0.288838717830915,0.292863100503597,0.309,0.247,1,"MRPL40","Not significant",0.539344591527346,0.539344591527346
0.289105787656405,0.106171353565297,0.245,0.173,1,"TMEM8A","Not significant",0.538943214029515,0.538943214029515
0.28957410234495,-0.698438243134262,0.102,0.062,1,"KIF2A","Not significant",0.538240281258063,0.538240281258063
0.289650241687966,0.098380998017936,0.219,0.16,1,"MAPK3","Not significant",0.538126104783753,0.538126104783753
0.289799238901793,-0.372944072518352,0.328,0.37,1,"NECTIN2","Not significant",0.537902759448646,0.537902759448646
0.290045338707407,0.070905626147685,0.133,0.086,1,"ABCB7","Not significant",0.537534109647922,0.537534109647922
0.290321326778488,0.187092681040903,0.102,0.062,1,"S100B","Not significant",0.537121060062187,0.537121060062187
0.290321685746861,0.253969469674916,0.157,0.111,1,"NUP153","Not significant",0.537120523078257,0.537120523078257
0.290501302315882,0.0334119366002967,0.223,0.16,1,"AP5Z1","Not significant",0.536851916329301,0.536851916329301
0.290557108602287,0.441273481738354,0.159,0.111,1,"ACBD5","Not significant",0.536768494897444,0.536768494897444
0.290723349325181,-0.405955406217562,0.202,0.247,1,"CSTA","Not significant",0.536520086647677,0.536520086647677
0.290744885813887,0.168858535680397,0.316,0.235,1,"ITPA","Not significant",0.536487915747725,0.536487915747725
0.291202267005277,-0.119937641751225,0.299,0.346,1,"LILRB2","Not significant",0.535805248369818,0.535805248369818
0.291275593885072,0.012853738938214,0.233,0.173,1,"TPRKB","Not significant",0.535695903580681,0.535695903580681
0.291324624483223,0.481407166784269,0.114,0.074,1,"HIST2H2AC","Not significant",0.535622804678207,0.535622804678207
0.291354510712897,-0.207528198950554,0.556,0.58,1,"FKBP5","Not significant",0.535578253830717,0.535578253830717
0.291412838446227,0.0573913203665256,0.603,0.481,1,"NAGK","Not significant",0.535491318923165,0.535491318923165
0.29205155628487,0.285027152289808,0.145,0.099,1,"ATIC","Not significant",0.534540475148888,0.534540475148888
0.292057559195907,0.406684747850642,0.2,0.148,1,"GYG1","Not significant",0.534531548627901,0.534531548627901
0.292792958046099,-0.194128295899328,0.679,0.716,1,"CPEB4","Not significant",0.533439372690484,0.533439372690484
0.293323191456487,0.0630189626498874,0.102,0.062,1,"MYL5","Not significant",0.532653598378454,0.532653598378454
0.293537183936289,-0.410237909943828,0.247,0.284,1,"HECA","Not significant",0.532336876510144,0.532336876510144
0.293735427140633,-0.841314895519088,0.185,0.222,1,"AHCTF1","Not significant",0.532043670488383,0.532043670488383
0.293937931370027,-0.470585492725264,0.109,0.148,1,"MARF1","Not significant",0.531744366558419,0.531744366558419
0.294076900483427,0.267784906622699,0.102,0.062,1,"ANKRA2","Not significant",0.531539087654014,0.531539087654014
0.294312094622135,-0.21120162171486,0.209,0.148,1,"RANGAP1","Not significant",0.531191890398774,0.531191890398774
0.29445424157235,-0.881096279449591,0.09,0.123,1,"DBR1","Not significant",0.530982185347713,0.530982185347713
0.294543527184897,-0.16196414925857,0.658,0.704,1,"TAGLN2","Not significant",0.530850516770356,0.530850516770356
0.294659691797172,0.22705640845497,0.195,0.136,1,"MTMR9","Not significant",0.530679269740022,0.530679269740022
0.294751565948591,-0.117980033532207,0.15,0.099,1,"ANO6","Not significant",0.530543878918113,0.530543878918113
0.294751565948591,-0.00177902271048502,0.15,0.099,1,"TEN1","Not significant",0.530543878918113,0.530543878918113
0.294800355256626,0.438885814466329,0.1,0.062,1,"SPATA6","Not significant",0.530471997455118,0.530471997455118
0.295052936391576,-0.718683449088425,0.261,0.284,1,"CYB561A3","Not significant",0.530100058868356,0.530100058868356
0.295631610318467,0.259962507763899,0.489,0.407,1,"UBAC2","Not significant",0.529249130991305,0.529249130991305
0.295837804377822,0.204849583078256,0.625,0.519,1,"DEK","Not significant",0.528946329380328,0.528946329380328
0.295973163867571,-0.872835423683904,0.078,0.111,1,"FAM104B","Not significant",0.528747664997102,0.528747664997102
0.296279833620716,0.325708867804349,0.162,0.111,1,"MAPK8","Not significant",0.528297907903342,0.528297907903342
0.296387103819935,0.127224370304955,0.325,0.247,1,"PNPLA6","Not significant",0.528140696987196,0.528140696987196
0.29645041826048,0.282756371171843,0.143,0.099,1,"SENP5","Not significant",0.528047932574574,0.528047932574574
0.296632013226062,-1.00482247343403,0.086,0.123,1,"CD300LB","Not significant",0.527781980694123,0.527781980694123
0.296833390069812,0.180562299909837,0.361,0.284,1,"EIF5B","Not significant",0.527487247909719,0.527487247909719
0.296848053725036,0.135777515548827,0.501,0.407,1,"PPP4C","Not significant",0.527465794166752,0.527465794166752
0.296858123827411,0.156575717855868,0.323,0.259,1,"USP7","Not significant",0.52745106166081,0.52745106166081
0.297043426750933,-0.429695143470034,0.551,0.543,1,"NRIP1","Not significant",0.527180053647111,0.527180053647111
0.297255328095518,-0.16100930065461,0.891,0.926,1,"EEF2","Not significant",0.526870352212233,0.526870352212233
0.297412036096689,0.0590382679750943,0.131,0.086,1,"ITCH","Not significant",0.526641459806657,0.526641459806657
0.297684393427798,0.10636644574106,0.952,0.926,1,"RPLP2","Not significant",0.52624393332726,0.52624393332726
0.297891102660546,0.0347282145894667,0.401,0.321,1,"CCDC47","Not significant",0.525942467993863,0.525942467993863
0.29791313596793,-0.68456301298836,0.112,0.148,1,"MXI1","Not significant",0.52591034689368,0.52591034689368
0.298154911068147,0.458327376207702,0.245,0.185,1,"RUNX3","Not significant",0.525558032763888,0.525558032763888
0.298253594714688,0.151037036088266,0.304,0.222,1,"TOX4","Not significant",0.525414313272558,0.525414313272558
0.298321936922922,-0.4200829435196,0.34,0.37,1,"MLEC","Not significant",0.525314809882047,0.525314809882047
0.298575269731768,0.331548181454288,0.228,0.173,1,"TDG","Not significant",0.524946166684034,0.524946166684034
0.298680883216071,-0.181822638481549,0.135,0.086,1,"MTIF2","Not significant",0.524792573108819,0.524792573108819
0.298945492366146,0.241418658717553,0.349,0.272,1,"SH3BP2","Not significant",0.524407990680922,0.524407990680922
0.299794131177881,0.159599456788112,0.435,0.333,1,"SFT2D1","Not significant",0.52317687322893,0.52317687322893
0.299799683954457,0.23247697506992,0.145,0.099,1,"TNFRSF10D","Not significant",0.523168829315983,0.523168829315983
0.300027410846542,-0.356795105296492,0.38,0.407,1,"ADGRE2","Not significant",0.522839065828397,0.522839065828397
0.300069758940313,0.556181884625462,0.347,0.296,1,"RPS17","Not significant",0.522777770610222,0.522777770610222
0.300108138334116,-0.570553014389815,0.283,0.309,1,"MRPL28","Not significant",0.522722227215352,0.522722227215352
0.300127002423319,-0.761850488793178,0.15,0.185,1,"STXBP3","Not significant",0.522694929347256,0.522694929347256
0.300153301225747,-0.0460778266260768,0.102,0.062,1,"NAA25","Not significant",0.522656875708937,0.522656875708937
0.300172463619896,0.338066899941299,0.1,0.062,1,"L3MBTL2","Not significant",0.522629150355373,0.522629150355373
0.300301211238523,0.379124361732928,0.349,0.284,1,"NSFL1C","Not significant",0.522442916108891,0.522442916108891
0.300613299743849,0.587279898524597,0.166,0.123,1,"STAG1","Not significant",0.521991809252799,0.521991809252799
0.300829268461461,-0.865882547874798,0.078,0.111,1,"XPR1","Not significant",0.521679912385791,0.521679912385791
0.300960184975526,-0.176406180246765,0.195,0.136,1,"GOLPH3","Not significant",0.521490954868439,0.521490954868439
0.301068824342066,0.236272391274621,0.204,0.148,1,"NDUFA9","Not significant",0.521334213325465,0.521334213325465
0.301083725311817,0.277960431189209,0.202,0.148,1,"CARHSP1","Not significant",0.521312719074737,0.521312719074737
0.301105257558781,0.0286748127051042,0.28,0.21,1,"CPNE1","Not significant",0.521281661262956,0.521281661262956
0.301220612291282,0.102439465463456,0.33,0.247,1,"RAPH1","Not significant",0.521115313022222,0.521115313022222
0.301866376309421,0.182347665867611,0.162,0.111,1,"CDYL","Not significant",0.520185258611586,0.520185258611586
0.301937130203206,-0.434337965456207,0.475,0.481,1,"AP1S2","Not significant",0.52008347707023,0.52008347707023
0.302076119591003,0.152038997328495,0.401,0.309,1,"PKN1","Not significant",0.519883606205645,0.519883606205645
0.302093643438085,-0.1699335970527,0.869,0.889,1,"TPM3","Not significant",0.519858412922044,0.519858412922044
0.302412583120903,0.324419374590347,0.145,0.099,1,"SNRNP27","Not significant",0.519400142184458,0.519400142184458
0.302669421346043,0.133507851668285,0.665,0.556,1,"UBE2B","Not significant",0.519031453544584,0.519031453544584
0.302798811375588,-0.734752342123407,0.112,0.148,1,"LCORL","Not significant",0.518845833973935,0.518845833973935
0.302866986040307,-0.445791200595531,0.264,0.309,1,"STMP1","Not significant",0.518748064276704,0.518748064276704
0.302990276814473,0.152497278688605,0.76,0.654,1,"CCNI","Not significant",0.518571308110154,0.518571308110154
0.303010352649275,0.205719653383173,0.207,0.148,1,"BAG5","Not significant",0.518542533142429,0.518542533142429
0.303253079584219,-0.116753086288818,0.361,0.284,1,"FBP1","Not significant",0.518194780108077,0.518194780108077
0.304012930367138,-0.236913226977081,0.601,0.617,1,"DAD1","Not significant",0.51710794445811,0.51710794445811
0.30404939742206,-0.696573321795895,0.088,0.123,1,"CLIP4","Not significant",0.517055852953608,0.517055852953608
0.304070360027221,0.277287602369293,0.157,0.111,1,"API5","Not significant",0.517025911667735,0.517025911667735
0.304249742298323,-0.0716012120829159,0.544,0.432,1,"G0S2","Not significant",0.516769780948229,0.516769780948229
0.304403223170922,-0.238255051459175,0.525,0.543,1,"SNHG12","Not significant",0.516550753353715,0.516550753353715
0.3049163501951,-0.969717011471189,0.078,0.111,1,"THAP3","Not significant",0.515819287313441,0.515819287313441
0.305040587442008,0.314333415154837,0.145,0.099,1,"RPGR","Not significant",0.515642371376607,0.515642371376607
0.305063238117785,-0.648506526366777,0.173,0.21,1,"RAB9A","Not significant",0.515610124198033,0.515610124198033
0.305641512958713,0.177937037321522,0.499,0.395,1,"PPIG","Not significant",0.514787659178546,0.514787659178546
0.30583136698167,-0.298061164391365,0.192,0.136,1,"CCDC174","Not significant",0.514517974095554,0.514517974095554
0.306078151536028,-0.0764824674811342,0.252,0.185,1,"SMC1A","Not significant",0.514167670095553,0.514167670095553
0.306157018329316,-0.114236507087217,0.867,0.864,1,"MAP3K8","Not significant",0.514055780367534,0.514055780367534
0.30631283515695,-0.379317188025474,0.102,0.062,1,"ZFYVE21","Not significant",0.513834804952977,0.513834804952977
0.30631297351814,0.160727240244568,0.214,0.16,1,"DLGAP4","Not significant",0.513834608782654,0.513834608782654
0.30633531367628,0.00850772748085626,0.178,0.123,1,"AC106028.4","Not significant",0.513802935773484,0.513802935773484
0.306443848833078,0.452183761976868,0.344,0.284,1,"ABCE1","Not significant",0.513649091703494,0.513649091703494
0.306455964249429,0.0776774700025489,0.268,0.198,1,"GALNT1","Not significant",0.513631921985521,0.513631921985521
0.306570312235689,0.326187226028295,0.287,0.222,1,"ELF2","Not significant",0.513469903808063,0.513469903808063
0.306694438067392,-0.20172228248229,0.221,0.16,1,"SLC39A10","Not significant",0.513294099917558,0.513294099917558
0.306770496355536,-0.323556236112794,0.487,0.506,1,"VEGFB","Not significant",0.513186410975094,0.513186410975094
0.306813632186347,-0.654992128226936,0.185,0.222,1,"PLEKHM1","Not significant",0.513125347944116,0.513125347944116
0.30694107769884,-0.862623634463884,0.164,0.198,1,"CTBP1","Not significant",0.512944986367339,0.512944986367339
0.307326908192156,0.15912767299869,0.204,0.148,1,"RMDN3","Not significant",0.512399413164495,0.512399413164495
0.307333094291764,0.0228728518872274,0.297,0.222,1,"AIDA","Not significant",0.512390671457166,0.512390671457166
0.307509728118926,0.106990350461374,0.665,0.556,1,"TSC22D2","Not significant",0.512141140696561,0.512141140696561
0.30819522198794,0.625638655817522,0.242,0.198,1,"ZNF430","Not significant",0.511174098519472,0.511174098519472
0.308261101670752,-0.406832812650069,0.596,0.63,1,"GMFG","Not significant",0.511081273831896,0.511081273831896
0.308314264235214,-0.168686690721235,0.15,0.099,1,"MIA2","Not significant",0.511006382067731,0.511006382067731
0.308509439021247,-0.174548741425536,0.974,0.938,1,"C1QA","Not significant",0.510731543941497,0.510731543941497
0.308547493190719,-0.721602357798438,0.185,0.222,1,"NECAP1","Not significant",0.510677977682136,0.510677977682136
0.308677664997282,-0.877378796067078,0.171,0.198,1,"GLOD4","Not significant",0.51049479364507,0.51049479364507
0.308696407559947,0.210636327298807,0.216,0.16,1,"EGLN1","Not significant",0.510468424570284,0.510468424570284
0.308727950481133,0.367986830051383,0.114,0.074,1,"TIMM23","Not significant",0.510424050173818,0.510424050173818
0.308970242951118,-0.276483057318375,0.15,0.099,1,"KANSL2","Not significant",0.510083345638054,0.510083345638054
0.309065352177885,-0.580130521459311,0.228,0.259,1,"LTA4H","Not significant",0.509949678862177,0.509949678862177
0.309313800058343,0.350236486747822,0.159,0.111,1,"CTNNBIP1","Not significant",0.509600703483757,0.509600703483757
0.309667237958004,-0.398742166260583,0.147,0.099,1,"NUP50","Not significant",0.509104739514675,0.509104739514675
0.309735538186804,-0.0942286283680699,0.401,0.309,1,"MCRIP2","Not significant",0.50900896205373,0.50900896205373
0.309838023425591,-1.10588558894167,0.102,0.136,1,"TOE1","Not significant",0.508865286542555,0.508865286542555
0.309860144129639,0.283989018727755,0.544,0.481,1,"RPL36A","Not significant",0.508834281449396,0.508834281449396
0.310322205686613,0.341147316657962,0.143,0.099,1,"DBF4","Not significant",0.508187146548885,0.508187146548885
0.310695055947582,0.0602956908528927,0.162,0.111,1,"ACTR10","Not significant",0.507665657565003,0.507665657565003
0.310758032087637,-0.997256988927176,0.14,0.173,1,"AC099489.1","Not significant",0.507577637436896,0.507577637436896
0.310803044106351,-0.381546446426608,0.496,0.519,1,"TFRC","Not significant",0.507514736228535,0.507514736228535
0.310824438646548,0.0440260292359973,0.318,0.247,1,"SEPT6","Not significant",0.507484842020149,0.507484842020149
0.310950729406125,0.176704978326274,0.114,0.074,1,"MATR3.1","Not significant",0.507308420112129,0.507308420112129
0.3111106538082,-0.0235421804020408,0.252,0.185,1,"MRPL32","Not significant",0.507085116467996,0.507085116467996
0.311232523488056,-0.482168459371934,0.145,0.185,1,"OPA1","Not significant",0.506915025971048,0.506915025971048
0.311312176599056,0.0606556138778616,0.352,0.272,1,"DPYSL2","Not significant",0.506803892082163,0.506803892082163
0.311378714506294,-0.678096702265432,0.09,0.123,1,"ERV3-1","Not significant",0.506711078628574,0.506711078628574
0.311384831464712,0.134327710701522,0.183,0.136,1,"BTN3A2","Not significant",0.506702547103875,0.506702547103875
0.311560047645813,0.152389161956039,0.116,0.074,1,"SRPK1","Not significant",0.506458238417342,0.506458238417342
0.311665323703163,-0.0644943511468186,0.143,0.099,1,"THYN1","Not significant",0.506311515214724,0.506311515214724
0.311902621719837,0.207635014092405,0.1,0.062,1,"SMG6","Not significant",0.505980974734126,0.505980974734126
0.31202067934809,0.167190279600418,0.53,0.457,1,"SH3GLB1","Not significant",0.505816621913768,0.505816621913768
0.312185421732275,0.19485362563086,0.238,0.173,1,"GSS","Not significant",0.50558738125135,0.50558738125135
0.31225029516286,-0.334878835429907,0.366,0.272,1,"NSD3","Not significant",0.505497142425274,0.505497142425274
0.312258230708023,0.116158330787216,0.34,0.259,1,"ALAS1","Not significant",0.505486105383079,0.505486105383079
0.312271439021462,0.183288564168617,0.368,0.284,1,"HLA-DOA","Not significant",0.505467735406694,0.505467735406694
0.312426178284164,0.0934579737202748,0.287,0.21,1,"WARS","Not significant",0.505252583603843,0.505252583603843
0.31242863731945,-0.7467321942758,0.164,0.198,1,"NRARP","Not significant",0.505249165384351,0.505249165384351
0.312530031878973,0.58298850720235,0.112,0.074,1,"ANOS1","Not significant",0.505108243751441,0.505108243751441
0.313109852775744,0.137508553473971,0.38,0.296,1,"ABCF1","Not significant",0.504303266018308,0.504303266018308
0.313232462541736,-0.367936290860975,0.34,0.37,1,"WIPI2","Not significant",0.504133235208715,0.504133235208715
0.313341758929739,-0.659786822578431,0.102,0.062,1,"NAE1","Not significant",0.503981723010936,0.503981723010936
0.3133829429534,0.336088058111182,0.356,0.296,1,"CARD19","Not significant",0.503924645336512,0.503924645336512
0.313560014561987,0.149874718203241,0.368,0.296,1,"SURF1","Not significant",0.503679324056054,0.503679324056054
0.313603087831743,-0.592128930707962,0.216,0.247,1,"MPZL1","Not significant",0.503619669770491,0.503619669770491
0.313687176510188,0.307143792883762,0.143,0.099,1,"SRPK2","Not significant",0.503503234839699,0.503503234839699
0.314172902250508,-0.563471380945437,0.124,0.16,1,"RGPD5","Not significant",0.502831276045187,0.502831276045187
0.314363041094616,0.421894722655081,0.143,0.099,1,"KMT2E-AS1","Not significant",0.50256851858737,0.50256851858737
0.315018671213621,0.242544999980614,0.183,0.136,1,"MRPS26","Not significant",0.501663704735046,0.501663704735046
0.31531085445592,0.138920154228321,0.371,0.296,1,"MBD4","Not significant",0.501261078572838,0.501261078572838
0.315427886776221,-0.000593692171576343,0.114,0.074,1,"CBX5","Not significant",0.501099913614443,0.501099913614443
0.315505040478071,0.127311503013439,0.178,0.123,1,"TRAF5","Not significant",0.500993698117703,0.500993698117703
0.31553830417642,-0.871834323932365,0.214,0.247,1,"DICER1","Not significant",0.500947912861346,0.500947912861346
0.315684789830528,-0.166247599154563,0.667,0.704,1,"FXYD5","Not significant",0.500746342567093,0.500746342567093
0.315935926815986,0.1374291860056,0.176,0.123,1,"ACBD6","Not significant",0.500400985266866,0.500400985266866
0.316058003671974,0.212749504538829,0.449,0.37,1,"GHITM","Not significant",0.500233207372095,0.500233207372095
0.316381193172584,0.79596466369778,0.14,0.099,1,"AL591846.2","Not significant",0.499789340421272,0.499789340421272
0.316428481672775,0.100269202225348,0.622,0.531,1,"TANK","Not significant",0.499724432643958,0.499724432643958
0.316555369253583,-0.355623557403104,0.078,0.111,1,"AL591845.1","Not significant",0.499550315794612,0.499550315794612
0.31705978186088,-0.474640776175625,0.1,0.136,1,"SLC12A5","Not significant",0.498858843509445,0.498858843509445
0.317111384196413,0.491153617093259,0.335,0.272,1,"AC025164.1","Not significant",0.498788166661223,0.498788166661223
0.317146050625261,-0.0252907754541378,0.164,0.111,1,"RABGGTA","Not significant",0.498740692440364,0.498740692440364
0.317330600948689,0.136820289953299,0.337,0.272,1,"BEX4","Not significant",0.498488045824733,0.498488045824733
0.317360400936058,-1.21319790070624,0.164,0.198,1,"MROH1","Not significant",0.498447263869274,0.498447263869274
0.317397738650122,-0.60602253489435,0.078,0.111,1,"ZADH2","Not significant",0.498396171769174,0.498396171769174
0.317691091232349,-0.0212010995635352,0.192,0.136,1,"TMEM18","Not significant",0.497994963589217,0.497994963589217
0.317790098706489,-0.321956756471945,0.508,0.506,1,"CHMP2A","Not significant",0.497859638104482,0.497859638104482
0.317885484582779,-0.435161151098859,0.33,0.358,1,"RAD21","Not significant",0.497729302565022,0.497729302565022
0.317943308893815,-0.0963757440109219,0.974,0.963,1,"OAZ1","Not significant",0.497650310296883,0.497650310296883
0.318029597232692,-0.156457979627419,0.715,0.741,1,"GNA13","Not significant",0.497532460780667,0.497532460780667
0.318221734958656,-0.519568750358853,0.173,0.21,1,"ASPSCR1","Not significant",0.497270160798047,0.497270160798047
0.318233820042398,-0.708898361405893,0.192,0.222,1,"DPP9","Not significant",0.497253667941187,0.497253667941187
0.318543453612357,-0.49072079838155,0.207,0.247,1,"THOC6","Not significant",0.496831315677665,0.496831315677665
0.318668938936479,0.175423545741052,0.304,0.235,1,"ATG101","Not significant",0.496660265694432,0.496660265694432
0.31874407585986,0.0314119986128385,0.278,0.21,1,"SMARCB1","Not significant",0.49655787822946,0.49655787822946
0.318881528568815,-0.415045329170948,0.102,0.062,1,"ATP6V0E2","Not significant",0.496370636834097,0.496370636834097
0.318994710642638,0.210801715072703,0.238,0.185,1,"TAOK1","Not significant",0.496216518064323,0.496216518064323
0.319298956589802,-1.10246821066869,0.119,0.148,1,"SIGLEC7","Not significant",0.495802500652637,0.495802500652637
0.319756094328208,0.2580987665621,0.257,0.198,1,"SHARPIN","Not significant",0.495181169420414,0.495181169420414
0.319969698751596,-0.603204676554605,0.121,0.16,1,"COASY","Not significant",0.494891147580312,0.494891147580312
0.320073094954094,-1.28446185098775,0.081,0.111,1,"ZNF44","Not significant",0.494750830710793,0.494750830710793
0.320362933997626,-0.0580437983393629,0.347,0.259,1,"ARPP19","Not significant",0.49435773756753,0.49435773756753
0.320605232232415,-0.639348341540701,0.257,0.284,1,"SMARCA2","Not significant",0.494029394299018,0.494029394299018
0.321158259716712,-0.306448922592721,0.157,0.198,1,"BPGM","Not significant",0.493280904092783,0.493280904092783
0.321187356149451,-0.0463122771018328,0.428,0.321,1,"RBM17","Not significant",0.493241559478676,0.493241559478676
0.321889999071559,0.277423712101483,0.748,0.679,1,"ELF1","Not significant",0.492292516372814,0.492292516372814
0.322064607056146,0.260504831681301,0.126,0.086,1,"LYST","Not significant",0.492056998883415,0.492056998883415
0.322253276945857,-0.445333334038828,0.145,0.185,1,"TRIM14","Not significant",0.491802657675825,0.491802657675825
0.322839019014632,0.0770422591232413,0.57,0.481,1,"CAPZA2","Not significant",0.491013981017335,0.491013981017335
0.323015774423727,-0.278893000157096,0.428,0.457,1,"ETV3","Not significant",0.490776268449394,0.490776268449394
0.323324645974343,-0.246216787954341,0.587,0.63,1,"SERPINB6","Not significant",0.490361189286689,0.490361189286689
0.323752412131048,-0.703076779198921,0.188,0.222,1,"TBC1D5","Not significant",0.489786987169221,0.489786987169221
0.324126884891119,-0.478607976239344,0.102,0.136,1,"UBXN2A","Not significant",0.489284944667847,0.489284944667847
0.324234964444891,0.533676399692292,0.164,0.123,1,"PTPMT1","Not significant",0.489140154056577,0.489140154056577
0.324260225203679,0.146051697141982,0.363,0.296,1,"ARHGEF2","Not significant",0.489106320010217,0.489106320010217
0.324444660052642,0.413552454027881,0.252,0.198,1,"GLRX2","Not significant",0.488859369382422,0.488859369382422
0.324704307981471,-0.56109555918639,0.511,0.506,1,"SRA1","Not significant",0.488511949377788,0.488511949377788
0.324704574323532,0.497045610527652,0.112,0.074,1,"VCPKMT","Not significant",0.488511593143401,0.488511593143401
0.324949719516999,-0.663224848263112,0.192,0.136,1,"IFT20","Not significant",0.488183833561573,0.488183833561573
0.325006821444536,-1.03352014324029,0.126,0.16,1,"ERC1","Not significant",0.4881075236838,0.4881075236838
0.325260187180099,-0.0480540933573868,0.19,0.136,1,"NKAP","Not significant",0.487769092408747,0.487769092408747
0.325272948280098,0.25860093677452,0.114,0.074,1,"ELK1","Not significant",0.487752053844495,0.487752053844495
0.325397990240099,0.468744664641064,0.169,0.123,1,"ORAI1","Not significant",0.487585133729616,0.487585133729616
0.325562759195551,0.255435454948197,0.24,0.185,1,"ARID1A","Not significant",0.487365279461192,0.487365279461192
0.32562085055808,-0.391293134467634,0.121,0.16,1,"ARAF","Not significant",0.487287793609639,0.487287793609639
0.325700825224475,0.362992270150071,0.181,0.136,1,"TOR2A","Not significant",0.487181141066746,0.487181141066746
0.325710569579937,-0.0774878540554411,0.998,1,1,"HLA-A","Not significant",0.487168147987898,0.487168147987898
0.325729309012205,-0.206761884110704,0.209,0.148,1,"RSRC1","Not significant",0.487143162007465,0.487143162007465
0.325895972132982,0.162916001403447,0.219,0.16,1,"PTPN7","Not significant",0.486921007105368,0.486921007105368
0.325951500827849,0.113718263672887,0.717,0.593,1,"PDXK","Not significant",0.486847014931349,0.486847014931349
0.326146698211212,0.0758585390034483,0.249,0.185,1,"ZNF24","Not significant",0.48658701375627,0.48658701375627
0.326345937242991,0.334595527363901,0.214,0.16,1,"UBE2V2","Not significant",0.486321789568075,0.486321789568075
0.326372434081977,-0.130160643371013,0.1,0.062,1,"TP53I3","Not significant",0.486286529549448,0.486286529549448
0.326372434081977,-0.132857719247038,0.1,0.062,1,"DBP","Not significant",0.486286529549448,0.486286529549448
0.326390385681824,-0.351631020384298,0.542,0.543,1,"ZNF267","Not significant",0.486262642524878,0.486262642524878
0.326526849712988,-0.0768669291270169,0.777,0.815,1,"DPP7","Not significant",0.486081101669888,0.486081101669888
0.32655766033794,-0.171178978800911,0.304,0.235,1,"STARD7","Not significant",0.486040124172475,0.486040124172475
0.326566540451069,-1.10904772908408,0.093,0.123,1,"CTDSPL2","Not significant",0.486028314522408,0.486028314522408
0.326708919268522,0.190481645368508,0.183,0.136,1,"BCL2L13","Not significant",0.485839008970458,0.485839008970458
0.32693052319381,0.240520437333661,0.214,0.16,1,"IL10RB-DT","Not significant",0.485544530518406,0.485544530518406
0.327015085004185,0.308789814053877,0.128,0.086,1,"LINC00309","Not significant",0.485432213141028,0.485432213141028
0.327080984159159,-0.262038075807137,0.382,0.407,1,"SNRPD2","Not significant",0.485344704162414,0.485344704162414
0.327181050559222,0.345821321233839,0.252,0.198,1,"SS18L2","Not significant",0.48521185743311,0.48521185743311
0.327206610598052,0.203517276051503,0.677,0.63,1,"HMGN1","Not significant",0.485177930803725,0.485177930803725
0.327210906323937,-0.221849068852081,0.204,0.148,1,"LRIF1","Not significant",0.485172229214146,0.485172229214146
0.327441727356007,-0.711664299806407,0.128,0.16,1,"SYNE1","Not significant",0.484865977319532,0.484865977319532
0.327795809932944,0.309983480116002,0.112,0.074,1,"BATF","Not significant",0.484396602121931,0.484396602121931
0.327889862510757,-0.181654865656451,0.758,0.765,1,"HNRNPK","Not significant",0.484272010362343,0.484272010362343
0.327974619579236,0.0866230747890704,0.169,0.123,1,"PLXNA1","Not significant",0.484159763005296,0.484159763005296
0.328030224160037,-0.312415249817672,0.133,0.086,1,"PDS5B","Not significant",0.484086139272489,0.484086139272489
0.328198307864324,-0.788638207307976,0.147,0.185,1,"USP37","Not significant",0.483863662426988,0.483863662426988
0.328427372998126,0.130991671981209,0.335,0.272,1,"CD151","Not significant",0.483560653481278,0.483560653481278
0.328607649355871,0.114474623690388,0.366,0.284,1,"TIMM8B","Not significant",0.483322331240644,0.483322331240644
0.328822753186807,0.505672039802492,0.171,0.123,1,"SLAMF7","Not significant",0.483038138694075,0.483038138694075
0.329567787244386,-0.489429529286757,0.152,0.099,1,"SPATA20","Not significant",0.482055243897517,0.482055243897517
0.329594342030269,-1.40190605841767,0.105,0.136,1,"WHRN","Not significant",0.482020252211947,0.482020252211947
0.329933262257435,0.0314344138579896,0.128,0.086,1,"CEP63","Not significant",0.481573898802437,0.481573898802437
0.329933262257435,-0.949171781835149,0.116,0.148,1,"MINDY2","Not significant",0.481573898802437,0.481573898802437
0.329996287097124,0.0998370219083098,0.221,0.16,1,"PPIL4","Not significant",0.481490946492725,0.481490946492725
0.330019159777928,-0.739946226569051,0.154,0.185,1,"LINC01678","Not significant",0.481460845745506,0.481460845745506
0.330236917235039,0.00944408853114642,0.511,0.42,1,"BUD31","Not significant",0.481174378513357,0.481174378513357
0.330333337791834,-0.0962941771637306,0.392,0.296,1,"SRP72","Not significant",0.481047594372725,0.481047594372725
0.330558625243468,0.180520399863667,0.352,0.284,1,"HBP1","Not significant",0.480751506339132,0.480751506339132
0.330685690916184,0.0753004671437382,0.641,0.58,1,"KMT2E","Not significant",0.480584597014302,0.480584597014302
0.330887307907442,0.199194708655273,0.437,0.37,1,"BCL2","Not significant",0.480319891079725,0.480319891079725
0.330906078992721,0.0133723244547324,0.112,0.074,1,"DNAJC9","Not significant",0.480295254451679,0.480295254451679
0.330989538717767,0.361428684602566,0.124,0.086,1,"GALNT6","Not significant",0.480185732354023,0.480185732354023
0.331043323747483,-1.25313948597094,0.083,0.111,1,"GATC","Not significant",0.480115166244723,0.480115166244723
0.331107748027528,0.823749924513418,0.109,0.074,1,"SEPHS1","Not significant",0.480030656498821,0.480030656498821
0.331300356433311,0.315453328237809,0.266,0.21,1,"ST3GAL6","Not significant",0.47977809687706,0.47977809687706
0.33156780018231,-0.700510409126842,0.159,0.198,1,"URI1","Not significant",0.479427652072756,0.479427652072756
0.332004200950819,0.121534836962921,0.283,0.222,1,"MRPL27","Not significant",0.47885642100013,0.47885642100013
0.33221190540098,0.0534590299016464,0.47,0.383,1,"TUBA1A","Not significant",0.478584807895151,0.478584807895151
0.332683984465135,0.556050022133662,0.109,0.074,1,"AC008074.3","Not significant",0.477968105731217,0.477968105731217
0.332690026101768,0.128764695892511,0.309,0.247,1,"ACP2","Not significant",0.477960218890403,0.477960218890403
0.332868088253961,-0.0800698732400842,0.29,0.21,1,"MRPS34","Not significant",0.477727838245317,0.477727838245317
0.333096604023256,0.152530708060751,0.235,0.185,1,"COA4","Not significant",0.477429794992638,0.477429794992638
0.333099326702465,-0.465854257613691,0.164,0.198,1,"OPN3","Not significant",0.477426245152412,0.477426245152412
0.333225858050073,-0.165198940579252,0.337,0.247,1,"IFI27L2","Not significant",0.477261305066184,0.477261305066184
0.333257404159848,0.146931936039579,0.568,0.469,1,"SSBP1","Not significant",0.477220192851707,0.477220192851707
0.333449689110134,-0.423845563167288,0.382,0.432,1,"LSP1","Not significant",0.476969683157058,0.476969683157058
0.333768358394636,-0.0847599541446371,0.1,0.062,1,"WEE1","Not significant",0.476554837297141,0.476554837297141
0.333826661727221,-0.800844766779003,0.093,0.123,1,"MAP3K1","Not significant",0.476478980482996,0.476478980482996
0.334077974454853,-0.0203721277679076,0.295,0.222,1,"KDSR","Not significant",0.476152156172815,0.476152156172815
0.334393890203871,-0.0572387754342247,0.359,0.284,1,"FUCA2","Not significant",0.475741666265872,0.475741666265872
0.334754110096478,0.022138866687807,0.506,0.42,1,"NAA50","Not significant",0.475274082034363,0.475274082034363
0.334759933644627,-0.3206173544219,0.233,0.272,1,"IMPDH2","Not significant",0.475266526898365,0.475266526898365
0.334856241103375,0.0538451645787432,0.361,0.296,1,"TRAPPC3","Not significant",0.475141602203395,0.475141602203395
0.334869089928616,-0.0086782294746035,0.157,0.111,1,"PKNOX1","Not significant",0.475124938136372,0.475124938136372
0.335128011929726,-0.607417748934591,0.356,0.358,1,"ARHGEF1","Not significant",0.474789269812997,0.474789269812997
0.335169215515662,0.207346697999333,0.582,0.556,1,"HNRNPH3","Not significant",0.474735877111084,0.474735877111084
0.335195021899769,0.36927976368472,0.185,0.136,1,"SPTSSA","Not significant",0.474702439855349,0.474702439855349
0.335263864085781,-0.0617513322892325,0.582,0.63,1,"CTSA","Not significant",0.474613253829965,0.474613253829965
0.335299661131778,-0.4267523105319,0.157,0.198,1,"PPP6R3","Not significant",0.474566885487593,0.474566885487593
0.335362020264633,-0.416539439281091,0.546,0.543,1,"NCF4","Not significant",0.474486122777797,0.474486122777797
0.33539425225754,0.255341844777812,0.318,0.247,1,"MIR3945HG","Not significant",0.474444384288737,0.474444384288737
0.33552499317527,0.369063998100013,0.223,0.173,1,"TCF12","Not significant",0.474275123799536,0.474275123799536
0.335665572684016,-0.653345058486777,0.121,0.16,1,"MMGT1","Not significant",0.474093199592269,0.474093199592269
0.335690929897054,0.0400977193839577,0.366,0.284,1,"TLNRD1","Not significant",0.474060392886258,0.474060392886258
0.33593462314732,-0.330814784190496,0.361,0.395,1,"ETV6","Not significant",0.473745233232096,0.473745233232096
0.335992995443885,-0.2545498613692,0.42,0.457,1,"C19orf24","Not significant",0.47366977639521,0.47366977639521
0.336171880128273,-0.18066666107735,0.147,0.099,1,"GORASP2","Not significant",0.473438616940188,0.473438616940188
0.336223622306476,0.403461304718574,0.124,0.086,1,"USP39","Not significant",0.47337177728276,0.47337177728276
0.336238206093561,0.122229352556976,0.23,0.173,1,"ASCC2","Not significant",0.473352940055158,0.473352940055158
0.336267564319603,-0.765765149254805,0.081,0.111,1,"IL2RG","Not significant",0.473315021821182,0.473315021821182
0.336376707850579,-0.618780469792517,0.2,0.235,1,"CINP","Not significant",0.473174084224252,0.473174084224252
0.336718858940366,0.00356090853511204,0.295,0.222,1,"PFDN1","Not significant",0.47273255897761,0.47273255897761
0.337086545059166,-0.957766343753675,0.093,0.123,1,"ZNF710","Not significant",0.472258582166592,0.472258582166592
0.337116648912655,-0.380354129981613,0.121,0.16,1,"MATK","Not significant",0.472219798792144,0.472219798792144
0.337121648220027,0.164551926745227,0.287,0.222,1,"ETHE1","Not significant",0.472213358423467,0.472213358423467
0.337140609309619,-0.503138978856739,0.311,0.346,1,"RALA","Not significant",0.472188932626261,0.472188932626261
0.337153734656564,0.183543922945852,0.442,0.37,1,"RBM23","Not significant",0.472172025274737,0.472172025274737
0.337178720657525,0.138607898231014,0.228,0.173,1,"METTL5","Not significant",0.472139841498733,0.472139841498733
0.337419113090991,0.366813868987198,0.195,0.148,1,"WASHC1","Not significant",0.471830320458072,0.471830320458072
0.33750286793761,-0.429980004713654,0.109,0.148,1,"NOL11","Not significant",0.471722532390923,0.471722532390923
0.337537695999479,0.158252336707356,0.375,0.296,1,"RNF181","Not significant",0.471677718387419,0.471677718387419
0.337562004781611,0.153485087944334,0.394,0.321,1,"RAB5IF","Not significant",0.471646442503474,0.471646442503474
0.337567988307441,0.421978086958664,0.154,0.111,1,"LPAR5","Not significant",0.471638744394142,0.471638744394142
0.337715562952455,0.255462451415912,0.252,0.198,1,"LPIN2","Not significant",0.47144892530289,0.47144892530289
0.337973742162097,0.144790894253977,0.112,0.074,1,"PPIL3","Not significant",0.471117039595368,0.471117039595368
0.338067936391604,0.244354916037154,0.762,0.753,1,"CAPG","Not significant",0.470996017369477,0.470996017369477
0.338241929240904,-0.568806719457238,0.34,0.37,1,"SYK","Not significant",0.470772557266798,0.470772557266798
0.338337495244669,0.100028283344604,0.506,0.432,1,"PUF60","Not significant",0.47064987015316,0.47064987015316
0.338836978778511,0.106364295602264,0.252,0.198,1,"TIMM10","Not significant",0.470009199276718,0.470009199276718
0.338871965268322,-0.769060418995029,0.081,0.111,1,"GCSH","Not significant",0.469964358671873,0.469964358671873
0.339229016919982,-0.141675432991914,0.905,0.864,1,"ATP5F1E","Not significant",0.469507006211181,0.469507006211181
0.339633845715628,-0.723233712835547,0.124,0.16,1,"ZBED1","Not significant",0.4689890372882,0.4689890372882
0.339732754011996,0.0481829558966425,0.169,0.123,1,"TUSC2","Not significant",0.468862580298269,0.468862580298269
0.339880674997758,-0.832204990503445,0.138,0.173,1,"SRPRB","Not significant",0.468673527915998,0.468673527915998
0.339922873875923,0.156707766794379,0.508,0.42,1,"PSMA1","Not significant",0.468619610162897,0.468619610162897
0.340003797352036,-0.373025027601526,0.926,0.901,1,"SH3BGRL3","Not significant",0.46851623248767,0.46851623248767
0.340304986162572,0.267162082532947,0.157,0.111,1,"C6orf89","Not significant",0.468131687557066,0.468131687557066
0.340371242249142,0.24155845558387,0.466,0.383,1,"MGST2","Not significant",0.46804714030338,0.46804714030338
0.340438570393932,0.0334003223158477,0.295,0.222,1,"ANKRD13D","Not significant",0.467961241888546,0.467961241888546
0.340539940806298,-0.52284403262743,0.171,0.123,1,"POM121C","Not significant",0.467831943796699,0.467831943796699
0.340552061859327,0.297816981270148,0.879,0.889,1,"KLF2","Not significant",0.467816485954218,0.467816485954218
0.341266809457417,-0.606856343502588,0.214,0.247,1,"TPCN1","Not significant",0.466905947790583,0.466905947790583
0.341287382246726,0.0623751065236133,0.126,0.086,1,"NPRL3","Not significant",0.466879767748073,0.466879767748073
0.341489274995926,-0.744358494133867,0.081,0.111,1,"AL118558.3","Not significant",0.46662293146482,0.46662293146482
0.341873234608742,0.269807299095351,0.183,0.136,1,"LENG1","Not significant",0.466134898959895,0.466134898959895
0.342381934149723,0.303140607498325,0.169,0.123,1,"PNO1","Not significant",0.465489159024317,0.465489159024317
0.342713823782652,0.174988847742712,0.912,0.914,1,"CFLAR","Not significant",0.465068377415939,0.465068377415939
0.342779680187891,-0.701273725827547,0.102,0.136,1,"MLH1","Not significant",0.464984930750681,0.464984930750681
0.343115919887076,0.200818768569837,0.447,0.358,1,"SREK1","Not significant",0.464559131087775,0.464559131087775
0.343283098189081,-0.356301364789249,0.266,0.309,1,"GINM1","Not significant",0.464347578875205,0.464347578875205
0.343721821215929,0.0674129254001117,0.188,0.136,1,"CEBPZOS","Not significant",0.463792895756749,0.463792895756749
0.344012469079968,-0.499946076214897,0.28,0.309,1,"ERICH1","Not significant",0.463425815700322,0.463425815700322
0.344335127268986,-1.07641529206174,0.095,0.123,1,"EXOSC5","Not significant",0.463018670583414,0.463018670583414
0.344392157086506,0.273207932636714,0.306,0.247,1,"DERL1","Not significant",0.462946747383413,0.462946747383413
0.344603692385461,-0.351353419931861,0.368,0.407,1,"PRDM2","Not significant",0.462680073452007,0.462680073452007
0.344639457578405,-0.577433865443831,0.33,0.358,1,"MAGT1","Not significant",0.462635001909535,0.462635001909535
0.345142451726139,-0.282949113182359,0.39,0.42,1,"SDCCAG8","Not significant",0.462001620202757,0.462001620202757
0.345205338259186,0.166429645709251,0.2,0.148,1,"REEP4","Not significant",0.461922496970206,0.461922496970206
0.345270160260433,0.156851185242541,0.242,0.185,1,"FASTK","Not significant",0.461840953634953,0.461840953634953
0.345308453200582,-0.743865266011538,0.209,0.235,1,"DPYD","Not significant",0.461792789929054,0.461792789929054
0.345390342492543,-0.180823408883433,0.214,0.16,1,"SBNO2","Not significant",0.46168980996727,0.46168980996727
0.34547413570198,0.161855901190313,0.226,0.173,1,"KLC1","Not significant",0.461584461002874,0.461584461002874
0.345484237503759,-0.0589356994826371,0.238,0.173,1,"BABAM1","Not significant",0.461571762244336,0.461571762244336
0.345511889856057,0.606941845353993,0.311,0.259,1,"ATF7IP2","Not significant",0.461537002964087,0.461537002964087
0.345668312157937,-0.989853966092057,0.083,0.111,1,"SH3PXD2A","Not significant",0.461340430945633,0.461340430945633
0.345724313404909,-0.561893949557304,0.126,0.16,1,"SINHCAF","Not significant",0.461270077193817,0.461270077193817
0.345766893855737,0.0231597729654358,0.143,0.099,1,"EIF2B2","Not significant",0.461216591467143,0.461216591467143
0.346487563948612,-0.118477450425382,0.157,0.111,1,"ALG3","Not significant",0.460312348369397,0.460312348369397
0.347288628371968,0.271940452172179,0.394,0.321,1,"XRN2","Not significant",0.459309437006424,0.459309437006424
0.347394142577362,0.823446313797574,0.14,0.099,1,"SPRY1","Not significant",0.459177508478948,0.459177508478948
0.347546958479313,0.178472419604866,0.112,0.074,1,"BTN2A2","Not significant",0.458986507820236,0.458986507820236
0.347661883985844,-0.358422971271338,0.411,0.444,1,"ITPR2","Not significant",0.458842920711666,0.458842920711666
0.347786734915951,-0.241893139137591,0.432,0.457,1,"SLC8B1","Not significant",0.458686986630801,0.458686986630801
0.347936483976687,-0.697392896501719,0.14,0.173,1,"PHKB","Not significant",0.458500029547909,0.458500029547909
0.348346833786427,-0.602378052550552,0.102,0.136,1,"PIGH","Not significant",0.457988132525228,0.457988132525228
0.34843278771366,-0.402038993363874,0.19,0.136,1,"XIAP","Not significant",0.45788098439594,0.45788098439594
0.348457013697029,-1.06142804842697,0.095,0.123,1,"FXN","Not significant",0.457850789633788,0.457850789633788
0.348656662375982,-0.725043919200858,0.093,0.123,1,"SLC46A1","Not significant",0.457602031576286,0.457602031576286
0.348872404604787,0.367465903740177,0.126,0.086,1,"PLPBP","Not significant",0.457333381374003,0.457333381374003
0.349012663820617,-0.224993129258927,0.466,0.481,1,"WAS","Not significant",0.457158814508921,0.457158814508921
0.34903851375122,0.159524932349999,0.214,0.16,1,"GAB2","Not significant",0.457126649296443,0.457126649296443
0.349050483845555,0.0322465347333964,0.261,0.198,1,"PHF11","Not significant",0.457111755648396,0.457111755648396
0.349398915225379,-0.0693020717257808,0.333,0.259,1,"ZNF787","Not significant",0.456678447699864,0.456678447699864
0.349492644294624,-0.772621093140776,0.093,0.123,1,"PLAGL2","Not significant",0.456561960335674,0.456561960335674
0.349690635203828,-0.593414370943519,0.138,0.173,1,"SIRT6","Not significant",0.456315998041799,0.456315998041799
0.349964694378914,-0.543755730335473,0.352,0.37,1,"FMN1","Not significant",0.455975766534913,0.455975766534913
0.35040273916196,0.44843732131543,0.729,0.667,1,"IRF1","Not significant",0.455432507531711,0.455432507531711
0.35097413036814,-0.420972578142571,0.349,0.383,1,"DNAJC3","Not significant",0.454724893370108,0.454724893370108
0.351074433107073,0.323788736402774,0.219,0.173,1,"UBE2J2","Not significant",0.454600796751722,0.454600796751722
0.351216351695675,0.407302211403119,0.138,0.099,1,"BBIP1","Not significant",0.454425272703616,0.454425272703616
0.351314723069708,0.405574346661771,0.176,0.136,1,"VTI1A","Not significant",0.454303649200447,0.454303649200447
0.351343094043488,-1.0916411518917,0.107,0.136,1,"TMEM91","Not significant",0.454268578481626,0.454268578481626
0.351344483266352,-0.585494767849027,0.24,0.272,1,"DCTN4","Not significant",0.454266861269472,0.454266861269472
0.351649535987679,-0.23965843911197,0.204,0.148,1,"LARP4","Not significant",0.453889951315052,0.453889951315052
0.352403797461829,-0.373035534785276,0.382,0.407,1,"EMC10","Not significant",0.452959420328571,0.452959420328571
0.352510918318632,-0.000330097502847959,0.202,0.148,1,"PMPCA","Not significant",0.452827427063789,0.452827427063789
0.35260715824221,0.0459707021727642,0.558,0.481,1,"BCAS2","Not significant",0.452708875378908,0.452708875378908
0.352646894509744,0.0184859784123517,0.207,0.148,1,"CLN5","Not significant",0.452659936300367,0.452659936300367
0.352741198558992,0.161969827036969,0.157,0.111,1,"ZNF431","Not significant",0.452543813760573,0.452543813760573
0.35298486496204,0.343583424178845,0.261,0.21,1,"RIPOR1","Not significant",0.452243915587773,0.452243915587773
0.353383118416186,0.0268606866672186,0.515,0.407,1,"CCRL2","Not significant",0.451754201161493,0.451754201161493
0.353549176044559,0.378632944713483,0.164,0.123,1,"RHBDD2","Not significant",0.451550170553267,0.451550170553267
0.353793922025251,0.648917464396087,0.124,0.086,1,"MYO10","Not significant",0.451249632289971,0.451249632289971
0.353873864809021,-0.682481941328209,0.081,0.111,1,"CCDC106","Not significant",0.451151510796657,0.451151510796657
0.354176383011807,0.100624941862783,0.428,0.358,1,"MGAT4A","Not significant",0.45078040155817,0.45078040155817
0.354594675452126,0.319186284967814,0.235,0.185,1,"IGSF21","Not significant",0.45026778999602,0.45026778999602
0.354701979340332,0.0883670805816397,0.247,0.185,1,"ABCD4","Not significant",0.450136388031622,0.450136388031622
0.354838934583163,0.20074629973291,0.112,0.074,1,"WASHC5","Not significant",0.449968733409314,0.449968733409314
0.355145292557928,0.057678201663431,0.169,0.123,1,"ZFPM1","Not significant",0.449593937516395,0.449593937516395
0.355564091760901,-0.348757744977539,0.29,0.309,1,"STOML2","Not significant",0.449082104668983,0.449082104668983
0.355649561909187,0.401063006613931,0.138,0.099,1,"CAMSAP2","Not significant",0.448977721931799,0.448977721931799
0.355778578575992,0.0612440640863605,0.361,0.272,1,"FGFR1OP2","Not significant",0.448820204330532,0.448820204330532
0.356059732336144,-0.213112580582208,0.632,0.605,1,"PLEKHB2","Not significant",0.448477138971228,0.448477138971228
0.356149330482039,0.446400418754058,0.162,0.123,1,"SERTAD3","Not significant",0.448367867740104,0.448367867740104
0.356744398779609,0.00771521013835819,0.297,0.222,1,"FKBP3","Not significant",0.447642836988942,0.447642836988942
0.356915259341357,-0.0327286892557708,0.14,0.099,1,"DYM","Not significant",0.447434884081094,0.447434884081094
0.35698801840314,0.25419413651032,0.202,0.16,1,"FAM207A","Not significant",0.447346359878627,0.447346359878627
0.35702646378129,0.0154569710876342,0.214,0.16,1,"PARP9","Not significant",0.44729959159586,0.44729959159586
0.357187626864285,-0.430528395823983,0.15,0.185,1,"STX18","Not significant",0.447103593673848,0.447103593673848
0.357264282070933,0.0368551371980936,0.39,0.309,1,"TMEM208","Not significant",0.447010400743805,0.447010400743805
0.357276966883951,-0.267118084864227,0.226,0.16,1,"PDCL3","Not significant",0.446994981216084,0.446994981216084
0.357640151479121,-0.0782184426413,0.404,0.346,1,"NENF","Not significant",0.446553729845507,0.446553729845507
0.357664987687283,0.267952803816901,0.411,0.346,1,"ZMIZ1","Not significant",0.446523571448567,0.446523571448567
0.357757899625524,0.322575046025509,0.154,0.111,1,"TIMM22","Not significant",0.446410767838216,0.446410767838216
0.357775156272192,0.423682459147776,0.219,0.173,1,"SMIM4","Not significant",0.446389819913131,0.446389819913131
0.358034839221928,0.0851143604970066,0.518,0.444,1,"STK10","Not significant",0.446074711496729,0.446074711496729
0.358283195533076,0.0508033959936014,0.316,0.235,1,"ARFGAP2","Not significant",0.445773560961447,0.445773560961447
0.358547823337994,0.443529047239966,0.152,0.111,1,"RBMX2","Not significant",0.445452909656944,0.445452909656944
0.358694982411074,-0.895786358261919,0.105,0.136,1,"PHETA1","Not significant",0.445274698390731,0.445274698390731
0.358814607632465,-0.794704349321098,0.154,0.185,1,"VPS41","Not significant",0.445129884788937,0.445129884788937
0.359177775393985,0.183572944643593,0.154,0.111,1,"ZMYND15","Not significant",0.444690543726238,0.444690543726238
0.359248745582316,0.0343135150318308,0.625,0.556,1,"ATP5F1C","Not significant",0.444604739651995,0.444604739651995
0.359303488728652,0.00362121482315036,0.363,0.395,1,"HEXIM1","Not significant",0.44453856590627,0.44453856590627
0.359390325751144,0.355754572673188,0.216,0.173,1,"RRP1","Not significant",0.444433617626162,0.444433617626162
0.35974375693178,0.628312967109949,0.133,0.099,1,"NLRP1","Not significant",0.444006734163017,0.444006734163017
0.359744169897547,0.336334723314551,0.138,0.099,1,"PIN4","Not significant",0.444006235617462,0.444006235617462
0.359753513902984,0.135280064586141,0.112,0.074,1,"LINC00909","Not significant",0.443994955386568,0.443994955386568
0.360039321762226,-0.389831903021172,0.145,0.099,1,"HDHD5","Not significant",0.443650065088898,0.443650065088898
0.360120657416733,-0.566006026920785,0.226,0.259,1,"MAN1B1","Not significant",0.443551965702356,0.443551965702356
0.360142251842203,-0.543657059165546,0.352,0.37,1,"EIF2S3","Not significant",0.443525924267476,0.443525924267476
0.360247390648266,0.189645556132347,0.344,0.272,1,"MFSD10","Not significant",0.443399156193816,0.443399156193816
0.360326306021295,-0.322392820320149,0.124,0.16,1,"AC027644.3","Not significant",0.443304030570055,0.443304030570055
0.360423987560303,-0.543943267818772,0.316,0.346,1,"CARD16","Not significant",0.443186312813954,0.443186312813954
0.360535984029159,0.413934552197292,0.166,0.123,1,"LILRA2","Not significant",0.443051383134846,0.443051383134846
0.360620587194666,-0.921790709066744,0.128,0.16,1,"PTGER2","Not significant",0.442949483798236,0.442949483798236
0.360808856400669,-0.656253604422717,0.366,0.358,1,"NIPBL","Not significant",0.442722810823183,0.442722810823183
0.360892230179038,0.196618865738233,0.556,0.469,1,"UBE2D2","Not significant",0.442622467972894,0.442622467972894
0.361079668881615,0.227673852903849,0.135,0.099,1,"PPRC1","Not significant",0.44239696447017,0.44239696447017
0.361143277754322,-1.14727114320635,0.086,0.111,1,"MFSD5","Not significant",0.442320464595396,0.442320464595396
0.361314189131287,0.261961347338002,0.154,0.111,1,"SIAH1","Not significant",0.442114982964442,0.442114982964442
0.361401162353713,-0.0749825422811279,0.112,0.074,1,"RP9","Not significant",0.442010454976548,0.442010454976548
0.361610966341189,0.308025234132833,0.124,0.086,1,"CNOT8","Not significant",0.441758407429949,0.441758407429949
0.361667165522926,0.020122789079283,0.223,0.16,1,"CCNC","Not significant",0.44169091750183,0.44169091750183
0.361834018896693,0.530653995543108,0.135,0.099,1,"LZIC","Not significant",0.441490604074957,0.441490604074957
0.362282903359026,-0.648813805414615,0.185,0.222,1,"FAM53B","Not significant",0.440952160450776,0.440952160450776
0.362482579625242,-0.70350619555825,0.204,0.235,1,"TNKS2","Not significant",0.440712860139669,0.440712860139669
0.362505504629426,-0.283259151213403,0.264,0.309,1,"SHKBP1","Not significant",0.44068539430117,0.44068539430117
0.362715384064864,0.256154723156581,0.109,0.074,1,"NINJ2","Not significant",0.440434024036907,0.440434024036907
0.362855327737667,0.316879831199387,0.14,0.099,1,"SMAD2","Not significant",0.44026649587007,0.44026649587007
0.363371195351545,-0.622487695279486,0.366,0.37,1,"PRKCSH","Not significant",0.43964950244265,0.43964950244265
0.363549921063985,0.327078180684909,0.109,0.074,1,"TAF2","Not significant",0.43943594531658,0.43943594531658
0.363677004050497,-0.738865249383641,0.131,0.16,1,"NUDCD3","Not significant",0.439284159296449,0.439284159296449
0.364156395479115,0.178375055130722,0.644,0.556,1,"CD9","Not significant",0.438712058366861,0.438712058366861
0.364297295785133,0.114866561623002,0.24,0.185,1,"TOMM40","Not significant",0.438544052557023,0.438544052557023
0.364298574462712,-0.596710971203208,0.287,0.321,1,"RALBP1","Not significant",0.438542528193136,0.438542528193136
0.364385658207887,0.110957450137441,0.109,0.074,1,"C2orf69","Not significant",0.438438724684078,0.438438724684078
0.36457742576214,-0.4052467549728,0.29,0.321,1,"LMAN1","Not significant",0.438210225890729,0.438210225890729
0.364715298073845,0.233221237690454,0.247,0.198,1,"NGDN","Not significant",0.43804601971415,0.43804601971415
0.364930922824173,-0.0590906539025891,0.204,0.148,1,"ZBTB21","Not significant",0.437789334654259,0.437789334654259
0.365433829807145,-0.0265904906184322,0.955,0.926,1,"RAC1","Not significant",0.437191250583672,0.437191250583672
0.365478641129017,-0.675655863775758,0.116,0.148,1,"MFSD14B","Not significant",0.437137998489573,0.437137998489573
0.365536640033628,0.0100274136543348,0.143,0.099,1,"SNRNP40","Not significant",0.437069084460193,0.437069084460193
0.365986353120698,0.333065628666898,0.221,0.173,1,"ABTB1","Not significant",0.436535108252783,0.436535108252783
0.36612504515385,-0.547872961102398,0.178,0.21,1,"KLF16","Not significant",0.436370561749221,0.436370561749221
0.366380834411531,0.409671102270874,0.135,0.099,1,"WDR48","Not significant",0.43606725259975,0.43606725259975
0.366435397799714,-0.280326066926525,0.356,0.395,1,"TOB1","Not significant",0.436002579964501,0.436002579964501
0.366605996810749,0.476727282749132,0.221,0.173,1,"AC015912.3","Not significant",0.435800435280741,0.435800435280741
0.366693279681885,-0.365230685349547,0.359,0.383,1,"LPP","Not significant",0.435697049198977,0.435697049198977
0.366823057368191,0.207495319624212,0.822,0.778,1,"EIF4G2","Not significant",0.435543373729795,0.435543373729795
0.366824455237643,0.100515719365372,0.173,0.123,1,"ABHD15","Not significant",0.435541718747043,0.435541718747043
0.366832246451273,-0.225585953221147,0.171,0.123,1,"EVI5","Not significant",0.43553249459335,0.43553249459335
0.367386229704853,-1.01428791936496,0.107,0.136,1,"GPANK1","Not significant",0.434877125861655,0.434877125861655
0.367408398545948,0.115677109065692,0.316,0.259,1,"TMX1","Not significant",0.434850920429577,0.434850920429577
0.367523185968759,-0.218885855002657,0.691,0.716,1,"CFD","Not significant",0.434715257339911,0.434715257339911
0.367776023654606,0.0211216671420762,0.143,0.099,1,"GFM1","Not significant",0.434416587044415,0.434416587044415
0.367916412576247,0.735683860430552,0.159,0.123,1,"TMEM223","Not significant",0.434250838066374,0.434250838066374
0.368121901884239,0.20185871381646,0.387,0.333,1,"PAFAH1B1","Not significant",0.434008342877967,0.434008342877967
0.368221919402531,0.264502129635387,0.276,0.222,1,"TMEM251","Not significant",0.433890362512548,0.433890362512548
0.368231761780012,0.589256135780789,0.107,0.074,1,"ARHGAP1","Not significant",0.433878754205498,0.433878754205498
0.368893575983063,-0.425632395130393,0.333,0.358,1,"TM9SF3","Not significant",0.433098907634133,0.433098907634133
0.369273682322536,-0.235345974971917,0.143,0.099,1,"R3HCC1","Not significant",0.43265164287536,0.43265164287536
0.369425263068006,0.235874515278909,0.109,0.074,1,"TIMM44","Not significant",0.432473408744514,0.432473408744514
0.369435510797615,0.443906115003919,0.955,0.926,1,"APOE","Not significant",0.432461361732197,0.432461361732197
0.369590095169978,-0.128836627660856,0.739,0.79,1,"SSR4","Not significant",0.432279676171257,0.432279676171257
0.369648551231213,0.149392318792237,0.639,0.568,1,"MOB1A","Not significant",0.432210991599624,0.432210991599624
0.36968578643092,-0.360719323064347,0.276,0.309,1,"DAP","Not significant",0.432167246730881,0.432167246730881
0.369769296993929,-0.422827808365985,0.278,0.321,1,"TPGS1","Not significant",0.432069152397195,0.432069152397195
0.369944894382009,0.495663625693459,0.121,0.086,1,"WDR6","Not significant",0.431862962009067,0.431862962009067
0.369964225406767,-0.621817447697789,0.259,0.284,1,"RASSF2","Not significant",0.43184026906703,0.43184026906703
0.370469796015703,0.262907254813412,0.361,0.309,1,"OTULIN","Not significant",0.431247193780257,0.431247193780257
0.370732705182467,0.123302282926017,0.534,0.457,1,"ATP5PO","Not significant",0.430939099824904,0.430939099824904
0.370784757265517,0.754731937949285,0.107,0.074,1,"CASC3","Not significant",0.430878127740976,0.430878127740976
0.371044289962905,-0.26286612277157,0.629,0.605,1,"SELENOW","Not significant",0.430574247424159,0.430574247424159
0.371133141073573,0.270697905101204,0.124,0.086,1,"UBLCP1","Not significant",0.430470262728196,0.430470262728196
0.371134051974762,0.138911841631168,0.796,0.778,1,"LDHA","Not significant",0.430469196806482,0.430469196806482
0.371297955189529,-0.400590466394204,0.489,0.494,1,"DEDD2","Not significant",0.430277442511922,0.430277442511922
0.371632459053151,0.0251221101510024,0.197,0.148,1,"RASAL2","Not significant",0.429886360953869,0.429886360953869
0.371823368801015,-0.682892705432948,0.126,0.16,1,"CARM1","Not significant",0.429663318645894,0.429663318645894
0.371941007842382,0.106175899739517,0.665,0.593,1,"CNPY3","Not significant",0.429525936462632,0.429525936462632
0.37217252307229,-0.341454507264728,0.34,0.383,1,"PPFIA1","Not significant",0.429255693318562,0.429255693318562
0.372341483153076,0.281008624527866,0.164,0.123,1,"FBXO33","Not significant",0.429058575651483,0.429058575651483
0.372378372135666,0.158509109851073,0.166,0.123,1,"ZBTB24","Not significant",0.429015550931567,0.429015550931567
0.373082410134562,0.148645137763177,0.166,0.123,1,"SLC29A3","Not significant",0.428195226331935,0.428195226331935
0.373135003278463,0.296871097222384,0.556,0.481,1,"EHD4","Not significant",0.428134008483599,0.428134008483599
0.373185705753351,-0.0284327077143172,0.285,0.222,1,"VPS35","Not significant",0.428074999521821,0.428074999521821
0.37339836613722,0.0302620214574953,0.14,0.099,1,"RETREG3","Not significant",0.427827586706014,0.427827586706014
0.373418991858475,0.170008421822578,0.525,0.469,1,"FIS1","Not significant",0.427803597877064,0.427803597877064
0.373620607655288,-0.192081617652147,0.162,0.111,1,"MTFR1L","Not significant",0.427569177559311,0.427569177559311
0.373657866530691,0.00701670423427814,0.109,0.074,1,"KDM5B","Not significant",0.427525870212554,0.427525870212554
0.373670024883957,0.165023888745215,0.368,0.296,1,"TOR1AIP2","Not significant",0.4275117390506,0.4275117390506
0.373881904207344,0.0322448276205367,0.411,0.321,1,"SSNA1","Not significant",0.427265554083752,0.427265554083752
0.374093772794622,0.342847656987188,0.489,0.457,1,"KLHL21","Not significant",0.427019521054515,0.427019521054515
0.374238701022234,0.172042389078852,0.223,0.173,1,"GABPB1","Not significant",0.426851302962923,0.426851302962923
0.374507974865271,0.243582721172793,0.109,0.074,1,"IGSF8","Not significant",0.426538929892138,0.426538929892138
0.37465528175413,-0.103673708499263,0.126,0.086,1,"IL27RA","Not significant",0.426368140496804,0.426368140496804
0.374775459212084,-0.0613804756821594,0.292,0.222,1,"TANC2","Not significant",0.42622885502469,0.42622885502469
0.375012739958267,-0.281026361917308,0.625,0.593,1,"NEDD8","Not significant",0.425953978140036,0.425953978140036
0.375268198902829,-0.163347230187807,0.2,0.148,1,"ATXN10","Not significant",0.42565823714885,0.42565823714885
0.375385073585282,-0.863371852014378,0.169,0.198,1,"AP2A1","Not significant",0.425523000197426,0.425523000197426
0.375413338807273,-0.566371375627321,0.264,0.284,1,"SERINC3","Not significant",0.425490300527998,0.425490300527998
0.37595204345027,0.215743188762398,0.124,0.086,1,"RPRD2","Not significant",0.424867550267095,0.424867550267095
0.376401418568686,-0.950820199910002,0.107,0.136,1,"RDH10","Not significant",0.42434874848763,0.42434874848763
0.376535221169495,0.095418973083286,0.188,0.136,1,"OSBPL11","Not significant",0.424194393582475,0.424194393582475
0.376614932156859,-0.0183561502023843,0.829,0.84,1,"SELENOK","Not significant",0.424102464922737,0.424102464922737
0.376680220741197,-0.548466078386129,0.14,0.173,1,"PDZD11","Not significant",0.424027183748096,0.424027183748096
0.37672380924386,0.293180561024702,0.209,0.16,1,"DKC1","Not significant",0.423976931173253,0.423976931173253
0.3772106101419,-0.524824593426047,0.173,0.21,1,"UNC50","Not significant",0.423416099971631,0.423416099971631
0.377620134199938,-0.613275996991318,0.539,0.506,1,"UBE2I","Not significant",0.42294485775635,0.42294485775635
0.377628949200727,0.144616683985328,0.373,0.296,1,"PSMB2","Not significant",0.422934719892472,0.422934719892472
0.377815702085703,-0.570493067444887,0.2,0.235,1,"NIN","Not significant",0.42271999668558,0.42271999668558
0.37790290375867,0.0774247094079796,0.135,0.099,1,"RNF138","Not significant",0.422619771005658,0.422619771005658
0.378264024339448,-0.236221252428931,0.508,0.519,1,"ACSL3","Not significant",0.422204961307882,0.422204961307882
0.378457104696036,0.0992830177158757,0.214,0.16,1,"MSRA","Not significant",0.421983337430782,0.421983337430782
0.378509452067235,-0.999822072066667,0.097,0.123,1,"KIAA0232","Not significant",0.42192327090793,0.42192327090793
0.378548408532178,-0.677770452653978,0.081,0.111,1,"TNPO2","Not significant",0.421878575307621,0.421878575307621
0.378763892301874,-0.081858648794473,0.292,0.222,1,"PPHLN1","Not significant",0.421631429144694,0.421631429144694
0.378864539500828,-0.556417349707497,0.306,0.321,1,"TEX264","Not significant",0.421516041385875,0.421516041385875
0.378991707331891,-0.635370910993932,0.397,0.395,1,"ZNF703","Not significant",0.42137029266887,0.42137029266887
0.37914514109487,0.299866040991233,0.28,0.235,1,"STX5","Not significant",0.421194505308983,0.421194505308983
0.379216393844423,0.345889445081102,0.147,0.111,1,"PCNA","Not significant",0.421112896011526,0.421112896011526
0.379709673145421,-0.711592511961573,0.249,0.272,1,"OAT","Not significant",0.420548339019886,0.420548339019886
0.379835346354928,0.408170682397053,0.285,0.235,1,"EBI3","Not significant",0.420404623557317,0.420404623557317
0.379835364524865,-0.619617208930573,0.273,0.296,1,"GNL1","Not significant",0.420404602782253,0.420404602782253
0.379926604654954,-0.855977658840485,0.095,0.123,1,"GNPAT","Not significant",0.420300293572729,0.420300293572729
0.38008775714631,-0.130236786891824,0.171,0.123,1,"ASCL2","Not significant",0.420116119056279,0.420116119056279
0.380233825630774,0.264852559668724,0.135,0.099,1,"CFAP97","Not significant",0.419949250881023,0.419949250881023
0.380482800904629,-0.295017507734768,0.185,0.136,1,"SNHG25","Not significant",0.419664970013075,0.419664970013075
0.380772466222013,0.0969076456194272,0.634,0.58,1,"STIP1","Not significant",0.419334463124145,0.419334463124145
0.380794614491113,0.0944384368514155,0.352,0.284,1,"NDUFC1","Not significant",0.419309202391899,0.419309202391899
0.380809383750577,-0.0492659537527529,0.124,0.086,1,"SLC25A45","Not significant",0.419292358447007,0.419292358447007
0.380930717840036,-0.390914268579374,0.138,0.173,1,"CHD6","Not significant",0.419154004890842,0.419154004890842
0.381114756328359,0.258082967847594,0.152,0.111,1,"LBR","Not significant",0.418944235515654,0.418944235515654
0.381165626805783,-0.720219678514838,0.173,0.198,1,"SLC9A1","Not significant",0.418886270577402,0.418886270577402
0.381391331263219,-0.0655666795720622,0.157,0.111,1,"EXOSC1","Not significant",0.418629182363255,0.418629182363255
0.381393521444022,0.0515451259311497,0.646,0.556,1,"IFNGR2","Not significant",0.418626688387571,0.418626688387571
0.381608601106242,0.0846847905268759,0.751,0.667,1,"PPP1R15B","Not significant",0.418381845260179,0.418381845260179
0.381837619276392,-0.276247806358558,0.539,0.556,1,"ATP5IF1","Not significant",0.418121286420853,0.418121286420853
0.381910401136168,0.141592095170593,0.299,0.247,1,"IL4R","Not significant",0.418038513675565,0.418038513675565
0.382049708267542,-0.192135466288773,0.344,0.37,1,"MAPK13","Not significant",0.417880127607048,0.417880127607048
0.382082377103678,0.170767671250333,0.796,0.704,1,"PCBP1","Not significant",0.417842992940034,0.417842992940034
0.382125414493621,-0.288202740491433,0.157,0.111,1,"PSMG1","Not significant",0.417794077183892,0.417794077183892
0.382192856009638,-1.00066369032448,0.109,0.136,1,"DENND2D","Not significant",0.417717435084747,0.417717435084747
0.382225086312977,-0.699384669291504,0.283,0.309,1,"DNAJB4","Not significant",0.417680812598216,0.417680812598216
0.382278883773871,0.472455410684728,0.159,0.123,1,"SPSB1","Not significant",0.417619690769267,0.417619690769267
0.382552567739554,0.766160909617743,0.105,0.074,1,"KIF20B","Not significant",0.417308878652638,0.417308878652638
0.38255598600757,0.169377483030721,0.489,0.407,1,"SLTM","Not significant",0.417304998066204,0.417304998066204
0.382734779068042,-0.0281883494558044,0.898,0.889,1,"RPL38","Not significant",0.417102071689663,0.417102071689663
0.383343993276093,0.10766792570856,0.152,0.111,1,"MRPL24","Not significant",0.41641133743575,0.41641133743575
0.383393997105443,-0.490685535552419,0.233,0.259,1,"STAT6","Not significant",0.416354691260749,0.416354691260749
0.38371931405707,-0.671008712323091,0.297,0.309,1,"UBAP1","Not significant",0.415986340553298,0.415986340553298
0.383742998825593,-0.373746286309016,0.197,0.235,1,"DSC2","Not significant",0.41595953490016,0.41595953490016
0.383939461682591,0.170911832935841,0.297,0.235,1,"UBE2K","Not significant",0.415737248366482,0.415737248366482
0.384227397862405,0.194270085530456,0.371,0.321,1,"IDH2","Not significant",0.415411670405558,0.415411670405558
0.384476428437821,0.476539572925875,0.147,0.111,1,"SLC37A2","Not significant",0.415130280864329,0.415130280864329
0.384485349561032,0.391411549098622,0.164,0.123,1,"CMKLR1","Not significant",0.415120203914618,0.415120203914618
0.384495465303345,-0.215135938000398,0.527,0.531,1,"REEP5","Not significant",0.415108777853052,0.415108777853052
0.384669831741375,-0.240018535246122,0.323,0.358,1,"DUSP10","Not significant",0.414911872497457,0.414911872497457
0.384858517340436,-0.415285772036978,0.093,0.123,1,"SLC30A5","Not significant",0.414698897585677,0.414698897585677
0.385294178927695,0.0360279911298684,0.233,0.185,1,"ACSL4","Not significant",0.414207552312402,0.414207552312402
0.385447732658851,-0.448858441397272,0.176,0.21,1,"SEMA6B","Not significant",0.414034504660532,0.414034504660532
0.385533897934229,-0.215352061966294,0.114,0.148,1,"F11R","Not significant",0.413937430742557,0.413937430742557
0.385841331773305,0.179498774588436,0.19,0.148,1,"PTDSS1","Not significant",0.413591252068967,0.413591252068967
0.386050392901734,-0.0125865713344715,0.216,0.16,1,"SMIM15","Not significant",0.413356001207285,0.413356001207285
0.386272488166373,0.240622321973402,0.323,0.247,1,"CAMTA1","Not significant",0.413106222901054,0.413106222901054
0.386328701933266,-0.497075126273695,0.14,0.173,1,"PIK3C2A","Not significant",0.413043025150067,0.413043025150067
0.386431317472207,0.124284040665675,0.264,0.21,1,"CLNS1A","Not significant",0.412927684393656,0.412927684393656
0.386803987623164,-0.0537635644262759,0.287,0.235,1,"RPL26L1","Not significant",0.412509057355816,0.412509057355816
0.386855728674075,0.63761906776656,0.133,0.099,1,"BLMH","Not significant",0.412450967597597,0.412450967597597
0.386856231389089,-0.257263813485516,0.214,0.16,1,"MRPS12","Not significant",0.41245040323678,0.41245040323678
0.387047494364471,-0.722527161984661,0.133,0.16,1,"UNC45A","Not significant",0.412235739697305,0.412235739697305
0.387069650036177,-0.0695689723080006,0.173,0.123,1,"TIMM9","Not significant",0.412210880188542,0.412210880188542
0.387108476666995,0.223310461635141,0.181,0.136,1,"DIAPH2","Not significant",0.41216731865936,0.41216731865936
0.387124204476468,0.0213809580439835,0.43,0.346,1,"NDUFAF3","Not significant",0.412149674090656,0.412149674090656
0.387402716639455,-0.0307401304872315,0.109,0.074,1,"CD38","Not significant",0.411837338140945,0.411837338140945
0.38752944247976,-0.596885483261587,0.093,0.123,1,"INO80C","Not significant",0.411695296458969,0.411695296458969
0.387653310851704,-0.440010360317537,0.211,0.16,1,"ELOVL1","Not significant",0.411556502476145,0.411556502476145
0.387784614071455,-0.0195877866349341,0.209,0.16,1,"RING1","Not significant",0.411409426191877,0.411409426191877
0.387911565560643,0.153098470658492,0.195,0.148,1,"TBCC","Not significant",0.411267271742329,0.411267271742329
0.387965995949723,0.262036819049258,0.287,0.235,1,"SLC35B1","Not significant",0.41120633734021,0.41120633734021
0.388070814347036,0.640969220961309,0.116,0.086,1,"BBC3","Not significant",0.411089018029509,0.411089018029509
0.38815842468057,0.140733694392605,0.214,0.16,1,"MAN2A1","Not significant",0.410990983370003,0.410990983370003
0.388249410866908,-0.789297260956375,0.183,0.21,1,"PRKACB","Not significant",0.410889194601194,0.410889194601194
0.388292961816159,0.163444015587033,0.382,0.321,1,"MAPRE2","Not significant",0.410840481388299,0.410840481388299
0.388600486166603,-0.204017031013094,0.271,0.21,1,"LRRC58","Not significant",0.410496660402883,0.410496660402883
0.389045017377104,-0.421894893689236,0.406,0.42,1,"EGR3","Not significant",0.410000142460189,0.410000142460189
0.389189613573528,-0.455138746969254,0.138,0.173,1,"NNT","Not significant",0.40983875840341,0.40983875840341
0.389236227258939,0.225594467329584,0.133,0.099,1,"PIGF","Not significant",0.409786745571057,0.409786745571057
0.389564330023745,-0.515350782898313,0.128,0.16,1,"KLHDC4","Not significant",0.409420815610298,0.409420815610298
0.389587282528953,-0.416049492908422,0.147,0.185,1,"CCNYL1","Not significant",0.409395228430089,0.409395228430089
0.389659087002508,-0.318112486363496,0.283,0.321,1,"SGTA","Not significant",0.409315191389306,0.409315191389306
0.389793466201504,0.370828857814061,0.268,0.222,1,"NDUFAF8","Not significant",0.409165444891088,0.409165444891088
0.390083761187524,-0.589090961625953,0.083,0.111,1,"IFT74","Not significant",0.408842128574243,0.408842128574243
0.390322767616011,0.451068217744674,0.159,0.123,1,"ZKSCAN1","Not significant",0.408576115483769,0.408576115483769
0.390392762473551,-0.143775038498828,0.121,0.086,1,"E2F6","Not significant",0.408498242355077,0.408498242355077
0.390392762473551,0.310621443567021,0.121,0.086,1,"IL3RA","Not significant",0.408498242355077,0.408498242355077
0.390573529477207,0.0626307171017921,0.836,0.802,1,"EIF4A1","Not significant",0.408297193694184,0.408297193694184
0.391047931129407,0.262562097735063,0.162,0.123,1,"KDM2B","Not significant",0.407770007439867,0.407770007439867
0.391062160799954,-0.51939406446925,0.105,0.136,1,"CSRNP2","Not significant",0.407754204377197,0.407754204377197
0.391062160799954,-0.674717508471411,0.105,0.136,1,"STARD5","Not significant",0.407754204377197,0.407754204377197
0.391189045861264,-0.945408771292752,0.121,0.148,1,"CLPB","Not significant",0.407613314898276,0.407613314898276
0.391367496328621,-0.618674343828725,0.252,0.284,1,"GLIPR2","Not significant",0.407415246003746,0.407415246003746
0.39142951111645,-0.178955421066663,0.392,0.42,1,"MLXIP","Not significant",0.40734643460066,0.40734643460066
0.391465057406267,-0.0780173562982474,0.124,0.086,1,"RXRB","Not significant",0.407306997470422,0.407306997470422
0.391602188370698,0.173667473500664,0.107,0.074,1,"IFT57","Not significant",0.407154889916237,0.407154889916237
0.391802604122189,-0.655085612347738,0.131,0.16,1,"DIRC2","Not significant",0.406932681786564,0.406932681786564
0.391925956348617,-0.667410621802604,0.209,0.235,1,"PLBD2","Not significant",0.406795973251461,0.406795973251461
0.391977527658084,0.130155719093578,0.195,0.148,1,"CFDP1","Not significant",0.406738830667928,0.406738830667928
0.39214801774258,-0.389018611560104,0.15,0.185,1,"RANBP3","Not significant",0.406549975950678,0.406549975950678
0.392938059815078,-0.206755296757622,0.34,0.272,1,"PIK3AP1","Not significant",0.405675903570121,0.405675903570121
0.393003256110087,0.352894940034427,0.466,0.42,1,"EMC3","Not significant",0.405603851393568,0.405603851393568
0.393608563794774,0.259358425754802,0.135,0.099,1,"JAZF1","Not significant",0.404935461134105,0.404935461134105
0.393634449760823,-0.603124264532651,0.166,0.198,1,"HERC1","Not significant",0.404906900366909,0.404906900366909
0.393727018929105,0.103751367331487,0.121,0.086,1,"USP6NL","Not significant",0.404804781376425,0.404804781376425
0.393995005535897,0.245808446293996,0.318,0.259,1,"DUT","Not significant",0.404509283458558,0.404509283458558
0.394059763101558,0.44473464719404,0.105,0.074,1,"FRS2","Not significant",0.404437908080575,0.404437908080575
0.394192698954654,-0.650725180792427,0.195,0.222,1,"UBR5","Not significant",0.40429142377314,0.40429142377314
0.39430936512737,0.0975013097766659,0.413,0.333,1,"NDUFA6","Not significant",0.404162908002001,0.404162908002001
0.395004129860227,-0.0190733087988797,0.24,0.185,1,"PBX3","Not significant",0.40339836369979,0.40339836369979
0.395080104142941,-0.92149303837799,0.116,0.148,1,"KCNE1","Not significant",0.403314840423584,0.403314840423584
0.395299268188815,0.0468995475776446,0.461,0.383,1,"ABCG1","Not significant",0.403073989658683,0.403073989658683
0.395855637710596,-0.856386990587696,0.086,0.111,1,"DNAH17","Not significant",0.40246316552996,0.40246316552996
0.396027280110831,-0.43556693078938,0.138,0.173,1,"ACTR1B","Not significant",0.402274896919102,0.402274896919102
0.396100787454559,0.272420021852467,0.366,0.309,1,"TRABD","Not significant",0.402194294210629,0.402194294210629
0.396222374446088,0.355564322648006,0.181,0.136,1,"NT5C3A","Not significant",0.402061003749246,0.402061003749246
0.3965699916385,0.133926419264644,0.261,0.21,1,"TSG101","Not significant",0.401680151852551,0.401680151852551
0.396647334255025,0.112558707981022,0.33,0.259,1,"CMTM3","Not significant",0.401595460127894,0.401595460127894
0.396687599924706,-0.393836638192203,0.2,0.235,1,"SLC25A24","Not significant",0.40155137494416,0.40155137494416
0.396700356332059,0.0403386554366238,0.501,0.407,1,"UBE2R2","Not significant",0.401537409425074,0.401537409425074
0.39698846168073,-0.0526517829559761,0.157,0.111,1,"RRP1B","Not significant",0.40122211565807,0.40122211565807
0.397105515410266,-0.203204372729519,0.534,0.58,1,"TWF2","Not significant",0.401094080965305,0.401094080965305
0.397162235454091,-0.166867025329881,0.425,0.469,1,"CSNK2B","Not significant",0.401032053514079,0.401032053514079
0.397203671420512,0.0107614075098866,0.679,0.556,1,"ATP5MC3","Not significant",0.400986745900976,0.400986745900976
0.397452986707628,0.219714541578116,0.354,0.284,1,"RLF","Not significant",0.400714235110578,0.400714235110578
0.397595887390656,0.270889982544177,0.135,0.099,1,"CCR5","Not significant",0.400558116459789,0.400558116459789
0.397733524565188,0.10594260721861,0.366,0.309,1,"SP110","Not significant",0.400407801219079,0.400407801219079
0.397803596505727,-0.12473948501246,0.173,0.123,1,"GALK1","Not significant",0.400331294777368,0.400331294777368
0.397803596505727,-0.329984318637687,0.159,0.198,1,"AGRN","Not significant",0.400331294777368,0.400331294777368
0.397805061239822,0.100789406806228,0.107,0.074,1,"DNAJC17","Not significant",0.400329695684828,0.400329695684828
0.39781958387196,-0.304357866414334,0.363,0.383,1,"TRAPPC1","Not significant",0.400313841226221,0.400313841226221
0.398348734203644,-0.703977973053319,0.299,0.321,1,"G3BP2","Not significant",0.399736558514093,0.399736558514093
0.398494472997689,-0.795582319879592,0.147,0.173,1,"SNAPC2","Not significant",0.399577697764108,0.399577697764108
0.398519495903417,0.0715351242774287,0.287,0.235,1,"PPP6R1","Not significant",0.399550427702838,0.399550427702838
0.398578834740612,0.256679732042154,0.233,0.185,1,"FGD2","Not significant",0.399485766848303,0.399485766848303
0.398695995115136,0.154692619735521,0.107,0.074,1,"ZNF384","Not significant",0.399358126785894,0.399358126785894
0.398913605616553,-0.0980620016080302,0.335,0.272,1,"COMMD4","Not significant",0.399121151096966,0.399121151096966
0.399089387573599,-0.534681853323539,0.138,0.173,1,"DTX2","Not significant",0.398929820648711,0.398929820648711
0.399654318898301,0.290082888674082,0.133,0.099,1,"NAB1","Not significant",0.398315489428584,0.398315489428584
0.399783606363626,-0.0525916756218781,0.124,0.086,1,"ATL2","Not significant",0.398175018651591,0.398175018651591
0.399834172368497,-0.062855132224906,0.183,0.136,1,"TATDN1","Not significant",0.398120091066186,0.398120091066186
0.399934575578251,-0.362070107355661,0.152,0.111,1,"DNTTIP1","Not significant",0.39801104814521,0.39801104814521
0.39999854507966,-0.988606489499698,0.135,0.16,1,"ARPIN","Not significant",0.397941588334598,0.397941588334598
0.400815047916378,-0.0343586590930655,0.342,0.272,1,"OAS1","Not significant",0.397055981990191,0.397055981990191
0.400909013641377,-0.187337449003834,0.439,0.457,1,"BNIP2","Not significant",0.396954179392517,0.396954179392517
0.401077723123724,-0.847070491856617,0.109,0.136,1,"MRO","Not significant",0.396771459167979,0.396771459167979
0.401143653823179,-0.0849679536079679,0.304,0.235,1,"LRP10","Not significant",0.396700074037021,0.396700074037021
0.401297076446049,-0.798505769952737,0.119,0.148,1,"ATAD2B","Not significant",0.396534004203299,0.396534004203299
0.401463923605611,-0.336388969138877,0.14,0.173,1,"CNOT6L","Not significant",0.396353475249456,0.396353475249456
0.401516338361368,-0.465940558414003,0.311,0.333,1,"SLC43A3","Not significant",0.3962967778677,0.3962967778677
0.401569246001265,-0.402748699086525,0.466,0.457,1,"IFITM2","Not significant",0.396239554835589,0.396239554835589
0.40164600327802,0.318208296242409,0.238,0.198,1,"STX10","Not significant",0.3961565502814,0.3961565502814
0.401673869014493,-0.587706314225779,0.107,0.136,1,"PHF21A","Not significant",0.396126420476308,0.396126420476308
0.401798798422451,-0.36403576416117,0.228,0.173,1,"RAB1B","Not significant",0.395991366341576,0.395991366341576
0.402426103622456,-0.290365898704115,0.235,0.272,1,"ZNF281","Not significant",0.395313856253564,0.395313856253564
0.402445948958111,-0.381638327616395,0.219,0.247,1,"PGRMC1","Not significant",0.395292439881259,0.395292439881259
0.40304756243471,-0.527377139974194,0.178,0.21,1,"ZCCHC17","Not significant",0.394643701044722,0.394643701044722
0.403116334808399,0.569788447712142,0.145,0.111,1,"DENND1B","Not significant",0.394569603302128,0.394569603302128
0.403331072093193,0.307226027824293,0.416,0.358,1,"SAP30BP","Not significant",0.394338319230158,0.394338319230158
0.403705347359976,-0.430333535767206,0.147,0.185,1,"ARHGEF6","Not significant",0.393935498017107,0.393935498017107
0.404255933564303,-0.540052996536095,0.107,0.136,1,"MKL1","Not significant",0.393343596912413,0.393343596912413
0.404315797305892,0.072277175815791,0.221,0.173,1,"BCL3","Not significant",0.393279289710731,0.393279289710731
0.404329221583196,-0.46431532103347,0.159,0.198,1,"MPHOSPH10","Not significant",0.393264870306862,0.393264870306862
0.404492751985263,-1.14432518350501,0.109,0.136,1,"GTF3C1","Not significant",0.393089256007226,0.393089256007226
0.404557884218409,0.0410639737105225,0.335,0.272,1,"PDCD6","Not significant",0.393019330669442,0.393019330669442
0.40464396560128,-0.570017327149943,0.242,0.259,1,"SLC39A3","Not significant",0.392926931795849,0.392926931795849
0.404825370122187,0.261248905604153,0.124,0.086,1,"PPP4R1","Not significant",0.392732278384623,0.392732278384623
0.404825370122187,-0.075640379669808,0.124,0.086,1,"ZNF57","Not significant",0.392732278384623,0.392732278384623
0.40483857320751,-0.566273126447066,0.105,0.136,1,"SNX11","Not significant",0.392718114416602,0.392718114416602
0.404877133635993,0.083542580854749,0.297,0.235,1,"MARCH7","Not significant",0.392676750315149,0.392676750315149
0.404966105577076,-0.824846917212727,0.097,0.123,1,"OXSM","Not significant",0.392581324382473,0.392581324382473
0.404966105577076,-0.971883237642236,0.097,0.123,1,"FAM110A","Not significant",0.392581324382473,0.392581324382473
0.405464635365056,-0.712747437044889,0.169,0.198,1,"SEPT11","Not significant",0.392047018975841,0.392047018975841
0.40554831345349,-0.216449451343572,0.211,0.16,1,"CLDND1","Not significant",0.391957400352007,0.391957400352007
0.405582077530184,0.294485333901327,0.525,0.481,1,"GDI2","Not significant",0.391921244507358,0.391921244507358
0.405618221714267,-0.352993842596949,0.276,0.309,1,"MGMT","Not significant",0.391882543289607,0.391882543289607
0.405722773324361,0.048493844428561,0.432,0.358,1,"GTPBP4","Not significant",0.391770614549738,0.391770614549738
0.405866623704572,-0.0227764280785197,0.107,0.074,1,"DEAF1","Not significant",0.391616661264424,0.391616661264424
0.405982814330566,-0.419082397263986,0.107,0.136,1,"SPOPL","Not significant",0.391492350165103,0.391492350165103
0.406077144124933,-0.195418610219763,0.504,0.519,1,"NDFIP1","Not significant",0.391391453897702,0.391391453897702
0.406148007436078,0.258698841326025,0.133,0.099,1,"SLC25A32","Not significant",0.39131567307506,0.39131567307506
0.406683636988228,-0.564125245939491,0.095,0.123,1,"TARBP1","Not significant",0.390743301184498,0.390743301184498
0.406716140580452,-0.852796228323973,0.15,0.173,1,"PILRB","Not significant",0.39070859222307,0.39070859222307
0.406739441177316,0.237272813831396,0.147,0.111,1,"ARRB1","Not significant",0.390683712387287,0.390683712387287
0.406882272821871,-0.0213257437492151,0.245,0.185,1,"RNF19A","Not significant",0.390531231216636,0.390531231216636
0.406905698611333,0.0130357489352853,0.219,0.173,1,"STAT5A","Not significant",0.390506227919813,0.390506227919813
0.406993334649041,-0.926066973547903,0.24,0.259,1,"SCCPDH","Not significant",0.390412703179805,0.390412703179805
0.407190911079236,0.163680590683065,0.437,0.37,1,"MEF2C","Not significant",0.390201924463507,0.390201924463507
0.407229859442843,0.609041623886469,0.209,0.173,1,"GEM","Not significant",0.390160385593137,0.390160385593137
0.40754695962524,0.460382349510832,0.157,0.123,1,"RMND5A","Not significant",0.389822342430504,0.389822342430504
0.407781219621436,0.319030266934803,0.133,0.099,1,"FUBP3","Not significant",0.38957277954511,0.38957277954511
0.407814824603529,0.637135059203905,0.328,0.284,1,"EREG","Not significant",0.389536991097142,0.389536991097142
0.408053497347324,0.551455828615544,0.938,0.926,1,"IER2","Not significant",0.389282895538389,0.389282895538389
0.408269286872109,-0.605307023479309,0.121,0.148,1,"CBLB","Not significant",0.389053289789631,0.389053289789631
0.40831740996473,-0.636848560584049,0.128,0.086,1,"GPS2","Not significant",0.389002102099009,0.389002102099009
0.408552124833075,-0.486817951211221,0.128,0.16,1,"LRRC8A","Not significant",0.388752526443153,0.388752526443153
0.408607374604032,0.270527855667568,0.145,0.111,1,"DUSP28","Not significant",0.388693799424239,0.388693799424239
0.408985824156514,-0.196961828688019,0.834,0.778,1,"JMJD1C","Not significant",0.388291744797782,0.388291744797782
0.408996976717462,-0.0497230492200389,0.285,0.222,1,"EZH2","Not significant",0.38827990226106,0.38827990226106
0.409081305880851,-0.245536518783489,0.406,0.432,1,"DOCK8","Not significant",0.38819036635421,0.38819036635421
0.40921236621171,0.218037598462139,0.884,0.914,1,"CEBPD","Not significant",0.388051250579724,0.388051250579724
0.409394400421,0.12172886398508,0.603,0.642,1,"TENT5A","Not significant",0.387858101788051,0.387858101788051
0.409557751060397,-0.482796854220073,0.119,0.148,1,"MRPL10","Not significant",0.387684850439683,0.387684850439683
0.409647785998561,0.071775553953406,0.119,0.086,1,"IRAK4","Not significant",0.387589388006358,0.387589388006358
0.409647785998561,0.565685650794628,0.119,0.086,1,"SIK1","Not significant",0.387589388006358,0.387589388006358
0.409929455779725,-0.558586359913354,0.162,0.198,1,"SGTB","Not significant",0.387290874015831,0.387290874015831
0.410022029995289,0.412590472189452,0.487,0.457,1,"NFKBIE","Not significant",0.387192808528166,0.387192808528166
0.410100895627777,-0.247759935693634,0.47,0.481,1,"JOSD1","Not significant",0.387109282246832,0.387109282246832
0.410387123944367,-0.816394711928984,0.097,0.123,1,"ERLIN2","Not significant",0.386806273840769,0.386806273840769
0.410654188446873,0.278014484804104,0.147,0.111,1,"TRAF6","Not significant",0.386523743249212,0.386523743249212
0.410850398612736,-0.541989056380995,0.371,0.395,1,"COPA","Not significant",0.386316287331643,0.386316287331643
0.41097424513695,0.467655628351579,0.145,0.111,1,"MTURN","Not significant",0.386185393562796,0.386185393562796
0.411084627316905,-0.220157512444618,0.287,0.222,1,"TBC1D1","Not significant",0.386068763541396,0.386068763541396
0.411135164399236,-0.0237901283106022,0.523,0.42,1,"PSMD7","Not significant",0.386015376414897,0.386015376414897
0.411141125318938,0.175038848504689,0.494,0.444,1,"AC016831.7","Not significant",0.386009079761165,0.386009079761165
0.411221940255035,-0.537915319212789,0.119,0.148,1,"PAICS","Not significant",0.385923722131709,0.385923722131709
0.411650425395742,0.0907250208643435,0.287,0.235,1,"STX12","Not significant",0.385471431456329,0.385471431456329
0.412055537975304,-0.527069682251121,0.119,0.148,1,"CHPF2","Not significant",0.385044244620582,0.385044244620582
0.412147494245189,-0.0530090627971329,0.724,0.741,1,"UPP1","Not significant",0.384947336215269,0.384947336215269
0.412166920800371,-0.112661094970849,0.105,0.074,1,"MFAP1","Not significant",0.384926866245157,0.384926866245157
0.412311213423695,-0.0175993659360332,0.257,0.198,1,"PPCS","Not significant",0.384774853746274,0.384774853746274
0.412391366831749,0.255774923219299,0.171,0.136,1,"IL1RAP","Not significant",0.38469043499031,0.38469043499031
0.412493093821683,0.237335964649536,0.164,0.123,1,"FTX","Not significant",0.384583318241915,0.384583318241915
0.412570900644674,-0.305689262901504,0.164,0.198,1,"MAEA","Not significant",0.384501406840603,0.384501406840603
0.412704790583689,-0.315967026566236,0.249,0.284,1,"TENT4B","Not significant",0.384360489901392,0.384360489901392
0.412861516828919,-1.08307408817423,0.157,0.185,1,"ABHD14A","Not significant",0.384195596194662,0.384195596194662
0.413047622507039,-0.523396787755562,0.278,0.309,1,"CTBS","Not significant",0.383999873283806,0.383999873283806
0.41319440508121,0.0706810979252253,0.138,0.099,1,"HVCN1","Not significant",0.383845567740045,0.383845567740045
0.413312311279635,-0.629163322390509,0.124,0.086,1,"HARS","Not significant",0.383721658252821,0.383721658252821
0.413512076020117,-0.179305917849513,0.475,0.494,1,"SORL1","Not significant",0.383511802986115,0.383511802986115
0.413658233556739,-0.693389065625718,0.133,0.16,1,"MLLT11","Not significant",0.383358326944799,0.383358326944799
0.414024971748754,-0.624205156246627,0.107,0.074,1,"CCDC32","Not significant",0.382973463793057,0.382973463793057
0.414033551822083,-0.518123175386105,0.295,0.321,1,"EVA1B","Not significant",0.382964463756477,0.382964463756477
0.414091167890855,-0.162027859455145,0.637,0.63,1,"ADAP2","Not significant",0.382904032422449,0.382904032422449
0.414095968667859,-0.0614066089004874,0.195,0.148,1,"NEDD4L","Not significant",0.382898997446972,0.382898997446972
0.414101510784406,-0.736144821112247,0.173,0.198,1,"SMARCD2","Not significant",0.382893185039438,0.382893185039438
0.414332040368551,0.187793274340304,0.204,0.16,1,"UBE2Q1","Not significant",0.382651481335491,0.382651481335491
0.414591229705578,0.270920159487143,0.147,0.111,1,"STARD10","Not significant",0.382379889243506,0.382379889243506
0.41460678010491,-0.291326796118418,0.135,0.099,1,"FRAT1","Not significant",0.382363600124279,0.382363600124279
0.414679792630184,0.334830387154709,0.881,0.914,1,"HSPA5","Not significant",0.382287127315094,0.382287127315094
0.415358823167837,-0.311750312591257,0.105,0.136,1,"ANAPC10","Not significant",0.381576559696383,0.381576559696383
0.415389127246485,0.413438462279761,0.245,0.198,1,"CNOT7","Not significant",0.381544875250733,0.381544875250733
0.415408952044263,-0.142162375558519,0.276,0.21,1,"RNF187","Not significant",0.381524148673491,0.381524148673491
0.416222874384116,-0.683856706067879,0.204,0.235,1,"HES1","Not significant",0.380674055922047,0.380674055922047
0.416765796811631,0.0295252230673335,0.107,0.074,1,"CD24","Not significant",0.380107929980811,0.380107929980811
0.416765796811631,-0.856904886096673,0.097,0.123,1,"KIF16B","Not significant",0.380107929980811,0.380107929980811
0.417064530325662,-0.0593679873493356,0.211,0.16,1,"CIAO1","Not significant",0.379796743596647,0.379796743596647
0.417369993750969,-0.489086180960005,0.171,0.198,1,"PIKFYVE","Not significant",0.379478777160378,0.379478777160378
0.417453173284432,0.278839297001655,0.119,0.086,1,"BAP1","Not significant",0.379392233293518,0.379392233293518
0.417453173284432,-0.703119466658884,0.109,0.136,1,"CPT1A","Not significant",0.379392233293518,0.379392233293518
0.417616565273566,-0.577819996305885,0.109,0.074,1,"AC087239.1","Not significant",0.379222282840527,0.379222282840527
0.417782673853495,-0.352286699091277,0.192,0.222,1,"TRPC4AP","Not significant",0.379049574901061,0.379049574901061
0.417839957375281,-0.603355301363284,0.226,0.247,1,"ALDH9A1","Not significant",0.37899003147434,0.37899003147434
0.417918725416964,0.612286312055291,0.128,0.099,1,"MAN1C1","Not significant",0.378908169265405,0.378908169265405
0.418140010086336,-0.270646027357836,0.553,0.556,1,"SIRPA","Not significant",0.378678274620446,0.378678274620446
0.419149107472913,0.712807496212074,0.154,0.123,1,"TUT4","Not significant",0.377631454281601,0.377631454281601
0.419283457794119,-0.468493768577129,0.207,0.235,1,"IMPAD1","Not significant",0.377492271701969,0.377492271701969
0.41928543825104,0.223636075325266,0.482,0.444,1,"GRK2","Not significant",0.37749022034634,0.37749022034634
0.419498186681431,0.0464850171423364,0.337,0.272,1,"ST3GAL1","Not significant",0.377269912108107,0.377269912108107
0.419517375474606,-0.176781880728913,0.107,0.074,1,"DLG1","Not significant",0.377250046953353,0.377250046953353
0.419729648928009,-0.639057765006019,0.138,0.099,1,"UBA3","Not significant",0.37703035194401,0.37703035194401
0.419802636807215,-1.11250582263782,0.162,0.185,1,"ENOSF1","Not significant",0.376954837913631,0.376954837913631
0.419955742054995,0.259126350020427,0.116,0.086,1,"EXOSC10","Not significant",0.376796476254678,0.376796476254678
0.419990626854312,0.266983282472523,0.19,0.148,1,"RASAL3","Not significant",0.376760401866086,0.376760401866086
0.420201023419373,0.122473272158269,0.406,0.333,1,"NDUFA12","Not significant",0.376542894184124,0.376542894184124
0.420436923048862,-0.590909369158537,0.107,0.074,1,"KAT2B","Not significant",0.376299150940103,0.376299150940103
0.421081144251471,-0.394128481151323,0.299,0.346,1,"AC100810.1","Not significant",0.375634205577796,0.375634205577796
0.421321735300536,-0.557365487635205,0.316,0.333,1,"KHSRP","Not significant",0.37538613575187,0.37538613575187
0.421468177006853,-0.241701153518427,0.309,0.346,1,"MX2","Not significant",0.375235211245809,0.375235211245809
0.421476890072915,-0.78472886800999,0.088,0.111,1,"POU2F1","Not significant",0.375226233112692,0.375226233112692
0.421861312755634,-0.525972923805389,0.157,0.185,1,"LARP4B","Not significant",0.374830300233505,0.374830300233505
0.422074087882788,-0.289640527386912,0.477,0.481,1,"SERINC1","Not significant",0.374611309383028,0.374611309383028
0.422139011267588,0.0293461331885254,0.178,0.136,1,"ISY1","Not significant",0.374544511396005,0.374544511396005
0.422157167036083,-0.514507041365676,0.228,0.259,1,"EPS15","Not significant",0.374525833234772,0.374525833234772
0.42241611758546,-0.766501176171353,0.121,0.148,1,"PKD1","Not significant",0.374259519345256,0.374259519345256
0.422592914049486,0.0737178486653521,0.359,0.309,1,"CXXC5","Not significant",0.374077789382635,0.374077789382635
0.422995750159636,0.0486179347221398,0.221,0.173,1,"AP1M1","Not significant",0.373663995961816,0.373663995961816
0.423033952572201,-0.141372606873508,0.354,0.272,1,"TUBGCP2","Not significant",0.373624774887354,0.373624774887354
0.42314805068251,-0.335693647715952,0.14,0.099,1,"CERS5","Not significant",0.373507655450135,0.373507655450135
0.423423298560038,-0.358323691567727,0.188,0.136,1,"ALG2","Not significant",0.373225248920112,0.373225248920112
0.423513525995728,0.199131389708135,0.159,0.123,1,"ULK3","Not significant",0.373132714798444,0.373132714798444
0.423683774096972,-0.687445286989875,0.299,0.309,1,"PRDX3","Not significant",0.372958167943981,0.372958167943981
0.423970444963731,-0.10793038905582,0.233,0.185,1,"TSEN34","Not significant",0.37266441707835,0.37266441707835
0.424063124204778,-0.659071318423738,0.266,0.284,1,"FRG1","Not significant",0.372569491394751,0.372569491394751
0.424706967087427,0.240503071793226,0.311,0.259,1,"SMU1","Not significant",0.371910614585477,0.371910614585477
0.424732118924309,-0.451490139599972,0.219,0.247,1,"AP3B1","Not significant",0.371884895721934,0.371884895721934
0.424922434090478,-0.677423851360707,0.109,0.074,1,"DGLUCY","Not significant",0.371690339410598,0.371690339410598
0.425378788582312,0.0942084654786854,0.121,0.086,1,"IL18BP","Not significant",0.371224169890103,0.371224169890103
0.425473023364269,0.288497462150281,0.249,0.21,1,"AVPI1","Not significant",0.371127970656818,0.371127970656818
0.425614125670043,-0.663245433390318,0.086,0.111,1,"MTR","Not significant",0.370983966712186,0.370983966712186
0.425786053887155,-0.744892786611689,0.121,0.148,1,"D2HGDH","Not significant",0.370808567460969,0.370808567460969
0.42583150640437,-0.0661118756077848,0.178,0.136,1,"MOB1B","Not significant",0.370762209146266,0.370762209146266
0.426076988644061,0.024881483447196,0.311,0.247,1,"RCSD1","Not significant",0.370511920328455,0.370511920328455
0.426456612785056,0.011837335899568,0.356,0.272,1,"RNF145","Not significant",0.370125146879874,0.370125146879874
0.426598143414895,0.173030318058957,0.698,0.593,1,"B4GALT1","Not significant",0.369981038962588,0.369981038962588
0.426811736169183,0.00392541100374233,0.423,0.333,1,"DNAJB9","Not significant",0.369763647158913,0.369763647158913
0.426906824542497,-0.309685461335899,0.107,0.074,1,"PLD2","Not significant",0.369666902498799,0.369666902498799
0.426925129064508,-0.699754268880744,0.261,0.272,1,"TPP2","Not significant",0.369648281614747,0.369648281614747
0.427835810092992,0.147047183614431,0.107,0.074,1,"ABHD13","Not significant",0.368722867555739,0.368722867555739
0.427979526737189,-1.46126000217482,0.114,0.136,1,"STX17","Not significant",0.368577005841341,0.368577005841341
0.428115156124292,-0.330682030509445,0.404,0.42,1,"STX7","Not significant",0.368439397008872,0.368439397008872
0.428265626110892,-0.870427617293552,0.088,0.111,1,"NF2","Not significant",0.368286781987843,0.368286781987843
0.428544185730726,0.0209736981324915,0.406,0.346,1,"TMED4","Not significant",0.368004392807969,0.368004392807969
0.428626061222831,-0.623170037205955,0.221,0.247,1,"PLXNC1","Not significant",0.367921426618559,0.367921426618559
0.428805927194655,0.348944681218042,0.333,0.296,1,"SPEN","Not significant",0.367739220213278,0.367739220213278
0.428832472845787,-0.558071478657708,0.439,0.432,1,"GK","Not significant",0.367712335619939,0.367712335619939
0.429004242866255,-0.494721712409163,0.183,0.21,1,"MBD6","Not significant",0.367538412607141,0.367538412607141
0.429117023666427,0.0209010868600781,0.266,0.21,1,"RPL7L1","Not significant",0.367424256062205,0.367424256062205
0.429697307964483,-0.51526762405679,0.097,0.123,1,"C12orf65","Not significant",0.366837367144192,0.366837367144192
0.429923780653361,-0.684025569224933,0.147,0.173,1,"ID3","Not significant",0.366608531805787,0.366608531805787
0.429956855330141,-0.257628362914108,0.461,0.481,1,"HMGN3","Not significant",0.36657512216956,0.36657512216956
0.430165273087315,0.263773657658375,0.235,0.185,1,"FDPS","Not significant",0.366364652793985,0.366364652793985
0.43023102098859,0.156364023887674,0.945,0.963,1,"KLF4","Not significant",0.366298278842883,0.366298278842883
0.430330799835908,0.0839893846843573,0.252,0.198,1,"LONP2","Not significant",0.366197569278627,0.366197569278627
0.430353875586739,0.456269875224092,0.223,0.185,1,"SMC4","Not significant",0.36617428160652,0.36617428160652
0.430622006430719,0.561643465847553,0.143,0.111,1,"ARHGAP31","Not significant",0.365903779837156,0.365903779837156
0.430647989596332,0.114032729393033,0.121,0.086,1,"CLEC4A","Not significant",0.365877575869751,0.365877575869751
0.431023978382446,-0.254963055304206,0.349,0.383,1,"TPR","Not significant",0.365498568842718,0.365498568842718
0.431200964227603,-0.213589852306718,0.135,0.099,1,"ARHGEF11","Not significant",0.365320276675077,0.365320276675077
0.431439748986983,-0.728528637041352,0.133,0.16,1,"HTT","Not significant",0.36507984539373,0.36507984539373
0.431692198359398,-0.0935855913756882,0.333,0.272,1,"DHX9","Not significant",0.36482579994248,0.36482579994248
0.431882673033824,0.0633484112075985,0.475,0.395,1,"MNDA","Not significant",0.364634219330011,0.364634219330011
0.431899608819676,0.351624828216753,0.133,0.099,1,"NUFIP1","Not significant",0.364617189301733,0.364617189301733
0.432177447715782,0.338504354499344,0.147,0.111,1,"KRIT1","Not significant",0.364337899618752,0.364337899618752
0.432258391038054,-0.373833174884902,0.133,0.16,1,"FAM129B","Not significant",0.364256567409381,0.364256567409381
0.432643970469127,0.186844279687611,0.105,0.074,1,"DHRS7B","Not significant",0.363869344439954,0.363869344439954
0.432715325104408,0.0194270734880245,0.356,0.296,1,"TAB2","Not significant",0.363797723496862,0.363797723496862
0.433207307300979,-0.0776838060114848,0.221,0.173,1,"DR1","Not significant",0.363304226345593,0.363304226345593
0.433262572893415,-0.432377016924599,0.157,0.111,1,"LPGAT1","Not significant",0.363248825592686,0.363248825592686
0.433803593007345,-0.133259256666059,0.276,0.222,1,"PET100","Not significant",0.362706855233764,0.362706855233764
0.433813942548193,-0.369773181670198,0.344,0.37,1,"IPO7","Not significant",0.362696494105048,0.362696494105048
0.433941927186512,-0.766222024702733,0.273,0.272,1,"STMN1","Not significant",0.362568386593404,0.362568386593404
0.434005647190133,0.224773954806803,0.211,0.173,1,"MED4","Not significant",0.362504619502335,0.362504619502335
0.434279219803763,0.757316496610119,0.131,0.099,1,"HERC5","Not significant",0.36223095106713,0.36223095106713
0.434352205919751,-0.631783300702538,0.321,0.333,1,"SLC25A19","Not significant",0.362157968518802,0.362157968518802
0.434384211282245,-0.200430813517317,0.152,0.111,1,"SLC39A13","Not significant",0.362125968588666,0.362125968588666
0.434507871745615,-0.67292860007894,0.19,0.222,1,"AMPD2","Not significant",0.362002351264299,0.362002351264299
0.434693777393057,-0.640855780218982,0.202,0.235,1,"IFITM10","Not significant",0.361816576655726,0.361816576655726
0.434863300282122,0.188408243069428,0.202,0.16,1,"EAF2","Not significant",0.361647242501362,0.361647242501362
0.435109093762569,0.162922297742934,0.119,0.086,1,"EED","Not significant",0.361401839875216,0.361401839875216
0.435337077586446,-0.113005870681247,0.439,0.358,1,"LUC7L3","Not significant",0.361174342478602,0.361174342478602
0.435536869334606,-0.385430982554499,0.285,0.309,1,"BDP1","Not significant",0.360975074936877,0.360975074936877
0.435846967281697,-0.4846999880487,0.202,0.148,1,"MOB2","Not significant",0.360665971583573,0.360665971583573
0.436233748205639,0.340616691642684,0.147,0.111,1,"HIST1H2BG","Not significant",0.360280739278801,0.360280739278801
0.436658934122065,-0.0718793962464535,0.242,0.185,1,"NHP2","Not significant",0.359857649669667,0.359857649669667
0.436748667785102,-0.451852254954891,0.204,0.235,1,"CISD3","Not significant",0.359768411071904,0.359768411071904
0.437047633530352,0.410773893147125,0.147,0.111,1,"OAS3","Not significant",0.359471226983778,0.359471226983778
0.437131967028473,0.0767942853661165,0.9,0.877,1,"GPX4","Not significant",0.359387432823028,0.359387432823028
0.437377649283991,0.13694289644571,0.803,0.753,1,"FAM133B","Not significant",0.359143413892441,0.359143413892441
0.437452129199505,0.175299102168068,0.366,0.321,1,"NDUFA10","Not significant",0.359069465297654,0.359069465297654
0.437688125554229,-0.450003985657381,0.169,0.198,1,"SLC49A3","Not significant",0.358835235603537,0.358835235603537
0.438053436354015,0.0504669749154913,0.309,0.247,1,"PTS","Not significant",0.358472908449888,0.358472908449888
0.438152035571537,-0.399307007541803,0.283,0.309,1,"STAU1","Not significant",0.358375166316011,0.358375166316011
0.438437201872159,-0.442916815198487,0.169,0.198,1,"GRK3","Not significant",0.358092602602326,0.358092602602326
0.438968761129106,-0.0178490000635982,0.28,0.235,1,"TNFSF9","Not significant",0.357566384887665,0.357566384887665
0.438978920442014,0.424752406414459,0.466,0.42,1,"RNF144B","Not significant",0.357556333870667,0.357556333870667
0.439030306359657,-0.500458161062128,0.143,0.173,1,"LYRM4","Not significant",0.357505499278445,0.357505499278445
0.439211193668109,-0.0804859496880117,0.152,0.111,1,"TRMT2A","Not significant",0.357326600055361,0.357326600055361
0.439470476138631,-0.340581752863127,0.086,0.111,1,"NBPF14","Not significant",0.35707029574553,0.35707029574553
0.439622888085356,0.630564480774982,0.116,0.086,1,"AL139246.5","Not significant",0.356919704987379,0.356919704987379
0.439622888085356,0.405488173514647,0.116,0.086,1,"DCLRE1B","Not significant",0.356919704987379,0.356919704987379
0.440006095062458,0.377220660970779,0.145,0.111,1,"SRFBP1","Not significant",0.356541307528225,0.356541307528225
0.440199924421617,0.266542554572113,0.171,0.136,1,"NR1H3","Not significant",0.356350036347135,0.356350036347135
0.440260216750108,-0.119999001344894,0.404,0.321,1,"SNAP23","Not significant",0.356290556935449,0.356290556935449
0.44067526178381,-0.162654805137215,0.482,0.506,1,"NOP56","Not significant",0.355881328823725,0.355881328823725
0.441040692874565,-0.910452397996932,0.088,0.111,1,"LYSMD3","Not significant",0.355521338251978,0.355521338251978
0.441848825030435,0.0635819090447098,0.228,0.173,1,"TMUB2","Not significant",0.354726295549938,0.354726295549938
0.442787707070769,0.0306340086910928,0.207,0.16,1,"CHCHD3","Not significant",0.353804444761336,0.353804444761336
0.443559388533308,-0.630323205167514,0.278,0.296,1,"USP3","Not significant",0.353048223891864,0.353048223891864
0.443845041263854,0.0154085997642603,0.15,0.111,1,"CBX1","Not significant",0.352768627791741,0.352768627791741
0.443860270420433,-0.415190243354297,0.197,0.222,1,"SNAP29","Not significant",0.352753726588425,0.352753726588425
0.444027729972121,-0.413265150355675,0.385,0.395,1,"ATG3","Not significant",0.352589906917318,0.352589906917318
0.44416294940747,-0.429268020081473,0.173,0.198,1,"RNASE2","Not significant",0.352457671674513,0.352457671674513
0.444488983153007,0.0785160719053413,0.306,0.259,1,"WAPL","Not significant",0.35213899873235,0.35213899873235
0.44460046952105,0.167661454798382,0.489,0.42,1,"MAP2K2","Not significant",0.352030082999391,0.352030082999391
0.444694823112516,-0.440366954970399,0.171,0.198,1,"ERLEC1","Not significant",0.351937926334187,0.351937926334187
0.44504219380865,0.0338701880373273,0.219,0.173,1,"NIT2","Not significant",0.3515988122335,0.3515988122335
0.445098720238568,0.128070199504882,0.722,0.716,1,"SH3BGRL","Not significant",0.351543654412439,0.351543654412439
0.445119496843733,-0.00248684891081763,0.216,0.173,1,"SP3","Not significant",0.351523382607606,0.351523382607606
0.445283427155839,0.00787880305299193,0.209,0.16,1,"MRPL3","Not significant",0.351363468418536,0.351363468418536
0.445615789748015,0.188490657902656,0.29,0.247,1,"PRRC2A","Not significant",0.351039428967763,0.351039428967763
0.445628835541876,0.171825668240448,0.418,0.358,1,"OAZ2","Not significant",0.351026714801247,0.351026714801247
0.445863396595846,0.0646228140032905,0.261,0.21,1,"TES","Not significant",0.350798179834622,0.350798179834622
0.44588195846437,0.0805883852466605,0.549,0.457,1,"MYH9","Not significant",0.350780099971285,0.350780099971285
0.44633255218595,-0.506948728482874,0.121,0.148,1,"RASA2","Not significant",0.350341437785984,0.350341437785984
0.446517220009735,-0.42956863313744,0.249,0.272,1,"NARS","Not significant",0.350161787814631,0.350161787814631
0.446523474837885,0.110421561869833,0.216,0.173,1,"CCDC91","Not significant",0.350155704245616,0.350155704245616
0.446572387448484,0.0658934783226272,0.508,0.444,1,"GNA15","Not significant",0.350108133816063,0.350108133816063
0.446591952174257,0.0548431243586491,0.214,0.173,1,"MCUR1","Not significant",0.350089107412819,0.350089107412819
0.446882223413145,-1.2625220922259,0.138,0.16,1,"FAM241A","Not significant",0.349806920853468,0.349806920853468
0.447019125083767,-0.343216256447878,0.511,0.543,1,"NPL","Not significant",0.34967389579275,0.34967389579275
0.447034940285913,-0.164669342888294,0.249,0.198,1,"MARK2","Not significant",0.349658531050753,0.349658531050753
0.447249828243634,0.202714966549311,0.618,0.506,1,"ARF4","Not significant",0.349449817541711,0.349449817541711
0.447429607347515,0.231959356831428,0.204,0.16,1,"TNFSF10","Not significant",0.349275281119564,0.349275281119564
0.447614725555572,-0.20357537361022,0.107,0.074,1,"PAFAH1B3","Not significant",0.349095634560282,0.349095634560282
0.447822742242802,0.179609184990686,0.983,1,1,"BTG1","Not significant",0.348893854973696,0.348893854973696
0.44790969530264,0.0337499364842243,0.511,0.432,1,"EIF4B","Not significant",0.34880953686126,0.34880953686126
0.448134064470775,0.795623783976432,0.102,0.074,1,"AL031777.3","Not significant",0.34859204236369,0.34859204236369
0.448569365857033,-0.561463849416009,0.097,0.123,1,"GTF2E2","Not significant",0.348170389008804,0.348170389008804
0.44883902411038,-0.475819969301966,0.119,0.148,1,"NFATC3","Not significant",0.347909390568714,0.347909390568714
0.448862807427565,-0.229900393103726,0.105,0.074,1,"PAN3","Not significant",0.347886378555027,0.347886378555027
0.44910664074314,0.181270453378697,0.102,0.074,1,"HDAC6","Not significant",0.347650523167571,0.347650523167571
0.449705217176157,0.029910128874905,0.582,0.506,1,"VASP","Not significant",0.347072074011616,0.347072074011616
0.450256241729666,0.576306345972578,0.159,0.123,1,"SPRTN","Not significant",0.34654025800879,0.34654025800879
0.450478626650816,0.0776510843082326,0.504,0.432,1,"PPP1R2","Not significant",0.34632580967451,0.34632580967451
0.450683036910742,0.0269682746864706,0.131,0.099,1,"C22orf39","Not significant",0.346128787868007,0.346128787868007
0.450708096479593,0.0890396256047676,0.162,0.123,1,"CTCF","Not significant",0.346104640232046,0.346104640232046
0.450750498193938,0.0105380386553224,0.216,0.173,1,"CSNK2A1","Not significant",0.34606378459944,0.34606378459944
0.450752214669059,-1.18713382016933,0.126,0.148,1,"UNC13D","Not significant",0.346062130792607,0.346062130792607
0.45078426764436,-0.794148182729656,0.328,0.321,1,"TTC19","Not significant",0.346031249224127,0.346031249224127
0.451001973791431,0.0242524711873575,0.209,0.16,1,"CLSTN1","Not significant",0.345821557446095,0.345821557446095
0.451194140415679,-0.0422310621066444,0.121,0.086,1,"UXS1","Not significant",0.345636549099317,0.345636549099317
0.451361662016691,-0.606351100687091,0.109,0.136,1,"NLRC5","Not significant",0.345475332014327,0.345475332014327
0.45138699635329,0.0462443187741697,0.337,0.272,1,"FUOM","Not significant",0.345450956320188,0.345450956320188
0.451412493680009,-0.0828057804257023,0.152,0.111,1,"MELTF","Not significant",0.345426425184709,0.345426425184709
0.451417438929272,-0.0236872092183869,0.333,0.272,1,"CISD2","Not significant",0.345421667490288,0.345421667490288
0.452018884287411,-0.748508535814499,0.088,0.111,1,"SLCO4A1","Not significant",0.344843421006099,0.344843421006099
0.452237916052742,-0.246131371794093,0.116,0.148,1,"C1GALT1","Not significant",0.344633028805853,0.344633028805853
0.452863572167427,0.137534995796435,0.587,0.531,1,"PLSCR1","Not significant",0.34403261206808,0.34403261206808
0.453191530887945,-0.609115998958157,0.173,0.198,1,"DPEP2","Not significant",0.343718214702284,0.343718214702284
0.453244035816253,-0.119036982527027,0.409,0.333,1,"POLR2J","Not significant",0.3436679020237,0.3436679020237
0.453315129892911,0.292822979968528,0.679,0.63,1,"PTPRC","Not significant",0.343599785641627,0.343599785641627
0.453565198180276,0.435046426034674,0.14,0.111,1,"ALOX15B","Not significant",0.343360276024553,0.343360276024553
0.453782490556187,-0.3018133457613,0.259,0.198,1,"DLST","Not significant",0.343152265616209,0.343152265616209
0.454052735154289,-0.371704147851845,0.209,0.235,1,"USP4","Not significant",0.34289370384671,0.34289370384671
0.454103429018061,-0.656649719108235,0.109,0.136,1,"POLR3E","Not significant",0.342845218649574,0.342845218649574
0.454143968415617,0.122491434711522,0.425,0.358,1,"UQCRC2","Not significant",0.342806449396351,0.342806449396351
0.454268130603638,-0.144041219772807,0.159,0.123,1,"KIAA2026","Not significant",0.342687730252226,0.342687730252226
0.454337149307488,-0.435201212892833,0.169,0.198,1,"COA3","Not significant",0.342621751233722,0.342621751233722
0.45435930583573,0.4140083097288,0.114,0.086,1,"TMEM250","Not significant",0.342600572636841,0.342600572636841
0.45440932678908,-1.01127153067423,0.09,0.111,1,"COG5","Not significant",0.342552763275335,0.342552763275335
0.45486670040273,-0.39148410931647,0.34,0.358,1,"NECAP2","Not significant",0.342115855565488,0.342115855565488
0.454901948411156,0.277028036205146,0.39,0.333,1,"CREB5","Not significant",0.342082203019679,0.342082203019679
0.455080049585682,-0.721439053584533,0.124,0.148,1,"BCCIP","Not significant",0.341912203264793,0.341912203264793
0.455243963083883,-0.396780471499244,0.335,0.37,1,"PHACTR4","Not significant",0.341755804603314,0.341755804603314
0.455338664994649,-0.336187690890222,0.261,0.284,1,"GTF2F1","Not significant",0.341665470094063,0.341665470094063
0.455357934393392,-0.673976507375111,0.252,0.272,1,"SFXN3","Not significant",0.341647091649363,0.341647091649363
0.455882428439311,0.422471230604183,0.128,0.099,1,"FBXW2","Not significant",0.341147146948977,0.341147146948977
0.455884159685328,0.312839765420016,0.675,0.654,1,"ISG15","Not significant",0.341145497687857,0.341145497687857
0.456222158704954,0.557174649324548,0.114,0.086,1,"GFPT1","Not significant",0.340823624869147,0.340823624869147
0.45634595177639,-0.341685716910913,0.333,0.346,1,"NDUFB3","Not significant",0.340705797722802,0.340705797722802
0.45643102987872,-0.246828111256795,0.373,0.395,1,"PPP1R12A","Not significant",0.340624838296299,0.340624838296299
0.456501060805689,0.115781434603976,0.292,0.247,1,"TRMT1","Not significant",0.340558208925911,0.340558208925911
0.456819946426932,-0.341171278685976,0.171,0.198,1,"FAM136A","Not significant",0.340254941465303,0.340254941465303
0.456985602179733,0.0333491328218477,0.532,0.444,1,"POLR1D","Not significant",0.340097482626855,0.340097482626855
0.457182542168638,0.141466107176423,0.734,0.642,1,"ATP1B1","Not significant",0.339910361795092,0.339910361795092
0.457613619768074,-0.267474563512766,0.266,0.21,1,"MITF","Not significant",0.339501058292621,0.339501058292621
0.457639888166164,0.0250255948174365,0.998,1,1,"KLF6","Not significant",0.339476129198674,0.339476129198674
0.45779219189955,-0.218055582359883,0.496,0.444,1,"SLC2A3","Not significant",0.339331618921978,0.339331618921978
0.457952207101501,0.182301362738998,0.116,0.086,1,"IFI27L1","Not significant",0.339179843557562,0.339179843557562
0.458071508367622,-0.806418229327924,0.088,0.111,1,"LRP3","Not significant",0.339066720106764,0.339066720106764
0.458078939617743,-0.544277154837309,0.133,0.16,1,"CENPW","Not significant",0.33905967464621,0.33905967464621
0.458089298722051,0.538103435613931,0.114,0.086,1,"PHRF1","Not significant",0.339049853520242,0.339049853520242
0.458459513889905,-0.197200172144393,0.309,0.247,1,"TGFBR2","Not significant",0.338699010420458,0.338699010420458
0.458558577934998,0.0815970734067331,0.216,0.173,1,"HIKESHI","Not significant",0.33860517809874,0.33860517809874
0.458862596701528,0.00857684485876664,0.359,0.284,1,"MRPS15","Not significant",0.338317341538647,0.338317341538647
0.458889702857419,-0.670380045996637,0.565,0.568,1,"FNIP1","Not significant",0.338291687440176,0.338291687440176
0.458938894188888,-0.193417749011621,0.271,0.296,1,"MED13L","Not significant",0.33824513512332,0.33824513512332
0.459173266795383,-0.312563709648854,0.549,0.531,1,"ARPC4","Not significant",0.338023404628405,0.338023404628405
0.459241056157022,0.103550296413077,0.43,0.37,1,"SIGLEC10","Not significant",0.337959292941534,0.337959292941534
0.459267690493763,0.367929924924849,0.183,0.148,1,"SHOC2","Not significant",0.337934106147134,0.337934106147134
0.459406860735102,-0.212831587986875,0.135,0.099,1,"PIGC","Not significant",0.337802523383161,0.337802523383161
0.459516241970451,-0.0670859857809103,0.15,0.111,1,"PYM1","Not significant",0.337699133519481,0.337699133519481
0.459625818520659,-0.439883512181944,0.24,0.198,1,"ERO1A","Not significant",0.337595583712825,0.337595583712825
0.45971706264566,-0.394754564045502,0.195,0.222,1,"ZNF524","Not significant",0.337509376877626,0.337509376877626
0.459734453412436,0.0790122072205655,0.245,0.198,1,"GUCD1","Not significant",0.337492948139588,0.337492948139588
0.459808430013341,0.0676062391067496,0.116,0.086,1,"CDK5RAP2","Not significant",0.337423070746785,0.337423070746785
0.45993944163482,-0.5855450335994,0.306,0.321,1,"VPS26A","Not significant",0.33729934635141,0.33729934635141
0.460024539816654,-0.055982876960972,0.534,0.444,1,"EIF3D","Not significant",0.337219000443003,0.337219000443003
0.460069807388537,0.619721338315997,0.112,0.086,1,"DOHH","Not significant",0.337176266876052,0.337176266876052
0.460099108352316,-0.995180793681424,0.088,0.111,1,"LTB4R","Not significant",0.337148608374074,0.337148608374074
0.460249790967341,-0.314707047951654,0.304,0.333,1,"CD82","Not significant",0.337006400068382,0.337006400068382
0.460324796217552,0.0498576010626199,0.133,0.099,1,"ARHGAP25","Not significant",0.336935630427756,0.336935630427756
0.460338126453109,0.0665624981027273,0.131,0.099,1,"OGFOD3","Not significant",0.336923054168622,0.336923054168622
0.460599339313718,0.269320655454217,0.323,0.272,1,"BIN2","Not significant",0.336676689325787,0.336676689325787
0.460646801280785,0.16441365737371,0.181,0.148,1,"TFAM","Not significant",0.336631940220185,0.336631940220185
0.460654623819114,0.172881196169586,0.306,0.259,1,"BTF3L4","Not significant",0.336624565250086,0.336624565250086
0.460928934505968,-0.19212037032038,0.226,0.259,1,"NDEL1","Not significant",0.336366028473752,0.336366028473752
0.461014415468403,-0.134668121285691,0.173,0.136,1,"SP140L","Not significant",0.336285494435732,0.336285494435732
0.461472521251477,0.230711245786353,0.143,0.111,1,"BMS1","Not significant",0.335854154278702,0.335854154278702
0.462371812854115,0.0185301182697761,0.261,0.21,1,"PPP1R7","Not significant",0.335008649274044,0.335008649274044
0.462412934464892,0.0102508837817399,0.176,0.136,1,"RNF5","Not significant",0.334970026472984,0.334970026472984
0.46242990722343,-0.0879831744336329,0.675,0.728,1,"GYPC","Not significant",0.334954086088209,0.334954086088209
0.462491581168261,0.0939253034466985,0.228,0.185,1,"NUDT22","Not significant",0.334896168406993,0.334896168406993
0.46262348021164,-0.00208578963105532,0.19,0.148,1,"UBE2E3","Not significant",0.334772328617789,0.334772328617789
0.462722163196577,0.167328196720152,0.525,0.494,1,"FAM50A","Not significant",0.334679698417855,0.334679698417855
0.462831712827166,-0.122481480683058,0.233,0.272,1,"PPP4R3B","Not significant",0.334576891219886,0.334576891219886
0.463035911617014,0.0877859817411853,0.556,0.543,1,"TMEM259","Not significant",0.334385325154201,0.334385325154201
0.463074988577156,-0.160729137974963,0.292,0.235,1,"CHMP1A","Not significant",0.334348675314174,0.334348675314174
0.463172550575695,-0.708580783944869,0.235,0.259,1,"DESI1","Not significant",0.334257186514529,0.334257186514529
0.463189322897846,0.325279504486013,0.249,0.21,1,"DUSP4","Not significant",0.334241460204611,0.334241460204611
0.463424395148658,-0.0654358719682611,0.204,0.16,1,"UTP18","Not significant",0.334021108224971,0.334021108224971
0.463914642302025,-0.155291657331682,0.164,0.123,1,"RARS","Not significant",0.333561919848956,0.333561919848956
0.464248020554391,-0.574234913465325,0.185,0.21,1,"KMT2A","Not significant",0.33324993931492,0.33324993931492
0.464764765864854,-0.572514329919644,0.131,0.099,1,"HIBCH","Not significant",0.332766803531842,0.332766803531842
0.464941389647522,0.136154298549517,0.271,0.222,1,"SYS1","Not significant",0.332601790673416,0.332601790673416
0.465029174354618,0.112210283939,0.746,0.691,1,"ATP5F1B","Not significant",0.332519800091184,0.332519800091184
0.465169464879073,0.396617041063834,0.226,0.185,1,"FAM102B","Not significant",0.332388801402246,0.332388801402246
0.465376038069473,-0.0861709465785091,0.394,0.309,1,"METTL7A","Not significant",0.332195982033629,0.332195982033629
0.465387934844375,-0.333479210705387,0.397,0.42,1,"AMZ2","Not significant",0.33218487996298,0.33218487996298
0.465993132269475,-0.238036379177355,0.425,0.432,1,"HADHA","Not significant",0.331620483823838,0.331620483823838
0.466022394796115,0.521317636951534,0.157,0.123,1,"HELZ2","Not significant",0.331593212703387,0.331593212703387
0.466036476933256,0.225503048868273,0.333,0.284,1,"TRPM2","Not significant",0.331580089509908,0.331580089509908
0.466112450353365,0.126395328708599,0.197,0.16,1,"TMX2","Not significant",0.33150929645049,0.33150929645049
0.466438814778341,-0.0571772708809637,0.929,0.877,1,"SQSTM1","Not significant",0.331205316862573,0.331205316862573
0.46647229647766,0.151319472276773,0.273,0.222,1,"CD40","Not significant",0.331174143651985,0.331174143651985
0.46647670319304,-0.879289655734479,0.09,0.111,1,"NR2C1","Not significant",0.33117004093646,0.33117004093646
0.466495718192346,0.0854955997047802,0.257,0.21,1,"RP2","Not significant",0.331152338142499,0.331152338142499
0.466824513328041,-0.147247119162105,0.487,0.494,1,"JAK1","Not significant",0.330846346877778,0.330846346877778
0.467162297636824,-0.0911093228169029,0.216,0.173,1,"DHX29","Not significant",0.330532214245387,0.330532214245387
0.467359897769549,-0.510424343588411,0.387,0.383,1,"TXNDC12","Not significant",0.330348555368227,0.330348555368227
0.467672339987708,-0.821146240896869,0.197,0.222,1,"CASC4","Not significant",0.330058315244237,0.330058315244237
0.467751938133298,-0.243025348227194,0.157,0.185,1,"GPR155","Not significant",0.329984404322121,0.329984404322121
0.467869437368688,-0.112067363444697,0.188,0.148,1,"DHX38","Not significant",0.329875323296052,0.329875323296052
0.468031333156323,-0.0529234668985181,0.268,0.222,1,"NIFK","Not significant",0.329725071367366,0.329725071367366
0.468084760648096,0.0922457623144011,0.173,0.136,1,"ZNHIT3","Not significant",0.329675497890236,0.329675497890236
0.468254940241811,-0.759007602338539,0.124,0.148,1,"DAPK3","Not significant",0.329517631980617,0.329517631980617
0.46843565594445,-0.0314286484966211,0.297,0.235,1,"ARRDC2","Not significant",0.32935005512281,0.32935005512281
0.4686590358914,0.173793741935109,0.423,0.358,1,"SAR1A","Not significant",0.329143005224841,0.329143005224841
0.468974856721021,-0.111559145806728,0.221,0.173,1,"TPMT","Not significant",0.328850440611206,0.328850440611206
0.468998668815732,-0.0488632628656418,0.181,0.136,1,"NCS1","Not significant",0.328828389964667,0.328828389964667
0.469251658940171,0.161291068047741,0.572,0.494,1,"PTTG1IP","Not significant",0.32859418334745,0.32859418334745
0.46931871698499,-0.0884394320982826,0.204,0.16,1,"MTRF1L","Not significant",0.328532125265012,0.328532125265012
0.469327541063086,0.129126684955184,0.185,0.148,1,"NUBP2","Not significant",0.328523959785435,0.328523959785435
0.469570611983541,-0.369741721532004,0.254,0.272,1,"RRN3","Not significant",0.328299091174328,0.328299091174328
0.469873939391253,-0.362960678364093,0.183,0.21,1,"ZBTB38","Not significant",0.328018641575117,0.328018641575117
0.469964134799239,-0.314451937133964,0.24,0.272,1,"MPHOSPH6","Not significant",0.327935283879409,0.327935283879409
0.470236053450174,0.106091360154103,0.316,0.259,1,"TOPORS","Not significant",0.327684076159189,0.327684076159189
0.47080399916194,-0.0658952802658321,0.102,0.074,1,"ZNF12","Not significant",0.327159856774682,0.327159856774682
0.470842649628808,-0.438343026027308,0.097,0.123,1,"EXOC5","Not significant",0.327124205005486,0.327124205005486
0.471100262456427,-0.38578069644093,0.261,0.284,1,"SETX","Not significant",0.326886653810278,0.326886653810278
0.471186696536263,-0.0036842180437382,0.318,0.259,1,"CACUL1","Not significant",0.326806979898486,0.326806979898486
0.471193153077181,-0.0857623231626925,0.164,0.123,1,"NOLC1","Not significant",0.32680102892215,0.32680102892215
0.471246310448446,-0.105891180285436,0.173,0.136,1,"AF117829.1","Not significant",0.326752037015654,0.326752037015654
0.471623501669854,-0.275120809328133,0.257,0.198,1,"KAT8","Not significant",0.326404561526009,0.326404561526009
0.471803584631014,-0.0685435108870451,0.133,0.099,1,"PITPNM1","Not significant",0.326238763790493,0.326238763790493
0.471803801381302,0.193621633404014,0.102,0.074,1,"LRRC8B","Not significant",0.326238564272229,0.326238564272229
0.471816971531599,-0.0460648323900907,0.207,0.16,1,"SAMD4A","Not significant",0.326226441343687,0.326226441343687
0.472280932928039,-0.602830227252662,0.264,0.284,1,"CLPTM1L","Not significant",0.325799587540583,0.325799587540583
0.472317483393062,0.191827673785904,0.145,0.111,1,"IRF2","Not significant",0.325765978199292,0.325765978199292
0.472438310788651,-0.431961745921896,0.249,0.272,1,"SSBP4","Not significant",0.325654891986799,0.325654891986799
0.472519569363987,-0.450061863395642,0.181,0.21,1,"TMEM222","Not significant",0.325580200507519,0.325580200507519
0.472561614950479,-0.175817656973615,0.135,0.099,1,"PARP4","Not significant",0.325541557972853,0.325541557972853
0.472665539235538,0.165377535340637,0.686,0.605,1,"HCST","Not significant",0.325446059777484,0.325446059777484
0.472693056292961,-0.566879645585773,0.124,0.148,1,"CUL2","Not significant",0.325420777294716,0.325420777294716
0.472897642200294,0.00927192810358046,0.271,0.222,1,"PI4KB","Not significant",0.32523285130907,0.32523285130907
0.47315962920324,-0.268511250451187,0.178,0.136,1,"AL121944.1","Not significant",0.324992317218678,0.324992317218678
0.473285970785264,0.440343639098939,0.14,0.111,1,"UPF2","Not significant",0.324876368764304,0.324876368764304
0.473435266069218,0.0195593371747302,0.855,0.79,1,"PPIA","Not significant",0.32473939471955,0.32473939471955
0.473458928864173,-0.351776208863821,0.143,0.173,1,"PLEKHA1","Not significant",0.324717688764793,0.324717688764793
0.47375464622079,-0.051232465560322,0.354,0.296,1,"ZNF326","Not significant",0.324446517777103,0.324446517777103
0.473806912094256,0.0551157053771925,0.102,0.074,1,"ELP6","Not significant",0.324398607896712,0.324398607896712
0.473879868730222,0.201976924542678,0.183,0.148,1,"UAP1","Not significant",0.324331740520018,0.324331740520018
0.474338814888314,-0.30016655147932,0.318,0.247,1,"PTBP3","Not significant",0.323911335811783,0.323911335811783
0.474432063979247,-0.574756857320323,0.088,0.111,1,"RNF44","Not significant",0.323825967327849,0.323825967327849
0.474510073602854,-0.132538060147497,0.204,0.16,1,"IER3IP1","Not significant",0.323754563292129,0.323754563292129
0.474693547806723,0.126171654102131,0.425,0.37,1,"PLXNB2","Not significant",0.3235866713172,0.3235866713172
0.47472162501477,-0.0813413802952899,0.425,0.333,1,"STK17B","Not significant",0.323560984395661,0.323560984395661
0.474744912184953,-0.471855422398721,0.242,0.259,1,"NCBP2","Not significant",0.323539680876021,0.323539680876021
0.475186327852071,-0.394764991899873,0.133,0.16,1,"USP33","Not significant",0.323136063447362,0.323136063447362
0.475217236078052,-0.281224652589239,0.135,0.099,1,"AGPS","Not significant",0.323107815927039,0.323107815927039
0.475256212955811,-0.202235120384035,0.539,0.556,1,"ITGB1","Not significant",0.32307219695639,0.32307219695639
0.475306904998373,-0.0651283463736405,0.257,0.21,1,"ISCA1","Not significant",0.323025876467058,0.323025876467058
0.475432871299532,-0.401143724320313,0.119,0.086,1,"DHRS4","Not significant",0.322910794567294,0.322910794567294
0.475557280574778,-0.212756425624139,0.195,0.148,1,"DGCR6L","Not significant",0.322797165079252,0.322797165079252
0.475720255007202,0.0111650646672707,0.202,0.16,1,"HAT1","Not significant",0.322648356987527,0.322648356987527
0.475764193273922,-0.391374095635317,0.097,0.123,1,"EZH1","Not significant",0.32260824672229,0.32260824672229
0.475892575134586,-0.25510225867323,0.131,0.16,1,"TGIF2","Not significant",0.322491071001269,0.322491071001269
0.475926791120724,0.0622101064149483,0.228,0.185,1,"VEZT","Not significant",0.322459846980188,0.322459846980188
0.475973676378258,-0.122484696986863,0.143,0.173,1,"RAD9A","Not significant",0.322417065178222,0.322417065178222
0.476039390486858,0.303354282491183,0.114,0.086,1,"C19orf48","Not significant",0.322357109541504,0.322357109541504
0.476104259527559,-0.580327273033886,0.126,0.148,1,"TMEM9","Not significant",0.322297933037065,0.322297933037065
0.476174213397809,0.158967364621692,0.2,0.16,1,"TROVE2","Not significant",0.322234126953538,0.322234126953538
0.47638409197174,-0.0117298590542285,0.131,0.099,1,"PPP2R5A","Not significant",0.322042749465169,0.322042749465169
0.476480097192452,0.0904094341724641,0.618,0.568,1,"SF1","Not significant",0.321955235340482,0.321955235340482
0.476499464745371,-0.589593031804118,0.088,0.111,1,"MTMR4","Not significant",0.321937582870907,0.321937582870907
0.476545377387155,0.0327821171897184,0.575,0.519,1,"HSBP1","Not significant",0.32189573886502,0.32189573886502
0.47692588674051,0.0406028571431747,0.2,0.16,1,"TMEM30A","Not significant",0.3215491041473,0.3215491041473
0.476928098660026,-0.316746999666862,0.264,0.284,1,"FGD5-AS1","Not significant",0.321547089951302,0.321547089951302
0.477217378901765,0.106223920826681,0.202,0.16,1,"TRAPPC6A","Not significant",0.32128374894196,0.32128374894196
0.477226319807391,-0.358556933179829,0.152,0.111,1,"ANKS1A","Not significant",0.32127561229444,0.32127561229444
0.477253264350859,0.0473374786096068,0.378,0.321,1,"NSRP1","Not significant",0.321251092405816,0.321251092405816
0.477284431392225,-0.0511022331802384,0.131,0.099,1,"DCAF15","Not significant",0.321222731715301,0.321222731715301
0.477351990113366,-0.21269047121263,0.316,0.333,1,"MPC1","Not significant",0.321161262491659,0.321161262491659
0.477352547616203,-0.903344057749878,0.368,0.383,1,"IL4I1","Not significant",0.321160755276293,0.321160755276293
0.477930341397823,0.0302014207068657,0.159,0.123,1,"RPP30","Not significant",0.320635397427804,0.320635397427804
0.478036431997631,0.349735364212163,0.169,0.136,1,"FHL3","Not significant",0.320539003779929,0.320539003779929
0.478274768144187,0.0306197694632087,0.337,0.284,1,"UBE2F","Not significant",0.320322530156249,0.320322530156249
0.478390539391017,0.157441940356108,0.114,0.148,1,"SLMAP","Not significant",0.320217417503974,0.320217417503974
0.478516244846579,-0.19083530850971,0.475,0.506,1,"ATP2C1","Not significant",0.320103314047068,0.320103314047068
0.478649395642904,0.0783238913309598,0.143,0.111,1,"TPGS2","Not significant",0.319982485103712,0.319982485103712
0.478760663167771,0.00896073348974635,0.145,0.111,1,"ACYP2","Not significant",0.319881540118149,0.319881540118149
0.479201472246705,-0.0481309464353665,0.173,0.136,1,"AKIP1","Not significant",0.319481856337364,0.319481856337364
0.48023896075337,0.159796062401588,0.171,0.136,1,"SGPP1","Not significant",0.318542609473033,0.318542609473033
0.480386085851768,0.115378921098011,0.143,0.111,1,"SELENON","Not significant",0.318409580214408,0.318409580214408
0.480658914941592,-0.550348279607544,0.166,0.198,1,"PSMG3","Not significant",0.318162998272254,0.318162998272254
0.480713813031823,-0.270493869557216,0.097,0.123,1,"PRPF3","Not significant",0.318113398492717,0.318113398492717
0.480857671994395,0.0971966111401303,0.506,0.444,1,"PSMB6","Not significant",0.317983450475213,0.317983450475213
0.480970991301197,-0.381351939505433,0.375,0.395,1,"RALGDS","Not significant",0.31788111634494,0.31788111634494
0.481013418894058,-0.167119006396615,0.724,0.716,1,"PDE4DIP","Not significant",0.317842807887388,0.317842807887388
0.481043420642726,0.148703809770652,0.171,0.136,1,"DCTN5","Not significant",0.317815720935011,0.317815720935011
0.481816862380456,-0.422134291447961,0.164,0.123,1,"GNL2","Not significant",0.317118004855245,0.317118004855245
0.481848588833295,0.344988533799586,0.171,0.136,1,"OTOA","Not significant",0.317089408575517,0.317089408575517
0.481865915507735,-0.252828449275438,0.102,0.074,1,"BDH2","Not significant",0.317073792168239,0.317073792168239
0.481929167787581,-0.00162190127844619,0.128,0.099,1,"CBX6","Not significant",0.317016788108725,0.317016788108725
0.482313672359975,-0.0122932756727314,0.095,0.123,1,"DCLRE1C","Not significant",0.316670426764973,0.316670426764973
0.482376414999578,0.261250786051495,0.1,0.074,1,"EPG5","Not significant",0.316613934462305,0.316613934462305
0.482480201907408,-0.169245995490643,0.779,0.765,1,"CCDC88A","Not significant",0.316520502794327,0.316520502794327
0.482707675746718,0.109093968958376,0.805,0.728,1,"CTSH","Not significant",0.316315795219137,0.316315795219137
0.482748497353167,0.218694582132123,0.114,0.086,1,"RASL10A","Not significant",0.316279069370926,0.316279069370926
0.482839594689273,-1.00271306856728,0.09,0.111,1,"USP18","Not significant",0.316197123309598,0.316197123309598
0.482911251181942,-0.300644026283025,0.506,0.494,1,"DNM2","Not significant",0.316132676005101,0.316132676005101
0.483083021388135,0.110146070211772,0.228,0.185,1,"AKNA","Not significant",0.315978226117333,0.315978226117333
0.48336329410735,0.0853127417696942,0.116,0.086,1,"HACD2","Not significant",0.315726332355945,0.315726332355945
0.483399042399858,0.0921178473755204,0.1,0.074,1,"RBM19","Not significant",0.315694214252881,0.315694214252881
0.483450467674194,-0.475158468138328,0.278,0.296,1,"ZNF451","Not significant",0.315648015309483,0.315648015309483
0.483564415097646,0.115442269587218,0.245,0.198,1,"ARHGAP27","Not significant",0.315545665824809,0.315545665824809
0.483869744981466,0.180291066661566,0.143,0.111,1,"MRPL50","Not significant",0.315271532258769,0.315271532258769
0.483872777723786,0.639213616937382,0.354,0.321,1,"IFIT3","Not significant",0.315268810247028,0.315268810247028
0.483914673653681,0.0950792772822053,0.245,0.198,1,"AC092803.2","Not significant",0.315231208661777,0.315231208661777
0.48419671035511,-0.496583922567087,0.188,0.21,1,"CAMK2D","Not significant",0.31497816549213,0.31497816549213
0.484344487906848,0.160979620974589,0.192,0.16,1,"GIMAP1","Not significant",0.314845638396985,0.314845638396985
0.484661063593293,0.400267601342397,0.195,0.16,1,"NUP98","Not significant",0.314561868962628,0.314561868962628
0.484665767029369,0.203500288641748,0.235,0.198,1,"ZNF106","Not significant",0.314557654333941,0.314557654333941
0.484790690811891,-0.270696065920921,0.42,0.42,1,"EMD","Not significant",0.314445728296893,0.314445728296893
0.484813409954802,-0.530762017936046,0.164,0.185,1,"TMEM88","Not significant",0.314425376076036,0.314425376076036
0.484852182943325,-0.0602385526831324,0.214,0.173,1,"NELFCD","Not significant",0.314390644731344,0.314390644731344
0.485011585410566,0.0496380040062183,0.805,0.716,1,"ATP5MG","Not significant",0.314247887336323,0.314247887336323
0.485593984241347,-0.463825137948457,0.173,0.198,1,"MRPL44","Not significant",0.31372670213661,0.31372670213661
0.485614293684162,-0.539001355366322,0.145,0.173,1,"A1BG","Not significant",0.313708538619788,0.313708538619788
0.485639442207308,0.302276893892005,0.114,0.086,1,"CEP135","Not significant",0.313686048379743,0.313686048379743
0.485842123316591,-0.90215726234009,0.114,0.136,1,"CDC16","Not significant",0.313504833847736,0.313504833847736
0.485863554785337,-0.576557229859795,0.088,0.111,1,"VPS37C","Not significant",0.313485676671182,0.313485676671182
0.486345870351784,-0.420989936387876,0.287,0.296,1,"NCKAP5L","Not significant",0.313054767443576,0.313054767443576
0.486355854580281,-0.377526546814009,0.209,0.235,1,"GPAT4","Not significant",0.313045851873199,0.313045851873199
0.486388626944562,-0.541406987835162,0.29,0.296,1,"PTOV1","Not significant",0.313016588572832,0.313016588572832
0.486431668665256,-0.541583330066344,0.223,0.247,1,"GARS","Not significant",0.312978158490965,0.312978158490965
0.486460275036805,0.0443417761740728,0.266,0.21,1,"THOC7","Not significant",0.312952618985997,0.312952618985997
0.486695488332311,0.132671765777806,0.487,0.42,1,"TRA2A","Not significant",0.312742679648138,0.312742679648138
0.486837739950311,-0.0396807084193367,0.532,0.457,1,"SAP30","Not significant",0.312615762371184,0.312615762371184
0.487099777515263,-0.604434692730872,0.295,0.296,1,"NAPRT","Not significant",0.312382068793896,0.312382068793896
0.487177022509001,0.179684064240555,0.185,0.148,1,"EAPP","Not significant",0.312313203201275,0.312313203201275
0.487249360773934,0.0280798676575897,0.131,0.099,1,"CCSAP","Not significant",0.312248721964133,0.312248721964133
0.487425687046725,-0.573039934659767,0.135,0.16,1,"NET1","Not significant",0.31209158748471,0.31209158748471
0.487501294376208,0.27290073417656,0.1,0.074,1,"UBALD1","Not significant",0.312024226858371,0.312024226858371
0.488019525292973,0.329317934257906,0.513,0.469,1,"WAC","Not significant",0.311562801855159,0.311562801855159
0.488022065477278,0.0465049520869003,0.371,0.309,1,"FGR","Not significant",0.311560541320286,0.311560541320286
0.488126908882371,-0.0398096627735978,0.228,0.185,1,"EXOSC8","Not significant",0.311467250411487,0.311467250411487
0.488252333002345,-0.65513578606675,0.43,0.444,1,"IVNS1ABP","Not significant",0.311355672858083,0.311355672858083
0.488890133740895,0.397881893121405,0.112,0.086,1,"TXNL4B","Not significant",0.310788727115633,0.310788727115633
0.488989433742237,-0.198848723670689,0.454,0.457,1,"STXBP2","Not significant",0.310700525164763,0.310700525164763
0.489186152414458,-0.214924671368106,0.273,0.222,1,"STK38L","Not significant",0.310525845207108,0.310525845207108
0.489423773671754,-0.100475202164864,0.342,0.272,1,"DARS","Not significant",0.310314938695526,0.310314938695526
0.489476932544155,-0.455476144082809,0.314,0.321,1,"TP53INP2","Not significant",0.310267770265012,0.310267770265012
0.489531946972084,0.0163722779000377,0.185,0.148,1,"CLPP","Not significant",0.310218960774109,0.310218960774109
0.489569706792456,0.318653074948747,0.637,0.58,1,"B3GNT5","Not significant",0.310185462961966,0.310185462961966
0.489843655976529,0.175973174227319,0.154,0.123,1,"TBC1D17","Not significant",0.30994251217818,0.30994251217818
0.490031637752033,-0.563710178469881,0.185,0.21,1,"ERF","Not significant",0.309775879853998,0.309775879853998
0.490050925387355,0.0945348107356287,0.777,0.765,1,"GSTP1","Not significant",0.309758786368397,0.309758786368397
0.490098102900153,-0.185663317606314,0.211,0.16,1,"CHFR","Not significant",0.309716978576107,0.309716978576107
0.490260513185654,0.190927810807554,0.513,0.469,1,"CHST11","Not significant",0.309573084514719,0.309573084514719
0.490308298492794,-0.526411792378393,0.188,0.21,1,"EPM2AIP1","Not significant",0.309530756235508,0.309530756235508
0.490536569632812,-0.1381992379723,0.732,0.679,1,"CSNK1A1","Not significant",0.309328610307035,0.309328610307035
0.491449436466146,-0.00628144783939977,0.114,0.086,1,"SHB","Not significant",0.308521158591492,0.308521158591492
0.491490146616382,0.0250518545561857,0.221,0.173,1,"CYB5R1","Not significant",0.308485184470764,0.308485184470764
0.491645758018448,-0.535503385372489,0.214,0.235,1,"DHRS4L2","Not significant",0.308347703633203,0.308347703633203
0.491789742062199,0.0579179422008327,0.145,0.111,1,"RNF4","Not significant",0.308220534182588,0.308220534182588
0.491789742062199,0.0176644053426926,0.145,0.111,1,"SMIM29","Not significant",0.308220534182588,0.308220534182588
0.492161166512564,-0.590547142328509,0.088,0.111,1,"PER3","Not significant",0.307892656855593,0.307892656855593
0.492384274521509,0.229905058235738,0.28,0.235,1,"HMG20B","Not significant",0.307695825760199,0.307695825760199
0.492523776973075,-0.0212013678346266,0.67,0.642,1,"TGIF1","Not significant",0.307572798752266,0.307572798752266
0.493471293499981,0.167565449201491,0.209,0.173,1,"SERPINB8","Not significant",0.306738106291542,0.306738106291542
0.49353398978256,-0.837885559451701,0.138,0.16,1,"TSTD1","Not significant",0.306682932018298,0.306682932018298
0.493708838179401,-0.0463619480226143,0.589,0.593,1,"SET","Not significant",0.306529098143671,0.306529098143671
0.493786360057659,0.0943304093722848,0.112,0.086,1,"ABCF3","Not significant",0.306460910826743,0.306460910826743
0.493929651301766,0.336440670330424,0.297,0.259,1,"FAM162A","Not significant",0.306334901738419,0.306334901738419
0.494139531978165,0.633313738092956,0.109,0.086,1,"GAMT","Not significant",0.306150400445329,0.306150400445329
0.494191087041741,-0.575095668353115,0.233,0.247,1,"CAND1","Not significant",0.306105091559386,0.306105091559386
0.494338499765059,-0.183928383270273,0.684,0.679,1,"TAOK3","Not significant",0.305975564768021,0.305975564768021
0.494674653056833,-0.0371940541562501,0.23,0.185,1,"PHF3","Not significant",0.305680342151626,0.305680342151626
0.49497594884634,0.377713738628105,0.126,0.099,1,"PTTG1","Not significant",0.305415903161552,0.305415903161552
0.495085033275508,-0.39151372422674,0.171,0.198,1,"ZC3H7A","Not significant",0.305320202458875,0.305320202458875
0.495250697344296,-0.533653599092035,0.114,0.136,1,"NPHS1","Not significant",0.305174904274895,0.305174904274895
0.495656802579568,0.212254831021274,0.287,0.235,1,"CUEDC2","Not significant",0.304818929024654,0.304818929024654
0.495899051711095,-0.635933036243897,0.15,0.173,1,"ZRSR2","Not significant",0.304606722192924,0.304606722192924
0.495979591895744,-0.0120818267269267,0.442,0.358,1,"SH3KBP1","Not significant",0.304536193085221,0.304536193085221
0.496138643332574,0.181018309336476,0.418,0.37,1,"ATP5F1A","Not significant",0.30439694524259,0.30439694524259
0.496244279269627,-0.713831848126525,0.105,0.123,1,"RABEP2","Not significant",0.304304486769793,0.304304486769793
0.496651656054853,0.251295072106237,0.154,0.123,1,"BRD9","Not significant",0.303948112061201,0.303948112061201
0.496853054084945,-0.0723712903069862,0.23,0.185,1,"MMD","Not significant",0.30377203628936,0.30377203628936
0.497079378984846,-0.374360584591636,0.382,0.407,1,"TUT7","Not significant",0.303574252911793,0.303574252911793
0.497125174802594,-0.248672694504276,0.264,0.284,1,"STK24","Not significant",0.303534243296306,0.303534243296306
0.497296510873896,-0.0974085125859263,0.114,0.086,1,"RRNAD1","Not significant",0.303384587849073,0.303384587849073
0.497520684970551,-0.0245786967270374,0.736,0.765,1,"HSPA9","Not significant",0.303188858271383,0.303188858271383
0.497722157347244,0.460063917777868,0.112,0.086,1,"TIMM10B","Not significant",0.303013025120059,0.303013025120059
0.498146854109286,-0.174967733036886,0.276,0.222,1,"XPO1","Not significant",0.302642607988294,0.302642607988294
0.498195389338951,-0.391481001247991,0.211,0.235,1,"TOB2","Not significant",0.302600296056673,0.302600296056673
0.498218189923858,0.111435556886188,0.207,0.173,1,"MRPS36","Not significant",0.302580420437919,0.302580420437919
0.498226049001208,-0.223055265825299,0.658,0.642,1,"ATP6AP2","Not significant",0.302573569770732,0.302573569770732
0.498236615502434,-0.0967066125521221,0.176,0.136,1,"ZNF581","Not significant",0.302564359243655,0.302564359243655
0.498260976476857,0.267155635649807,0.235,0.198,1,"PRELID3B","Not significant",0.302543125199835,0.302543125199835
0.498358530669191,-0.970726723581528,0.093,0.111,1,"VPS72","Not significant",0.302458103288767,0.302458103288767
0.49849449671314,0.119650190192792,0.128,0.099,1,"MRPS18A","Not significant",0.302339631856455,0.302339631856455
0.498506865616041,-0.201179824925414,0.337,0.272,1,"DUSP23","Not significant",0.302328856051164,0.302328856051164
0.498644448205826,-0.350379490515391,0.228,0.173,1,"VEZF1","Not significant",0.302209011933024,0.302209011933024
0.498743090100074,0.104831436787384,0.209,0.173,1,"CDC27","Not significant",0.302123108251956,0.302123108251956
0.49880949190005,0.109082609632601,0.14,0.111,1,"CYB5D2","Not significant",0.302065290877953,0.302065290877953
0.498826993157023,-0.229163075274915,0.143,0.111,1,"PSTPIP2","Not significant",0.302050053465439,0.302050053465439
0.498971817620573,-0.0389888130801632,0.385,0.321,1,"PRMT2","Not significant",0.301923983028941,0.301923983028941
0.499030270306324,-0.220683851967422,0.228,0.185,1,"PDCD10","Not significant",0.301873110031358,0.301873110031358
0.499030496938982,-0.332974867357772,0.221,0.247,1,"SLC12A9","Not significant",0.301872912798252,0.301872912798252
0.499037369141771,0.0822523813983227,0.634,0.556,1,"PAPOLA","Not significant",0.301866932123288,0.301866932123288
0.499227093873117,-0.35245230195819,0.119,0.086,1,"MTREX","Not significant",0.301701852812245,0.301701852812245
0.49948241113236,-0.718930942784048,0.126,0.148,1,"SLC4A1AP","Not significant",0.301479800496364,0.301479800496364
0.499533999284204,-0.698673730187112,0.105,0.074,1,"REPS1","Not significant",0.30143494748001,0.30143494748001
0.499626182563469,0.0797404162049551,0.211,0.173,1,"SCNM1","Not significant",0.301354810800528,0.301354810800528
0.499646231824547,0.301809955379196,0.126,0.099,1,"CARD11","Not significant",0.301337383553807,0.301337383553807
0.499679099945493,-0.35120751736792,0.613,0.605,1,"LY96","Not significant",0.301308815392651,0.301308815392651
0.499826987847333,0.167029243102759,0.425,0.383,1,"ABHD17A","Not significant",0.301180298116043,0.301180298116043
0.500254797706162,0.070276011704649,0.209,0.173,1,"FAM213A","Not significant",0.300808737559676,0.300808737559676
0.50086813402437,0.247462576885693,0.195,0.16,1,"ARHGAP15","Not significant",0.300276597892444,0.300276597892444
0.501581167915424,-0.701755482728663,0.105,0.074,1,"TMEM192","Not significant",0.299658777647731,0.299658777647731
0.501894156174587,-0.621307309804208,0.114,0.136,1,"COG4","Not significant",0.299387861014308,0.299387861014308
0.502606319503305,0.136932583917278,0.432,0.383,1,"SNRPD1","Not significant",0.298772055122354,0.298772055122354
0.503053874201803,-0.525048783771101,0.335,0.333,1,"HOOK3","Not significant",0.298385501990478,0.298385501990478
0.503096340925195,-0.563541133020006,0.102,0.123,1,"FAM45A","Not significant",0.298348841334112,0.298348841334112
0.503099432759656,0.226732279700991,0.181,0.148,1,"PUM2","Not significant",0.298346172337321,0.298346172337321
0.503370978316508,-0.125583842804948,0.102,0.074,1,"RSPRY1","Not significant",0.29811182716733,0.29811182716733
0.503477374466759,0.101093314498523,0.242,0.198,1,"AAMP","Not significant",0.298020041227582,0.298020041227582
0.503619091168087,-0.0614455606042089,0.656,0.531,1,"RAB5C","Not significant",0.297897815037963,0.297897815037963
0.503756489719122,-0.0930799871670239,0.366,0.296,1,"LSM8","Not significant",0.297779345950488,0.297779345950488
0.504061564157278,0.148858106095007,0.618,0.531,1,"MEF2A","Not significant",0.297516417243073,0.297516417243073
0.504460943083359,-0.389059442492658,0.233,0.259,1,"SESTD1","Not significant",0.29717245253905,0.29717245253905
0.504904752887901,-0.451953317087156,0.43,0.407,1,"DDX6","Not significant",0.296790541082543,0.296790541082543
0.504960609335236,-0.172359913491975,0.333,0.346,1,"CSK","Not significant",0.296742498743854,0.296742498743854
0.50500288175726,-0.468177793842881,0.1,0.123,1,"GALNT10","Not significant",0.296706143608655,0.296706143608655
0.505168315271942,0.265862863716101,0.501,0.432,1,"WDR1","Not significant",0.296563896703572,0.296563896703572
0.505464814359449,-0.102211083729095,0.418,0.346,1,"MAPK1IP1L","Not significant",0.296309070461462,0.296309070461462
0.505891098933688,-0.0449653613990155,0.314,0.272,1,"DAP3","Not significant",0.295942961860439,0.295942961860439
0.506223726130951,0.0192298791935515,0.126,0.099,1,"HAUS6","Not significant",0.295657503811756,0.295657503811756
0.506310658912324,-0.871512216806449,0.195,0.21,1,"DEF8","Not significant",0.295582929697736,0.295582929697736
0.506546583419929,-0.517706183931685,0.188,0.21,1,"MIR4435-2HG","Not significant",0.295380609549605,0.295380609549605
0.50675638884084,-0.0177045989452438,0.803,0.778,1,"UQCRB","Not significant",0.295200767310174,0.295200767310174
0.506807550768821,-0.00490899428174885,0.211,0.173,1,"ZCCHC10","Not significant",0.295156923321342,0.295156923321342
0.506908130248277,0.197549736515851,0.679,0.642,1,"PTP4A2","Not significant",0.295070743115429,0.295070743115429
0.506982965686512,0.0469996937028148,0.487,0.519,1,"ZBTB7A","Not significant",0.295006632447004,0.295006632447004
0.507086228137645,0.0156591258165435,0.865,0.827,1,"HNRNPA1","Not significant",0.294918184216561,0.294918184216561
0.507104504260127,-0.489594638855233,0.102,0.123,1,"SREBF2","Not significant",0.294902531896161,0.294902531896161
0.50778697106525,0.521779413381385,0.138,0.111,1,"MAD2L2","Not significant",0.294318446564027,0.294318446564027
0.507814181303279,-0.1386833561462,0.221,0.173,1,"RABEP1","Not significant",0.29429517511302,0.29429517511302
0.508291465884389,-0.0189171626140947,0.1,0.074,1,"PALLD","Not significant",0.293887181956615,0.293887181956615
0.508364162172881,0.146069153103815,0.169,0.136,1,"SIDT2","Not significant",0.293825073222587,0.293825073222587
0.508518739133168,-0.010251107537911,0.233,0.185,1,"CDK16","Not significant",0.29369303850883,0.29369303850883
0.508634590827873,-0.327732396044409,0.143,0.111,1,"HDDC2","Not significant",0.293594107992722,0.293594107992722
0.509101168776043,0.16333675677168,0.337,0.296,1,"CDK5RAP3","Not significant",0.29319590592396,0.29319590592396
0.509136382368862,-0.737069208101166,0.128,0.148,1,"MAPK14","Not significant",0.293165867611115,0.293165867611115
0.50917006381565,-0.119744719173346,0.437,0.469,1,"PSMC1","Not significant",0.29313713821135,0.29313713821135
0.509246446648464,0.221235973068667,0.318,0.284,1,"PPID","Not significant",0.293071992678998,0.293071992678998
0.509252298530876,-0.595062213022024,0.183,0.21,1,"EID3","Not significant",0.29306700211764,0.29306700211764
0.509262725591431,-0.0213423400636374,0.173,0.136,1,"PIP5K1C","Not significant",0.29305810992704,0.29305810992704
0.509324368727843,0.0509044124084002,0.257,0.21,1,"RIF1","Not significant",0.293005544419047,0.293005544419047
0.509753593874825,-0.09967051560889,0.157,0.123,1,"ESYT1","Not significant",0.292639703667521,0.292639703667521
0.509776121229773,-0.250026744620898,0.684,0.63,1,"OST4","Not significant",0.292620511473704,0.292620511473704
0.510121599586931,-0.598531305328341,0.102,0.123,1,"MED11","Not significant",0.292326287167075,0.292326287167075
0.51042858883351,-0.171719946452003,0.133,0.16,1,"ZNF33A","Not significant",0.29206500900295,0.29206500900295
0.51043450856475,-0.192807635353652,0.793,0.691,1,"ATP6V1G1","Not significant",0.292059972271544,0.292059972271544
0.510594919724852,-0.453772116088178,0.226,0.247,1,"EFCAB14","Not significant",0.291923510617628,0.291923510617628
0.510849629016236,0.112149815857029,0.299,0.259,1,"RABL6","Not significant",0.291706917671555,0.291706917671555
0.510949672299709,0.0691575389565382,0.126,0.099,1,"BET1L","Not significant",0.291621875049102,0.291621875049102
0.511449684985638,-0.36585278346018,0.34,0.346,1,"DNAJB11","Not significant",0.291197084547923,0.291197084547923
0.511576462885605,0.531494261586126,0.164,0.136,1,"GRAMD1B","Not significant",0.291089445182537,0.291089445182537
0.511576462885605,0.348125039426028,0.164,0.136,1,"PPM1A","Not significant",0.291089445182537,0.291089445182537
0.512043086650267,-0.265931956129341,0.499,0.481,1,"RAD23A","Not significant",0.290693493111776,0.290693493111776
0.51210333038116,0.132987262828393,0.247,0.21,1,"MAPKAP1","Not significant",0.290642399792518,0.290642399792518
0.512504606057625,-0.180668680937146,0.1,0.074,1,"RAB3GAP2","Not significant",0.290302227098704,0.290302227098704
0.512512697284837,0.0153332021833816,0.086,0.111,1,"SH3D21","Not significant",0.29029537067722,0.29029537067722
0.51255985722592,-0.137158185426117,0.359,0.296,1,"DNAJB12","Not significant",0.290255409989358,0.290255409989358
0.512701000673572,-0.164882388994538,0.223,0.173,1,"SLC27A1","Not significant",0.290135834916561,0.290135834916561
0.512845183423862,-0.253064146789631,0.309,0.333,1,"IK","Not significant",0.290013718966601,0.290013718966601
0.51284645389558,0.355162567599214,0.126,0.099,1,"CDKN1B","Not significant",0.290012643089922,0.290012643089922
0.513267856851431,-0.361760797993901,0.563,0.556,1,"CNDP2","Not significant",0.289655932367236,0.289655932367236
0.513333441912934,0.118659891832373,0.423,0.383,1,"TMEM160","Not significant",0.289600442021804,0.289600442021804
0.513535701406427,0.212854272808998,0.394,0.358,1,"NDUFV1","Not significant",0.289429358522715,0.289429358522715
0.513651561677522,-0.891029615298056,0.133,0.148,1,"EP400","Not significant",0.289331387143143,0.289331387143143
0.51365956252881,-0.287787479352737,0.133,0.099,1,"NADSYN1","Not significant",0.289324622443563,0.289324622443563
0.513796265325629,0.030286368536605,0.126,0.099,1,"TDRD3","Not significant",0.289209056851233,0.289209056851233
0.514022681320885,-0.0190910113283915,0.278,0.222,1,"TSR3","Not significant",0.289017717278703,0.289017717278703
0.514100172981298,-0.256878356073213,0.112,0.136,1,"ITPKC","Not significant",0.288952250004177,0.288952250004177
0.514935089165654,-0.203646878957857,0.219,0.173,1,"KPNA6","Not significant",0.288247513082863,0.288247513082863
0.515027997604745,-0.069013546634054,0.185,0.148,1,"DHRSX","Not significant",0.288169161493283,0.288169161493283
0.51525299654465,0.018721023292432,0.228,0.185,1,"FOXO1","Not significant",0.287979473825272,0.287979473825272
0.51544609071401,-0.483177954041079,0.176,0.136,1,"SYTL3","Not significant",0.28781674983675,0.28781674983675
0.515697661531138,-0.376983538378608,0.238,0.259,1,"CAMK1","Not significant",0.287604837928995,0.287604837928995
0.516045642973162,-0.228268842798215,0.112,0.136,1,"SLC30A7","Not significant",0.287311884390752,0.287311884390752
0.516168669663115,-0.365371975437368,0.181,0.21,1,"SBF2","Not significant",0.287208359740547,0.287208359740547
0.51625462678718,-0.548864835878527,0.24,0.259,1,"PSENEN","Not significant",0.287136043075713,0.287136043075713
0.516721464089354,-0.0955139549821977,0.173,0.136,1,"TRIM11","Not significant",0.286743497924136,0.286743497924136
0.517505375632073,0.180155339603628,0.164,0.136,1,"TNPO3","Not significant",0.286085134575933,0.286085134575933
0.517649012076892,0.141703939064154,0.112,0.086,1,"MLLT1","Not significant",0.285964610494643,0.285964610494643
0.517764279121149,-0.400004766870319,0.397,0.395,1,"ACIN1","Not significant",0.285867915113392,0.285867915113392
0.51804975320655,-0.134044581265842,0.356,0.37,1,"MAP2K1","Not significant",0.285628528854303,0.285628528854303
0.518716347797361,-0.058189001972765,0.627,0.617,1,"RAP2B","Not significant",0.28507006462198,0.28507006462198
0.518948419271233,-0.115018538789367,0.58,0.568,1,"NDUFB8","Not significant",0.284875806581448,0.284875806581448
0.519143633356423,-0.551755546659037,0.138,0.16,1,"RRM2B","Not significant",0.284712467693007,0.284712467693007
0.519205369911377,-0.47539143415386,0.306,0.333,1,"POLR2K","Not significant",0.284660824468821,0.284660824468821
0.519391895432964,0.181398785445873,0.416,0.358,1,"SRI","Not significant",0.284504831364789,0.284504831364789
0.519393744995676,-0.0675469470181547,0.116,0.086,1,"CHMP6","Not significant",0.284503284838059,0.284503284838059
0.519625487406042,-0.957200124492108,0.143,0.16,1,"VPS26B","Not significant",0.284309555119542,0.284309555119542
0.519664161620185,-0.157754923865182,0.112,0.086,1,"PRR7","Not significant",0.28427723304683,0.28427723304683
0.519666552250266,-0.427080744653541,0.162,0.185,1,"HERPUD2","Not significant",0.28427523515061,0.28427523515061
0.519683048586314,-0.259804061029735,0.271,0.296,1,"TMOD3","Not significant",0.284261449091112,0.284261449091112
0.51975410780734,0.0966320663892035,0.444,0.469,1,"DDIT4","Not significant",0.284202069594357,0.284202069594357
0.519848929032836,-0.341865925256101,0.542,0.531,1,"SNRNP70","Not significant",0.28412284640309,0.28412284640309
0.520208348621463,0.437565248448677,0.454,0.432,1,"SRGAP2","Not significant",0.283822682260987,0.283822682260987
0.520315713829494,-0.190603294761305,0.62,0.543,1,"CYBB","Not significant",0.283733057966375,0.283733057966375
0.52045303771159,-0.852311805087646,0.093,0.111,1,"PRR14L","Not significant",0.283618452287668,0.283618452287668
0.520530503825345,0.276926634242835,0.195,0.16,1,"QDPR","Not significant",0.283553815135479,0.283553815135479
0.520638663193228,-0.23070234469845,0.356,0.383,1,"KRT10","Not significant",0.283463583848778,0.283463583848778
0.520660420241973,-0.286421163350187,0.126,0.148,1,"FOXN2","Not significant",0.283445435429435,0.283445435429435
0.520687390734516,0.0154127391185228,0.268,0.222,1,"SH3BP1","Not significant",0.283422939322054,0.283422939322054
0.52081680917174,0.303641426913117,0.124,0.099,1,"SNAPC5","Not significant",0.283315007518347,0.283315007518347
0.520868482197594,-0.0447967056905383,0.316,0.346,1,"PAFAH1B2","Not significant",0.283271920973503,0.283271920973503
0.520998841409724,-0.376401072222832,0.551,0.506,1,"TBCA","Not significant",0.283163242477679,0.283163242477679
0.521050502248424,-0.0524819229952218,0.114,0.086,1,"RICTOR","Not significant",0.283120181144101,0.283120181144101
0.521067695968973,-0.557568610967798,0.223,0.235,1,"BCAP29","Not significant",0.28310585045115,0.28310585045115
0.52109189616459,-0.328557361485084,0.278,0.296,1,"SPG21","Not significant",0.283085680773687,0.283085680773687
0.521359626013677,0.081736468337831,0.166,0.136,1,"MSL1","Not significant",0.282862603544324,0.282862603544324
0.521378843879266,-0.202758624723516,0.221,0.173,1,"DOK1","Not significant",0.282846595286797,0.282846595286797
0.521386214741855,0.170243728424926,0.14,0.111,1,"DOCK5","Not significant",0.282840455600924,0.282840455600924
0.521417446254774,-0.011524182636633,0.257,0.21,1,"MZT2A","Not significant",0.282814441741875,0.282814441741875
0.521683350952786,0.216068851490246,0.112,0.086,1,"OSBPL3","Not significant",0.282593023167814,0.282593023167814
0.521683350952786,0.244693933166964,0.112,0.086,1,"PSTPIP1","Not significant",0.282593023167814,0.282593023167814
0.521831530768715,-0.314046661249506,0.138,0.16,1,"GPRC5C","Not significant",0.282469682949198,0.282469682949198
0.522064296885833,-0.429672618803924,0.397,0.395,1,"MTHFD2","Not significant",0.282276006455365,0.282276006455365
0.522385296778714,0.60463875905555,0.126,0.099,1,"MCM3AP","Not significant",0.282009055350391,0.282009055350391
0.522561595125262,-0.0548169598025479,0.173,0.136,1,"PPM1M","Not significant",0.281862511252516,0.281862511252516
0.522690511240087,-0.160644089905419,0.553,0.543,1,"ERP44","Not significant",0.281755383876757,0.281755383876757
0.522941414303222,-0.652220269895341,0.128,0.148,1,"SF3B3","Not significant",0.281546962891816,0.281546962891816
0.52307680581936,-0.867211835764424,0.114,0.136,1,"CXorf40B","Not significant",0.281434536955915,0.281434536955915
0.523134661559454,0.0108914026283724,0.185,0.148,1,"CDC123","Not significant",0.281386503781976,0.281386503781976
0.523154044170233,-0.420573946630403,0.276,0.296,1,"BTK","Not significant",0.281370413078022,0.281370413078022
0.523229378597705,-0.75925167008883,0.116,0.136,1,"PMM1","Not significant",0.281307878971511,0.281307878971511
0.523355530428233,-0.21016799119324,0.297,0.321,1,"CD46","Not significant",0.281203182174007,0.281203182174007
0.52339039461887,-0.0120578915038698,0.347,0.284,1,"ARID3A","Not significant",0.281174251895412,0.281174251895412
0.524183927592963,-0.240231697198748,0.1,0.074,1,"TRIM27","Not significant",0.280516299422798,0.280516299422798
0.524303941422678,0.0805108638695864,0.126,0.099,1,"RBBP5","Not significant",0.280416877491911,0.280416877491911
0.524303941422678,-0.0279941703284319,0.126,0.099,1,"AIFM1","Not significant",0.280416877491911,0.280416877491911
0.524324562726405,0.385115204110253,0.109,0.086,1,"FAM118A","Not significant",0.280399796669896,0.280399796669896
0.524380585620716,0.239643117514039,0.178,0.148,1,"GTF2F2","Not significant",0.280353395765084,0.280353395765084
0.525002147731158,-0.431178074486523,0.247,0.259,1,"CRYL1","Not significant",0.279838919935219,0.279838919935219
0.525137813731591,-0.0164906620572185,0.42,0.346,1,"EPSTI1","Not significant",0.279726708234189,0.279726708234189
0.525264616074672,-0.775300523293813,0.119,0.136,1,"ABL1","Not significant",0.279621854024798,0.279621854024798
0.525533742642004,-0.00692862004725736,0.342,0.296,1,"TMED7","Not significant",0.279399394245123,0.279399394245123
0.525773710254982,-0.629124165354,0.23,0.247,1,"CNIH4","Not significant",0.27920113328602,0.27920113328602
0.525835891635095,-0.303929020279644,0.392,0.395,1,"SPTAN1","Not significant",0.279149773864723,0.279149773864723
0.525864235605344,-0.0238325158159627,0.796,0.716,1,"CD53","Not significant",0.279126364853811,0.279126364853811
0.525864394379289,0.114615950254747,0.553,0.481,1,"TMBIM4","Not significant",0.279126233727499,0.279126233727499
0.526096431828964,0.200046809755253,0.482,0.42,1,"DDT","Not significant",0.278934643730775,0.278934643730775
0.526565127967957,-0.33952426804475,0.511,0.481,1,"ATP5ME","Not significant",0.278547905641196,0.278547905641196
0.526616585867795,0.371780633091331,0.124,0.099,1,"C15orf61","Not significant",0.278505466845166,0.278505466845166
0.52690221823923,0.287124891242172,0.321,0.284,1,"COQ10B","Not significant",0.278269973059345,0.278269973059345
0.527212416608287,-0.00372860362832528,0.185,0.148,1,"EMC8","Not significant",0.278014370035894,0.278014370035894
0.527424321348834,-0.0668906052116165,0.67,0.679,1,"PER1","Not significant",0.277839847269077,0.277839847269077
0.527560624173087,-0.267741153848801,0.183,0.21,1,"FCHSD2","Not significant",0.277727626587595,0.277727626587595
0.527852893573809,-0.0982340508959971,0.817,0.827,1,"TIMP2","Not significant",0.277487093395489,0.277487093395489
0.527878947806394,0.0470180016479582,0.257,0.21,1,"POLR2F","Not significant",0.277465657631215,0.277465657631215
0.527943578421685,0.174816496925542,0.2,0.16,1,"SNX14","Not significant",0.277412488241624,0.277412488241624
0.527968903473435,-0.419236249771546,0.28,0.284,1,"ALYREF","Not significant",0.277391655965428,0.277391655965428
0.528087704992674,0.0829100504661556,0.411,0.358,1,"PIK3IP1","Not significant",0.277293943694984,0.277293943694984
0.528330457535504,-0.137618009708065,0.561,0.556,1,"PARP14","Not significant",0.277094352102537,0.277094352102537
0.528531139065939,0.0370928044985155,0.34,0.284,1,"UBE2H","Not significant",0.276929420606085,0.276929420606085
0.52875877020194,-0.31988205779913,0.375,0.395,1,"USP9X","Not significant",0.276742416177242,0.276742416177242
0.528950661967037,-0.337244030309703,0.577,0.556,1,"PTBP1","Not significant",0.27658483502483,0.27658483502483
0.529352154296769,-0.0353293429140654,0.66,0.654,1,"ATP5F1D","Not significant",0.276255315138812,0.276255315138812
0.529480756268038,-0.116214352932368,0.228,0.185,1,"TCEAL8","Not significant",0.276149819500735,0.276149819500735
0.529484173816489,-0.183978745006917,0.684,0.667,1,"COX6C","Not significant",0.276147016343818,0.276147016343818
0.529686131012465,-0.22346550883168,0.347,0.395,1,"AC004687.1","Not significant",0.2759813982247,0.2759813982247
0.529800275145233,-0.264150359756569,0.112,0.086,1,"APAF1","Not significant",0.275887820493251,0.275887820493251
0.530106524060109,-0.999415254818584,0.107,0.123,1,"TECPR1","Not significant",0.275636850846447,0.275636850846447
0.53044253327613,-0.128356471251572,0.475,0.383,1,"NCOA4","Not significant",0.27536165951558,0.27536165951558
0.530592333956057,-0.299489807977162,0.128,0.099,1,"HSPA1L","Not significant",0.275239029032607,0.275239029032607
0.530702881840183,-0.200235928616705,0.159,0.123,1,"UCK1","Not significant",0.275148554044082,0.275148554044082
0.531162469049601,-0.00978633645639626,0.359,0.309,1,"IFI44","Not significant",0.274772618994879,0.274772618994879
0.531290242065596,0.16863356109045,0.219,0.185,1,"PPP3CA","Not significant",0.274668160480217,0.274668160480217
0.531294920546314,0.0098419787431494,0.143,0.111,1,"WASHC2A","Not significant",0.274664336149837,0.274664336149837
0.531591203246503,0.178590820603842,0.166,0.136,1,"KIAA1191","Not significant",0.274422214360442,0.274422214360442
0.531686612363385,-0.158736384173349,0.1,0.074,1,"DHX16","Not significant",0.274344274893469,0.274344274893469
0.532209205030321,-0.592022909884001,0.247,0.259,1,"PARP10","Not significant",0.273917618211345,0.273917618211345
0.532216115797568,-0.208413426754716,0.152,0.123,1,"ALDOA","Not significant",0.273911978909043,0.273911978909043
0.532349913493027,-0.892179642199404,0.105,0.123,1,"ZNF496","Not significant",0.273802812169665,0.273802812169665
0.532705512486826,0.0904699625497614,0.321,0.272,1,"ASH1L","Not significant",0.273512809071706,0.273512809071706
0.5327628502199,-0.294266884134826,0.1,0.074,1,"MFSD13A","Not significant",0.273466066320866,0.273466066320866
0.533205181498759,-0.0643815943082051,0.406,0.346,1,"CHD9","Not significant",0.273105638917996,0.273105638917996
0.533284447795417,0.120499510117934,0.677,0.642,1,"FAM49B","Not significant",0.273041081487043,0.273041081487043
0.533319946663983,0.313702419819913,0.195,0.16,1,"REPIN1","Not significant",0.273012172994226,0.273012172994226
0.533541407243121,-0.0901924264218741,0.242,0.272,1,"NPIPB5","Not significant",0.272831870073874,0.272831870073874
0.533656605406075,0.0176198498066795,0.257,0.21,1,"PMPCB","Not significant",0.272738110666346,0.272738110666346
0.533731965224534,0.0493609839682178,0.468,0.42,1,"IFI16","Not significant",0.272676786507049,0.272676786507049
0.534168303598785,-0.0827932383054337,0.181,0.148,1,"MDFIC","Not significant",0.272321885652994,0.272321885652994
0.534247083384157,-0.183048029659421,0.359,0.284,1,"YIPF3","Not significant",0.272257840101888,0.272257840101888
0.534424268919562,0.272380976178889,0.385,0.346,1,"ILK","Not significant",0.272113828192448,0.272113828192448
0.534730079931689,-0.230816516121246,0.145,0.111,1,"TNFRSF11A","Not significant",0.271865385039527,0.271865385039527
0.534937281137093,0.0356968092736411,0.61,0.556,1,"DNAJC7","Not significant",0.271697133965312,0.271697133965312
0.53500829867694,-0.13877571809805,0.774,0.728,1,"DYNLL1","Not significant",0.271639481452322,0.271639481452322
0.535385073109624,-0.180644328024669,0.169,0.136,1,"HSBP1L1","Not significant",0.271333741398044,0.271333741398044
0.53601291613177,0.0883866377660869,0.178,0.148,1,"TP53I11","Not significant",0.270824745125942,0.270824745125942
0.536086338782287,-0.4468397647362,0.245,0.259,1,"FAM89B","Not significant",0.270765259864908,0.270765259864908
0.536418340409199,-0.0902908569103367,0.515,0.432,1,"CBX3","Not significant",0.270496381822782,0.270496381822782
0.536810787682367,-0.149050983884223,0.157,0.123,1,"ADIPOR2","Not significant",0.270178765223846,0.270178765223846
0.536862543417361,-0.851886367296853,0.119,0.136,1,"LYPLAL1","Not significant",0.270136895449342,0.270136895449342
0.536862543417361,-0.814418129120954,0.119,0.136,1,"PITPNC1","Not significant",0.270136895449342,0.270136895449342
0.537033372628628,0.00423133119507524,0.14,0.111,1,"SECISBP2L","Not significant",0.269998725290915,0.269998725290915
0.537049117384147,-0.125587742531663,0.39,0.407,1,"OTUD4","Not significant",0.269985992822962,0.269985992822962
0.537375549345713,-0.0451662630541821,0.477,0.407,1,"SPATS2L","Not significant",0.269722097906218,0.269722097906218
0.5379904208845,-0.481145369377879,0.204,0.222,1,"HUWE1","Not significant",0.269225457036287,0.269225457036287
0.538440408624424,-0.0666496438125223,0.701,0.667,1,"CAP1","Not significant",0.268862354831482,0.268862354831482
0.538494286271165,-0.881394936828061,0.105,0.123,1,"C18orf32","Not significant",0.26881890045155,0.26881890045155
0.538822210891698,0.241784572576588,0.204,0.173,1,"SLC35E1","Not significant",0.268554510445547,0.268554510445547
0.53896916512614,-0.31134916440342,0.499,0.494,1,"RNASE6","Not significant",0.268436080450788,0.268436080450788
0.539007918392994,0.0691937078569911,0.112,0.086,1,"FBXW4","Not significant",0.268404854685019,0.268404854685019
0.539046575005017,0.105322086466102,0.197,0.16,1,"MKLN1","Not significant",0.268373709036259,0.268373709036259
0.539329341718529,-0.0663471670713838,0.228,0.185,1,"SLC22A18","Not significant",0.268145951675853,0.268145951675853
0.539505590085011,-0.491292776029058,0.24,0.259,1,"LMF2","Not significant",0.268004051017222,0.268004051017222
0.539785594013341,-0.677936925310344,0.116,0.136,1,"ITPR1","Not significant",0.267778710227814,0.267778710227814
0.539992525521592,-0.189510096703233,0.755,0.728,1,"QKI","Not significant",0.267612251560723,0.267612251560723
0.540194425502859,-0.425832886508031,0.245,0.272,1,"YIF1A","Not significant",0.267449901795809,0.267449901795809
0.540261709137259,-0.824162501812225,0.107,0.123,1,"UQCC3","Not significant",0.26739581184205,0.26739581184205
0.540321930210116,-0.416704610129033,0.154,0.173,1,"GTF2H1","Not significant",0.267347405261179,0.267347405261179
0.540801081243032,0.546337794355387,0.109,0.086,1,"ARFIP1","Not significant",0.266962448764992,0.266962448764992
0.540801081243032,0.612079303057067,0.109,0.086,1,"RNF24","Not significant",0.266962448764992,0.266962448764992
0.541296301399996,0.195705151935762,0.219,0.185,1,"TIAM1","Not significant",0.266564940370716,0.266564940370716
0.542242266268031,0.18812435526335,0.124,0.099,1,"ZNF721","Not significant",0.265806633395965,0.265806633395965
0.542325023600717,-0.288319452563573,0.257,0.272,1,"PLEKHF2","Not significant",0.265740356174941,0.265740356174941
0.542783265592654,-0.0988509956972912,0.751,0.753,1,"NCL","Not significant",0.26537355042424,0.26537355042424
0.542878695024975,0.220072111536628,0.109,0.086,1,"PHC3","Not significant",0.265297201657352,0.265297201657352
0.543041778757678,-0.602762667642132,0.093,0.111,1,"EIPR1","Not significant",0.265166756809053,0.265166756809053
0.543107830120626,-0.306606369808059,0.1,0.123,1,"NSUN4","Not significant",0.265113935830707,0.265113935830707
0.543163860680507,-0.154535089422763,0.202,0.16,1,"HINT2","Not significant",0.265069133479321,0.265069133479321
0.543399097155568,-0.0383182461769147,0.855,0.877,1,"HERPUD1","Not significant",0.264881087487286,0.264881087487286
0.543486455721181,0.0402373913514932,0.48,0.407,1,"SIVA1","Not significant",0.264811274537847,0.264811274537847
0.543576826915897,-0.0577211589968028,0.482,0.494,1,"GOLIM4","Not significant",0.264739065841435,0.264739065841435
0.543655338113729,0.306852242993576,0.166,0.136,1,"MAPKAPK5-AS1","Not significant",0.264676343304075,0.264676343304075
0.543686967948637,0.280658537314743,0.126,0.099,1,"STAM","Not significant",0.264651076812204,0.264651076812204
0.543691725137054,-0.122799092551855,0.511,0.519,1,"SH2B3","Not significant",0.264647276810067,0.264647276810067
0.543922808807673,-0.10953566660212,0.249,0.21,1,"PPP2CB","Not significant",0.264462729139204,0.264462729139204
0.543971851010301,0.0947916195691763,0.577,0.531,1,"GGA1","Not significant",0.264423573219458,0.264423573219458
0.544623227691386,0.246850776200764,0.879,0.815,1,"APOC1","Not significant",0.263903840331569,0.263903840331569
0.545085889652126,0.0320476880372319,0.653,0.642,1,"SLC7A5","Not significant",0.263535060176551,0.263535060176551
0.545294379680847,0.339904218542545,0.19,0.16,1,"SNHG9","Not significant",0.263368978539428,0.263368978539428
0.545793879321388,0.150942633329323,0.323,0.284,1,"LMO4","Not significant",0.262971338933347,0.262971338933347
0.545813453984761,-0.0762949984661907,0.214,0.173,1,"TAP2","Not significant",0.26295576342734,0.26295576342734
0.545874629110178,-0.271595647425997,0.221,0.247,1,"FRAT2","Not significant",0.262907090148154,0.262907090148154
0.546176664915416,-0.272135431895877,0.185,0.148,1,"SLC18B1","Not significant",0.26266685878244,0.26266685878244
0.54622250267622,-0.0419928163976738,0.356,0.383,1,"ANKRD9","Not significant",0.262630412239487,0.262630412239487
0.546559177244604,0.041616065343681,0.152,0.123,1,"ANAPC13","Not significant",0.262362809085885,0.262362809085885
0.546772882778208,0.240239651030681,0.204,0.173,1,"RIPK1","Not significant",0.262193032421372,0.262193032421372
0.546774476249214,-1.08751735799321,0.095,0.111,1,"TMEM159","Not significant",0.262191766750234,0.262191766750234
0.547080685823957,0.0780626457550158,0.195,0.16,1,"TRNAU1AP","Not significant",0.261948617315644,0.261948617315644
0.547161899326842,-0.217378276516325,0.2,0.16,1,"IWS1","Not significant",0.26188415158071,0.26188415158071
0.547296573630771,0.0294344272354382,0.575,0.506,1,"PSMB3","Not significant",0.261777270764689,0.261777270764689
0.547570498821407,-0.624654256926562,0.221,0.235,1,"SELENOM","Not significant",0.26155995817173,0.26155995817173
0.547950369911608,0.22623767206693,0.537,0.506,1,"TMED10","Not significant",0.261258775547776,0.261258775547776
0.548007530790442,-0.397674554538202,0.126,0.148,1,"COG3","Not significant",0.261213473343622,0.261213473343622
0.548191277099418,-0.914973621607671,0.295,0.296,1,"PYGL","Not significant",0.261067879299492,0.261067879299492
0.548268235002921,0.151577766206611,0.342,0.309,1,"TXNDC11","Not significant",0.261006915091482,0.261006915091482
0.548656584931787,-0.337016057242803,0.216,0.235,1,"TOLLIP","Not significant",0.260699404065866,0.260699404065866
0.548679460283841,0.141072934344397,0.311,0.259,1,"BRMS1","Not significant",0.260681297234849,0.260681297234849
0.54877647825433,-0.442712702241771,0.209,0.222,1,"DNASE1L1","Not significant",0.260604511702311,0.260604511702311
0.548848349306277,-0.119488684735791,0.33,0.358,1,"SUMF2","Not significant",0.26054763762197,0.26054763762197
0.549550668383636,0.16210904573516,0.793,0.753,1,"POMP","Not significant",0.259992259591788,0.259992259591788
0.549570629078601,-0.168336571553668,0.126,0.099,1,"TOGARAM1","Not significant",0.259976485500795,0.259976485500795
0.549969338144331,0.202235486823388,0.204,0.173,1,"MMP2","Not significant",0.259661522589246,0.259661522589246
0.549979494376317,0.0425794990784736,0.411,0.346,1,"COPS9","Not significant",0.25965350258799,0.25965350258799
0.550133990536279,-0.171430234563598,0.249,0.259,1,"SNX8","Not significant",0.259531520935901,0.259531520935901
0.550176897199396,0.271299055108392,0.344,0.284,1,"HDGF","Not significant",0.259497650277625,0.259497650277625
0.550561018415708,-0.0232938469113881,0.387,0.358,1,"PSMD2","Not significant",0.259194541373986,0.259194541373986
0.550643979603426,-0.437033102588455,0.259,0.272,1,"DNAJC21","Not significant",0.259129104718375,0.259129104718375
0.551033034044803,0.0702170788342538,0.14,0.111,1,"SCARF1","Not significant",0.258822364717484,0.258822364717484
0.551106101835761,-1.03433300289843,0.095,0.111,1,"KLHL2","Not significant",0.258764780448073,0.258764780448073
0.551132193624227,0.227718616052554,0.124,0.099,1,"NHSL1","Not significant",0.25874421952254,0.25874421952254
0.551225904880089,-0.644098774111389,0.1,0.074,1,"USP24","Not significant",0.258670380936937,0.258670380936937
0.551244879637812,0.0651022971074264,0.466,0.432,1,"MBP","Not significant",0.258655431547454,0.258655431547454
0.551264851889409,-0.239230005940793,0.211,0.235,1,"LINC02001","Not significant",0.258639696831628,0.258639696831628
0.551383499526664,0.101224671700984,0.691,0.654,1,"AKR1B1","Not significant",0.258546234551866,0.258546234551866
0.551538801488779,0.0152516534023701,0.126,0.099,1,"SSBP3","Not significant",0.258423928954166,0.258423928954166
0.551887030435962,-0.309228630411898,0.447,0.469,1,"GTF2B","Not significant",0.258149811907337,0.258149811907337
0.55201821420881,-0.0367300573771181,0.202,0.16,1,"U2AF2","Not significant",0.258046592198566,0.258046592198566
0.552024198987852,-0.364155164250201,0.162,0.185,1,"ARMC5","Not significant",0.258041883762581,0.258041883762581
0.552308660485725,0.018643249686275,0.183,0.148,1,"IL6R-AS1","Not significant",0.257818146760621,0.257818146760621
0.552357600360554,-0.0809104609456767,0.38,0.321,1,"TCEA1","Not significant",0.257779665785234,0.257779665785234
0.552371638897525,0.0763440695326667,0.869,0.827,1,"RPL4","Not significant",0.257768628041461,0.257768628041461
0.552447922747341,0.00518085946979729,0.112,0.086,1,"SSBP2","Not significant",0.257708655071691,0.257708655071691
0.552757316271158,0.220914801487358,0.192,0.16,1,"TERF1","Not significant",0.257465500408834,0.257465500408834
0.552810864689467,-0.292558058161805,0.24,0.259,1,"ADCK2","Not significant",0.257423430126775,0.257423430126775
0.5529131292366,-0.251966403617227,0.14,0.111,1,"ATXN2","Not significant",0.257343097369442,0.257343097369442
0.553326034346668,0.170842256666951,0.109,0.086,1,"SPATS2","Not significant",0.257018895469739,0.257018895469739
0.553488541524566,0.0285990780706853,0.112,0.086,1,"HCG18","Not significant",0.256891365578687,0.256891365578687
0.553510431634717,-0.0348674568785414,0.126,0.099,1,"SNRNP48","Not significant",0.256874189855351,0.256874189855351
0.553510431634717,0.0299132898966592,0.126,0.099,1,"DPAGT1","Not significant",0.256874189855351,0.256874189855351
0.553636738960628,0.18073107748319,0.67,0.556,1,"RBBP6","Not significant",0.256775098106102,0.256775098106102
0.554111349829872,0.317572852412769,0.124,0.099,1,"GAPVD1","Not significant",0.256402954120909,0.256402954120909
0.554225841909934,-0.313756986162639,0.214,0.235,1,"NUB1","Not significant",0.25631322821594,0.25631322821594
0.554709836512559,0.365078849756245,0.15,0.123,1,"CASP3","Not significant",0.255934132831731,0.255934132831731
0.555045338862692,-0.543366911473452,0.209,0.222,1,"CYP27A1","Not significant",0.255671540095962,0.255671540095962
0.555061585967991,-0.498072903473896,0.323,0.333,1,"OGT","Not significant",0.25565882775624,0.25565882775624
0.555226654296405,-0.022649062011197,0.192,0.16,1,"TRIO","Not significant",0.255529693244866,0.255529693244866
0.55525648617221,-0.0522548094881743,0.195,0.16,1,"YIPF2","Not significant",0.255506359583006,0.255506359583006
0.555337413731064,-0.0225177665212322,0.805,0.802,1,"SKP1","Not significant",0.255443066614605,0.255443066614605
0.555689637336963,-0.379730501878818,0.114,0.136,1,"CCDC97","Not significant",0.255167701989747,0.255167701989747
0.555874081386915,0.077998969015293,0.458,0.407,1,"GPCPD1","Not significant",0.255023575238397,0.255023575238397
0.555930398194982,-0.25556198455118,0.352,0.358,1,"FBXO11","Not significant",0.254979578151764,0.254979578151764
0.555955139349983,-0.535619991521338,0.207,0.222,1,"CBFB","Not significant",0.254960250717902,0.254960250717902
0.556479338736481,0.044700034752458,0.109,0.086,1,"FTSJ3","Not significant",0.254550955748521,0.254550955748521
0.556539783458963,-0.613206983531143,0.143,0.16,1,"PSD3","Not significant",0.254503785293071,0.254503785293071
0.556606974585669,-0.189325930666985,0.466,0.383,1,"NFATC1","Not significant",0.254451356023729,0.254451356023729
0.556869836305958,0.293433589031373,0.328,0.284,1,"TNIP1","Not significant",0.254246305688367,0.254246305688367
0.55689880468727,0.0822233969629993,0.195,0.16,1,"AFG3L2","Not significant",0.254223714267325,0.254223714267325
0.557104559573905,-0.275660057984169,0.299,0.309,1,"BAZ2B","Not significant",0.254063287080526,0.254063287080526
0.557138251821457,-0.574707937410614,0.105,0.123,1,"NSMF","Not significant",0.254037022864056,0.254037022864056
0.557259861781366,-0.456912660293585,0.15,0.173,1,"NOL8","Not significant",0.253942237106439,0.253942237106439
0.557532383858053,0.325951977799325,0.109,0.086,1,"GRWD1","Not significant",0.253729901871918,0.253729901871918
0.557760765135915,-0.021130252973063,0.333,0.284,1,"TERF2IP","Not significant",0.253552038804758,0.253552038804758
0.557801624628046,-0.571670508775121,0.169,0.185,1,"GSAP","Not significant",0.253520225161457,0.253520225161457
0.55795010227135,-0.314404735983168,0.09,0.111,1,"EEF2K","Not significant",0.253404638476715,0.253404638476715
0.558096527056121,0.0716396097105327,0.698,0.605,1,"TRIR","Not significant",0.253290680018827,0.253290680018827
0.558496669307241,0.151507683001794,0.656,0.605,1,"PNPLA8","Not significant",0.252979412531898,0.252979412531898
0.558677113377057,-0.201627571754288,0.143,0.111,1,"PGGT1B","Not significant",0.252839119471483,0.252839119471483
0.559290210160762,0.0772050643082611,0.15,0.123,1,"MON1B","Not significant",0.252362782514002,0.252362782514002
0.559511383611616,-0.191116380646215,0.646,0.667,1,"DSE","Not significant",0.252191073050885,0.252191073050885
0.559646326240961,-0.214283146081007,0.378,0.383,1,"FBXW5","Not significant",0.252086342789785,0.252086342789785
0.560087539685709,-0.232648066590545,0.143,0.111,1,"KDM1A","Not significant",0.251744089009412,0.251744089009412
0.560099485836161,-0.276199185704053,0.273,0.284,1,"MCFD2","Not significant",0.251734826007604,0.251734826007604
0.560464814789574,-0.0503684333465872,0.14,0.111,1,"TMEM150A","Not significant",0.251451646623646,0.251451646623646
0.560964197006343,-0.263626305262248,0.23,0.247,1,"RNF126","Not significant",0.251064856281756,0.251064856281756
0.56115150272293,0.16384324010468,0.135,0.111,1,"GRK6","Not significant",0.250919869735506,0.250919869735506
0.561380960082182,0.0481796925702882,0.276,0.235,1,"LYRM2","Not significant",0.250742321077191,0.250742321077191
0.561594673459117,0.00523830996487318,0.99,0.963,1,"H3F3A","Not significant",0.250577019999127,0.250577019999127
0.561678762260151,-0.573801806135398,0.093,0.111,1,"DDX58","Not significant",0.250511997002613,0.250511997002613
0.56197071759016,0.0499263047006835,0.088,0.111,1,"RCHY1","Not significant",0.250286313470672,0.250286313470672
0.562309049116352,0.214391530249316,0.306,0.272,1,"SPRY2","Not significant",0.250024927428396,0.250024927428396
0.562314416149407,-0.345199215346627,0.252,0.272,1,"MPG","Not significant",0.250020782267083,0.250020782267083
0.562850915864486,0.0527029059047804,0.404,0.358,1,"ECH1","Not significant",0.249606622895425,0.249606622895425
0.563142020623333,-0.149151095293384,0.499,0.481,1,"RNPS1","Not significant",0.249382065193253,0.249382065193253
0.563617204709688,0.00650028338020947,0.181,0.148,1,"SMC3","Not significant",0.24901575829434,0.24901575829434
0.563839255319497,-0.127868213649611,0.72,0.728,1,"CSDE1","Not significant",0.248844691190272,0.248844691190272
0.564129869950948,-0.297701621737752,0.397,0.395,1,"SEC31A","Not significant",0.248620904331634,0.248620904331634
0.564205423689924,-0.113639036270914,0.202,0.16,1,"CPSF7","Not significant",0.248562743300674,0.248562743300674
0.564257217960508,-0.493189685489582,0.19,0.21,1,"TRAPPC4","Not significant",0.248522876733373,0.248522876733373
0.564266748408394,-0.116163319059152,0.2,0.222,1,"NUTM2B-AS1","Not significant",0.248515541451092,0.248515541451092
0.564415626190459,0.126841422679596,0.888,0.877,1,"EIF4A2","Not significant",0.248400971043936,0.248400971043936
0.564415704989794,-0.14629027879471,0.126,0.099,1,"TBC1D10B","Not significant",0.248400910411111,0.248400910411111
0.56479084913992,0.090082390195011,0.786,0.79,1,"SARAF","Not significant",0.248112348429752,0.248112348429752
0.564793233857708,-0.590764659731367,0.171,0.185,1,"POLR2C","Not significant",0.248110514710966,0.248110514710966
0.56499946202026,-0.291693779669603,0.093,0.111,1,"LY6K","Not significant",0.247951965705771,0.247951965705771
0.56532334857216,-0.323536034606887,0.181,0.148,1,"MTRNR2L1","Not significant",0.24770307725588,0.24770307725588
0.565412198493178,-0.62811855862184,0.119,0.136,1,"RTN2","Not significant",0.247634826053209,0.247634826053209
0.565943497043118,-0.256722286765777,0.188,0.148,1,"GPATCH8","Not significant",0.247226925962451,0.247226925962451
0.566152279970021,0.0617691228927959,0.211,0.173,1,"NAXE","Not significant",0.24706673938471,0.24706673938471
0.56690020842401,0.182506511745665,0.204,0.173,1,"REXO2","Not significant",0.246493383338223,0.246493383338223
0.567083903930305,-0.337509879578279,0.309,0.309,1,"GPAA1","Not significant",0.246352679523128,0.246352679523128
0.56711135531891,-0.0143187922881061,0.124,0.099,1,"CDC14A","Not significant",0.246331656711586,0.246331656711586
0.567112415665104,-0.74840852508378,0.107,0.123,1,"ECSIT","Not significant",0.246330844698096,0.246330844698096
0.567201579491513,0.150265454665111,0.207,0.173,1,"SCARB1","Not significant",0.246262568439424,0.246262568439424
0.5672731188086,-0.18041660988758,0.518,0.506,1,"USP15","Not significant",0.24620779572261,0.24620779572261
0.567299990079265,0.0862098332568748,0.166,0.136,1,"IP6K1","Not significant",0.246187224030081,0.246187224030081
0.567407717895905,-0.549149987504082,0.126,0.099,1,"MED21","Not significant",0.246104761214104,0.246104761214104
0.567411445594319,-0.0982138117761573,0.154,0.123,1,"MGME1","Not significant",0.246101908039073,0.246101908039073
0.567452922961661,-0.18401830564197,0.727,0.716,1,"ZNF207","Not significant",0.246070162586017,0.246070162586017
0.567746986593651,-0.171832326571759,0.496,0.519,1,"EID1","Not significant",0.245845162188319,0.245845162188319
0.567789947245499,-0.47522876400535,0.278,0.284,1,"GRAMD1A","Not significant",0.245812300951508,0.245812300951508
0.56780988920187,0.112298967104567,0.85,0.889,1,"COTL1","Not significant",0.245797047899626,0.245797047899626
0.568013870458442,-0.496268261803847,0.185,0.148,1,"APOBEC3G","Not significant",0.245641059024873,0.245641059024873
0.568057969024535,-0.379675710880973,0.247,0.198,1,"CRELD2","Not significant",0.245607343262792,0.245607343262792
0.568486860486573,0.121749512487883,0.192,0.16,1,"CNOT4","Not significant",0.245279568767139,0.245279568767139
0.568946821391835,0.186426147943417,0.983,0.951,1,"MCL1","Not significant",0.244928324563424,0.244928324563424
0.56920405019493,-0.817296553981667,0.107,0.123,1,"TAF5L","Not significant",0.244732018336435,0.244732018336435
0.569212024187084,-0.122162859986002,0.112,0.086,1,"GART","Not significant",0.244725934338028,0.244725934338028
0.569302998757908,-0.218775293849859,0.335,0.272,1,"MANF","Not significant",0.244656528571059,0.244656528571059
0.569542394010087,-0.298937710433489,0.271,0.284,1,"OGA","Not significant",0.244473943578914,0.244473943578914
0.569552427958472,-0.644649160188848,0.392,0.383,1,"GABPB1-AS1","Not significant",0.244466292436391,0.244466292436391
0.569951396333596,-0.119116320668675,0.727,0.63,1,"TACC1","Not significant",0.244162178018945,0.244162178018945
0.57017782420102,0.244296356035431,0.107,0.086,1,"TP53RK","Not significant",0.243989677616547,0.243989677616547
0.570286994462191,-0.0683408081448531,0.271,0.222,1,"UGP2","Not significant",0.243906532496446,0.243906532496446
0.570325412556079,-0.143803003067878,0.689,0.642,1,"RNF130","Not significant",0.243877276693012,0.243877276693012
0.570392962711345,0.0563530767937506,0.138,0.111,1,"CTNS","Not significant",0.243825841281163,0.243825841281163
0.570419666948038,-0.141983926530771,0.316,0.259,1,"LUC7L","Not significant",0.243805509278624,0.243805509278624
0.570874407626569,-0.0209798606868359,0.489,0.407,1,"RALY","Not significant",0.24345942603464,0.24345942603464
0.570989898341722,0.0942842184008739,0.192,0.16,1,"PFDN4","Not significant",0.243371574999783,0.243371574999783
0.571072310099312,-0.120769051719856,0.154,0.123,1,"BAK1","Not significant",0.243308897202789,0.243308897202789
0.571284374258503,0.208122839707767,0.15,0.123,1,"DPM3","Not significant",0.243147654577845,0.243147654577845
0.571299361246096,-0.380010895336774,0.114,0.086,1,"EXOSC9","Not significant",0.243136261511744,0.243136261511744
0.571525461216759,-0.193692413631074,0.209,0.173,1,"DTNBP1","Not significant",0.242964417202855,0.242964417202855
0.571781531383027,0.312681420662695,0.209,0.185,1,"TTC7A","Not significant",0.242769876519085,0.242769876519085
0.572086435145912,0.0216099989832177,0.309,0.259,1,"CYSTM1","Not significant",0.242538349754207,0.242538349754207
0.572137227059641,-0.158698782464325,0.387,0.407,1,"PTPN18","Not significant",0.242499793222646,0.242499793222646
0.572695726035604,-0.269485519019804,0.271,0.296,1,"ARHGAP30","Not significant",0.242076057965908,0.242076057965908
0.572906948797947,-0.214836458062933,0.154,0.123,1,"RRP15","Not significant",0.24191591015342,0.24191591015342
0.573122008535217,-0.638686834162739,0.195,0.21,1,"ANKRD44","Not significant",0.241752913821304,0.241752913821304
0.573476684659948,0.192532572431244,0.865,0.802,1,"SRSF7","Not significant",0.241484234134748,0.241484234134748
0.573564949555316,0.536080357787466,0.119,0.099,1,"TPK1","Not significant",0.241417396182339,0.241417396182339
0.57398815242367,-0.128884232109698,0.746,0.691,1,"GSTO1","Not significant",0.241097071696322,0.241097071696322
0.574069540900227,-0.339971293131551,0.143,0.16,1,"APPL2","Not significant",0.24103549540704,0.24103549540704
0.574072289464616,-0.206386506583013,0.703,0.728,1,"PRPF38B","Not significant",0.241033416070993,0.241033416070993
0.574359731869712,-0.0968721278430678,0.333,0.272,1,"AKAP8L","Not significant",0.240816015910277,0.240816015910277
0.574423793579261,-0.0624649509964312,0.302,0.259,1,"CHCHD1","Not significant",0.240767579200712,0.240767579200712
0.574449191706172,-0.769636367062549,0.107,0.123,1,"PNPO","Not significant",0.240748377310667,0.240748377310667
0.57452981681668,0.0399099132100593,0.644,0.605,1,"ST13","Not significant",0.240687427475388,0.240687427475388
0.574744379697237,-0.616509956712086,0.147,0.16,1,"PQLC3","Not significant",0.240525266911073,0.240525266911073
0.574981380108892,0.0692957961028924,0.28,0.235,1,"DDB1","Not significant",0.2403462190441,0.2403462190441
0.575049992271771,0.0880871977452828,0.822,0.753,1,"LCP2","Not significant",0.240294398051246,0.240294398051246
0.575136049950222,-0.0946167418950485,0.409,0.42,1,"PTEN","Not significant",0.240229409651849,0.240229409651849
0.575220357626644,-0.439780508968873,0.173,0.198,1,"SMARCC1","Not significant",0.240165752234936,0.240165752234936
0.575265270591585,-0.266009086429464,0.397,0.407,1,"TMC6","Not significant",0.240131844027182,0.240131844027182
0.575500958750664,-0.76379109531749,0.107,0.123,1,"UBE4A","Not significant",0.239953948524587,0.239953948524587
0.575560593161678,-0.124073391361146,0.112,0.086,1,"CNOT11","Not significant",0.239908948505926,0.239908948505926
0.575661340486241,-0.499382039929791,0.181,0.198,1,"DNPEP","Not significant",0.239832935348155,0.239832935348155
0.575793582888863,-0.455789552209329,0.154,0.173,1,"EFR3A","Not significant",0.239733179561247,0.239733179561247
0.576386965659751,-0.228609142217696,0.245,0.198,1,"MAP1S","Not significant",0.239285848826214,0.239285848826214
0.576639472109203,0.36479031419748,0.107,0.086,1,"CAPN15","Not significant",0.239095632616415,0.239095632616415
0.576676336409994,-0.0910143330998039,0.748,0.741,1,"CREG1","Not significant",0.239067869253943,0.239067869253943
0.576795334292148,-0.700838302683754,0.202,0.21,1,"SRP54","Not significant",0.238978261290308,0.238978261290308
0.577133460812714,0.112299755541932,0.387,0.346,1,"PCBD1","Not significant",0.238723745609804,0.238723745609804
0.577152963906311,0.229168821369919,0.242,0.21,1,"TMEM256","Not significant",0.238709069727374,0.238709069727374
0.57724033635346,-0.615186121966121,0.247,0.247,1,"MRPL11","Not significant",0.238643328923557,0.238643328923557
0.577353137131881,-0.430492576167029,0.437,0.457,1,"MAPK6","Not significant",0.238558470041356,0.238558470041356
0.577818579130513,-0.211545534143326,0.634,0.593,1,"ANKRD11","Not significant",0.238208497998681,0.238208497998681
0.577851771734799,-0.242831799837557,0.511,0.519,1,"RAB8A","Not significant",0.238183550806993,0.238183550806993
0.577985599392056,-0.116140330756596,0.798,0.815,1,"ATP5MC2","Not significant",0.238082981964378,0.238082981964378
0.578014704061588,0.285117506780887,0.209,0.173,1,"HMGCS1","Not significant",0.238061113462544,0.238061113462544
0.578071141560356,-0.146547732548799,0.328,0.284,1,"MYCBP2","Not significant",0.238018710911904,0.238018710911904
0.578224264238899,-0.13017108652781,0.124,0.099,1,"MYL6B","Not significant",0.23790368782282,0.23790368782282
0.578794475289057,-0.217279683206863,0.109,0.086,1,"TOP3A","Not significant",0.237475622962343,0.237475622962343
0.578949889190686,0.0317879173000182,0.335,0.284,1,"TRIM44","Not significant",0.237359024855948,0.237359024855948
0.57923035608782,-0.646802739027255,0.228,0.235,1,"DDX49","Not significant",0.237148685871737,0.237148685871737
0.57924267384669,-0.585463514375776,0.173,0.136,1,"KIAA1109","Not significant",0.237139450378862,0.237139450378862
0.579279306565377,-0.706473644412039,0.105,0.123,1,"SRRD","Not significant",0.237111985405634,0.237111985405634
0.57938982504271,0.207451051586106,0.468,0.494,1,"PDK4","Not significant",0.237029135929989,0.237029135929989
0.579531305314471,-0.185900516532981,0.135,0.111,1,"DDX19B","Not significant",0.23692309920321,0.23692309920321
0.579883192876054,-0.0114146379204412,0.107,0.086,1,"GDF11","Not significant",0.236659478502974,0.236659478502974
0.580208155689738,0.0252765717297692,0.352,0.296,1,"NDUFS2","Not significant",0.236416170834707,0.236416170834707
0.580408629519664,0.106794321227168,0.09,0.111,1,"SGMS2","Not significant",0.236266139092829,0.236266139092829
0.580460132676472,-0.107621518094215,0.126,0.099,1,"ATG13","Not significant",0.236227603234952,0.236227603234952
0.580485172940772,0.212204181744283,0.164,0.136,1,"DDX41","Not significant",0.236208868763035,0.236208868763035
0.580522392235023,0.0319100766388534,0.14,0.111,1,"MACO1","Not significant",0.236181023752195,0.236181023752195
0.580632340008214,0.157113315845657,0.245,0.21,1,"IP6K2","Not significant",0.23609877853541,0.23609877853541
0.580783254149262,-0.534329025214644,0.264,0.284,1,"CALU","Not significant",0.235985914235332,0.235985914235332
0.580887041986318,-1.16192305696951,0.097,0.111,1,"FBXO30","Not significant",0.235908311347159,0.235908311347159
0.581410145836197,-0.019210647029426,0.28,0.247,1,"ZDHHC24","Not significant",0.235517393889587,0.235517393889587
0.581525945270823,-0.0308230562335492,0.328,0.284,1,"TMEM87A","Not significant",0.235430904088442,0.235430904088442
0.581930799046755,-0.205044956601731,0.126,0.148,1,"HSPA13","Not significant",0.235128656894775,0.235128656894775
0.582016354163486,-0.0506189583392618,0.109,0.086,1,"AASDHPPT","Not significant",0.235064811873875,0.235064811873875
0.582816119747597,-0.564253594212719,0.285,0.284,1,"CMIP","Not significant",0.234468444855692,0.234468444855692
0.582947622423821,-0.529043193176206,0.128,0.148,1,"STRN3","Not significant",0.234370464647841,0.234370464647841
0.583063440727568,0.0823385059467032,0.822,0.84,1,"PABPC4","Not significant",0.234284188879153,0.234284188879153
0.583090961332122,-0.0983065820012823,0.114,0.136,1,"RNF40","Not significant",0.2342636906558,0.2342636906558
0.583309216830992,-0.0371334868267659,0.124,0.099,1,"EXOSC7","Not significant",0.23410116125691,0.23410116125691
0.583399574704313,-0.433883676362778,0.143,0.16,1,"MYO7A","Not significant",0.23403389181291,0.23403389181291
0.583818966822349,-0.0377255752152494,0.772,0.654,1,"PPIB","Not significant",0.233721799974107,0.233721799974107
0.584161557559853,-0.133399032534296,0.328,0.259,1,"CHP1","Not significant",0.233467026426072,0.233467026426072
0.584328703354454,0.00933451582157074,0.124,0.099,1,"SLC35A2","Not significant",0.233342779782019,0.233342779782019
0.584897061163788,-0.129462564860886,0.138,0.111,1,"HSPA14.1","Not significant",0.23292056075936,0.23292056075936
0.58497995076903,-0.236255044847164,0.489,0.383,1,"YTHDC1","Not significant",0.232859018395749,0.232859018395749
0.585007555910123,-0.794983130351211,0.107,0.123,1,"MTERF4","Not significant",0.232838524569306,0.232838524569306
0.585091212941786,-0.185851999277465,0.411,0.407,1,"C4orf3","Not significant",0.232776424192393,0.232776424192393
0.585120260818421,-0.320835250503401,0.181,0.148,1,"ARMCX1","Not significant",0.232754863418432,0.232754863418432
0.585126258864519,-0.166295832859664,0.166,0.136,1,"ZNF791","Not significant",0.232750411504619,0.232750411504619
0.585243866977163,-0.132227476947528,0.406,0.42,1,"DSTN","Not significant",0.232663128766633,0.232663128766633
0.585295382375278,0.103965039270175,0.347,0.309,1,"TBC1D9B","Not significant",0.232624902191726,0.232624902191726
0.585546390398652,-0.527645180985684,0.171,0.185,1,"FAM111A","Not significant",0.232438691887875,0.232438691887875
0.585889801053203,-0.550908254265991,0.409,0.407,1,"USP8","Not significant",0.232184061959828,0.232184061959828
0.58622770260978,-0.365684637393246,0.363,0.383,1,"IDH3G","Not significant",0.231933662515993,0.231933662515993
0.587302730536651,-0.357714881196588,0.411,0.358,1,"DHX36","Not significant",0.23113797999436,0.23113797999436
0.587525741938183,-0.656951192769904,0.235,0.235,1,"NOSIP","Not significant",0.230973100397859,0.230973100397859
0.587526917561847,-0.281015374324175,0.24,0.259,1,"ECI1","Not significant",0.230972231386813,0.230972231386813
0.587905213021499,-0.267979662945735,0.325,0.333,1,"ITSN2","Not significant",0.230692688855937,0.230692688855937
0.588205804721808,0.0912041808038618,0.563,0.494,1,"PFDN2","Not significant",0.230470693963238,0.230470693963238
0.588643293036897,0.166726735994541,0.278,0.235,1,"PTPN12","Not significant",0.230147799940114,0.230147799940114
0.588675344810048,-0.522783334627647,0.128,0.099,1,"ZNF672","Not significant",0.230124153141753,0.230124153141753
0.588759450378062,-0.287814771391875,0.152,0.173,1,"FIP1L1","Not significant",0.230062108798751,0.230062108798751
0.588827034506193,-0.287751703047415,0.202,0.222,1,"UPF1","Not significant",0.230012258678491,0.230012258678491
0.589038523513552,-0.208589468922671,0.15,0.173,1,"TMEM43","Not significant",0.229856301134371,0.229856301134371
0.589173934040296,-0.498789712483838,0.207,0.222,1,"BAZ2A","Not significant",0.229756475259269,0.229756475259269
0.589174941640216,-0.462363521745071,0.309,0.321,1,"NUP58","Not significant",0.229755732533419,0.229755732533419
0.589210108163191,0.252050989969333,0.147,0.123,1,"RCBTB2","Not significant",0.229729811249229,0.229729811249229
0.589220227916996,-0.393752091647912,0.14,0.111,1,"TRAF1","Not significant",0.229722352253817,0.229722352253817
0.589548259931083,0.174922480114041,0.979,1,1,"FOSB","Not significant",0.229480638128012,0.229480638128012
0.589710235845748,-0.229378001514992,0.629,0.58,1,"IFI6","Not significant",0.229361333926881,0.229361333926881
0.589711348417734,-0.77670550425769,0.095,0.111,1,"TMEM263","Not significant",0.229360514569527,0.229360514569527
0.589711348417734,-0.938226407920197,0.095,0.111,1,"UBR1","Not significant",0.229360514569527,0.229360514569527
0.590064742873536,0.0961974624333404,0.876,0.877,1,"PRDX1","Not significant",0.229100334239016,0.229100334239016
0.590540742030341,0.155398095106101,0.216,0.185,1,"VPS4A","Not significant",0.228750134581238,0.228750134581238
0.590592769791384,-0.413517575346338,0.24,0.259,1,"GDI1","Not significant",0.228711874097872,0.228711874097872
0.590594738160893,-0.31006237596547,0.283,0.284,1,"PTPRJ","Not significant",0.228710426652804,0.228710426652804
0.590685811297548,-0.341634268767,0.171,0.136,1,"SEC22C","Not significant",0.228643461085995,0.228643461085995
0.5906882929215,-0.852553211414117,0.15,0.16,1,"PCNX1","Not significant",0.228641636506322,0.228641636506322
0.590692009437231,0.326058218759326,0.183,0.16,1,"AC006449.6","Not significant",0.228638904003892,0.228638904003892
0.590848664611339,-0.0856040176782948,0.257,0.21,1,"ZDHHC12","Not significant",0.228523741691548,0.228523741691548
0.590884285631577,-0.0899943311436355,0.273,0.222,1,"LRRFIP2","Not significant",0.228497559782123,0.228497559782123
0.59094651408704,0.0387451391548184,0.235,0.198,1,"B4GALT5","Not significant",0.228451824851444,0.228451824851444
0.590954061611477,-0.0926290011279272,0.287,0.235,1,"DECR1","Not significant",0.228446278110403,0.228446278110403
0.591002295065417,-0.22476958078649,0.271,0.222,1,"SLC26A11","Not significant",0.228410832600452,0.228410832600452
0.591182502021824,0.2057255197742,0.171,0.148,1,"EIF1AD","Not significant",0.228278428787499,0.228278428787499
0.591630872336504,-0.481696257803841,0.304,0.296,1,"DCTN3","Not significant",0.227949171836127,0.227949171836127
0.591723809743752,-0.0529405295251086,0.138,0.111,1,"VPS26C","Not significant",0.227880955258588,0.227880955258588
0.591866444464976,-0.245666606202018,0.66,0.617,1,"TMEM176B","Not significant",0.227776281411478,0.227776281411478
0.59212843633267,-0.418448529743183,0.24,0.259,1,"FGFR1","Not significant",0.227584081890778,0.227584081890778
0.592178466072234,-0.114385078699725,0.316,0.259,1,"PCGF5","Not significant",0.227547389307475,0.227547389307475
0.59246850026068,-0.324946409836941,0.19,0.21,1,"CAMK1D","Not significant",0.227334734814277,0.227334734814277
0.592578181355894,0.0291892023615246,0.152,0.123,1,"MPND","Not significant",0.227254343222459,0.227254343222459
0.592990888646228,-0.64394352045659,0.252,0.259,1,"MOAP1","Not significant",0.226951979554904,0.226951979554904
0.593019309278687,-0.366248865227663,0.154,0.173,1,"MIB2","Not significant",0.226931165359759,0.226931165359759
0.593681009880658,-0.041800225010507,0.138,0.111,1,"SASH1","Not significant",0.226446842662189,0.226446842662189
0.593739941031354,-0.0351240109651991,0.211,0.173,1,"TMEM170A","Not significant",0.226403734995005,0.226403734995005
0.593823348576297,0.0356023000269905,0.829,0.827,1,"CDKN1A","Not significant",0.226342730353156,0.226342730353156
0.594135933287439,0.00600309570763002,0.166,0.136,1,"MAN2B2","Not significant",0.226114180738061,0.226114180738061
0.594374975692124,0.135514312398487,0.43,0.383,1,"LRRC59","Not significant",0.225939483479649,0.225939483479649
0.594396983810164,-0.0980276757867317,0.475,0.469,1,"RCC2","Not significant",0.225923403012497,0.225923403012497
0.594419212712766,-0.0130469486968252,0.261,0.222,1,"SCYL1","Not significant",0.225907161831113,0.225907161831113
0.594469314326181,-0.114449076335177,0.679,0.654,1,"ANKRD12","Not significant",0.22587055813992,0.22587055813992
0.59484619712648,-0.101293356912843,0.162,0.136,1,"AL442128.2","Not significant",0.225595310530019,0.225595310530019
0.595072850072745,0.176926998481646,0.273,0.247,1,"COX14","Not significant",0.225429863770775,0.225429863770775
0.595132522941324,0.0341654948767762,0.107,0.086,1,"TET3","Not significant",0.225386315660252,0.225386315660252
0.595199052812255,-0.348054183721894,0.359,0.358,1,"EP300","Not significant",0.22533776858909,0.22533776858909
0.595295895019527,0.0756121815679652,0.689,0.63,1,"PNN","Not significant",0.225267112201337,0.225267112201337
0.595328062654902,-0.176579884643849,0.501,0.506,1,"NCOR2","Not significant",0.225243645133581,0.225243645133581
0.595585249457026,-0.146173304133276,0.739,0.704,1,"GUK1","Not significant",0.225056066727024,0.225056066727024
0.596125749694804,-0.321875813611436,0.181,0.198,1,"PAPSS1","Not significant",0.224662118383848,0.224662118383848
0.596212028643348,0.0942533940034362,0.135,0.111,1,"ATXN1L","Not significant",0.224599266275992,0.224599266275992
0.596579058375694,0.0580495429713808,0.15,0.123,1,"FAF2","Not significant",0.224331995679795,0.224331995679795
0.596932642738138,-0.581804983279618,0.216,0.222,1,"MVB12A","Not significant",0.224074671446031,0.224074671446031
0.597107626320101,0.162377675848765,0.454,0.383,1,"VAMP2","Not significant",0.223947381928945,0.223947381928945
0.597351330837379,-0.737452549670358,0.135,0.148,1,"HADH","Not significant",0.223770164406479,0.223770164406479
0.597755628996634,0.28563752364573,0.147,0.123,1,"GBP3","Not significant",0.22347632549129,0.22347632549129
0.597774091325657,0.0598231603458281,0.311,0.272,1,"NUDT16","Not significant",0.223462912043708,0.223462912043708
0.597846873295308,-0.218439014805787,0.171,0.136,1,"PBX2","Not significant",0.223410037748633,0.223410037748633
0.597931956592035,0.207665597976536,0.228,0.198,1,"CDC26","Not significant",0.223348235004832,0.223348235004832
0.598126039499456,-0.0981576197319169,0.912,0.938,1,"TUBB4B","Not significant",0.223207290106274,0.223207290106274
0.598249439322069,-0.193390829628211,0.39,0.333,1,"PA2G4","Not significant",0.223117699734075,0.223117699734075
0.598289426616276,-0.0217017369872634,0.249,0.21,1,"ANKRD17","Not significant",0.223088672241995,0.223088672241995
0.59829529729342,-0.965938624661818,0.121,0.136,1,"RYK","Not significant",0.223084410775778,0.223084410775778
0.598678164400406,0.0997106659354279,0.226,0.198,1,"TIMMDC1","Not significant",0.222806581596004,0.222806581596004
0.598691917266529,0.0632325495656279,0.57,0.481,1,"DDX17","Not significant",0.222796605075028,0.222796605075028
0.598704552905299,-0.315558947472342,0.442,0.444,1,"GAS6","Not significant",0.222787439208366,0.222787439208366
0.598707369578081,-0.904707050905909,0.095,0.111,1,"CFL2","Not significant",0.222785396026027,0.222785396026027
0.598754413559292,0.24117251921116,0.133,0.111,1,"ADA","Not significant",0.22275127227904,0.22275127227904
0.598815905106333,-0.348352058612244,0.204,0.222,1,"ATF6B","Not significant",0.222706672911185,0.222706672911185
0.59916007199551,-0.196828754543534,0.152,0.123,1,"TMEM218","Not significant",0.222457135712121,0.222457135712121
0.599280270407582,-0.254413190942983,0.518,0.506,1,"THEMIS2","Not significant",0.222370019974401,0.222370019974401
0.59970918665763,0.190264355329302,0.371,0.333,1,"NDUFB5","Not significant",0.222059298362225,0.222059298362225
0.600267729148976,0.191091312742311,1,1,1,"JUND","Not significant",0.221655004019187,0.221655004019187
0.600301945441625,0.0749265276840845,0.352,0.309,1,"FLII","Not significant",0.22163024919253,0.22163024919253
0.601218899428495,-0.0954617675135262,0.371,0.309,1,"KRR1","Not significant",0.220967375742321,0.220967375742321
0.601318651702094,0.180904717126297,0.15,0.123,1,"DALRD3","Not significant",0.220895324999224,0.220895324999224
0.60161108888917,-0.16676866959583,0.283,0.235,1,"OTUB1","Not significant",0.220684167431385,0.220684167431385
0.60195158696065,-0.522296581322841,0.223,0.235,1,"ECHDC1","Not significant",0.220438436252685,0.220438436252685
0.602130630400295,-0.242030866431562,0.494,0.469,1,"SKAP2","Not significant",0.220309279659703,0.220309279659703
0.60228373522454,-0.213856611237148,0.192,0.16,1,"COQ2","Not significant",0.220198864867953,0.220198864867953
0.602295563568882,-0.428800611048828,0.392,0.407,1,"AKAP9","Not significant",0.220190335774546,0.220190335774546
0.602494258782557,-0.264278648143166,0.363,0.358,1,"PAK2","Not significant",0.220047087161284,0.220047087161284
0.60270077830108,0.0538057510164398,0.385,0.346,1,"NUMA1","Not significant",0.219898247703076,0.219898247703076
0.602795275623008,-0.279512386282922,0.211,0.173,1,"OPA3","Not significant",0.219830160104749,0.219830160104749
0.602928058794074,-0.0492233932516952,0.371,0.395,1,"VAMP3","Not significant",0.21973450466362,0.21973450466362
0.603040261307634,0.0212825000514971,0.907,0.914,1,"SRP14","Not significant",0.219653691707221,0.219653691707221
0.603580954485729,-0.526984909567235,0.197,0.21,1,"YTHDF1","Not significant",0.219264472495271,0.219264472495271
0.603580954485729,-0.405226533553548,0.197,0.21,1,"GSK3A","Not significant",0.219264472495271,0.219264472495271
0.603927808780526,0.187542446689,0.107,0.086,1,"PPP1R3B","Not significant",0.219014972176962,0.219014972176962
0.60395349919945,-0.274129326658314,0.565,0.543,1,"MAP3K2","Not significant",0.218996498164483,0.218996498164483
0.604144959060567,-0.767519522653863,0.164,0.173,1,"EFTUD2","Not significant",0.218858843884211,0.218858843884211
0.604707964222839,-0.302671637278366,0.375,0.395,1,"POLR2A","Not significant",0.218454311540818,0.218454311540818
0.605388577119501,-0.245223823270021,0.435,0.432,1,"DNAJC2","Not significant",0.217965777863705,0.217965777863705
0.605398577689074,0.206950556538471,0.147,0.123,1,"SPOP","Not significant",0.217958603700741,0.217958603700741
0.605431065721218,-0.130291258345052,0.264,0.21,1,"TMED3","Not significant",0.217935298402316,0.217935298402316
0.605893328751594,-0.275531327429027,0.615,0.593,1,"ARL4A","Not significant",0.217603829319481,0.217603829319481
0.606135720457669,-0.0498959242766275,0.107,0.086,1,"ARHGAP17","Not significant",0.217430121631732,0.217430121631732
0.6061592137478,-0.173487811725746,0.221,0.185,1,"HDAC2","Not significant",0.217413289083845,0.217413289083845
0.606438666745008,-0.599837166185893,0.399,0.383,1,"SDS","Not significant",0.217213115722601,0.217213115722601
0.606629561530793,-0.501031916492068,0.095,0.111,1,"SENP2","Not significant",0.217076430001481,0.217076430001481
0.606718154433413,-0.145856464205141,0.375,0.395,1,"PSMD4","Not significant",0.217013009749716,0.217013009749716
0.606783106281476,-0.125988506614159,0.162,0.136,1,"COQ7","Not significant",0.216966519102953,0.216966519102953
0.606828503479522,-0.0103542111246528,0.164,0.136,1,"NOCT","Not significant",0.21693402806141,0.21693402806141
0.606931768549306,0.0755402575812729,0.209,0.185,1,"CLIC2","Not significant",0.216860129695938,0.216860129695938
0.606991228078734,-0.506768270946178,0.109,0.086,1,"RASD1","Not significant",0.216817585077178,0.216817585077178
0.607468699442897,-0.390662657233202,0.107,0.123,1,"TARSL2","Not significant",0.216476094699921,0.216476094699921
0.60764727384868,-0.647233963495908,0.109,0.123,1,"TEX261","Not significant",0.216348446176975,0.216348446176975
0.607888216065861,0.159905788240859,0.249,0.222,1,"SF3B4","Not significant",0.216176275347545,0.216176275347545
0.607893328560943,0.279637145881802,0.119,0.099,1,"DCSTAMP","Not significant",0.216172622835443,0.216172622835443
0.608058899998281,-0.161960496364675,0.176,0.148,1,"YKT6","Not significant",0.216054350488303,0.216054350488303
0.608061099959354,-0.0973313918014591,0.572,0.531,1,"N4BP2L2","Not significant",0.216052779210872,0.216052779210872
0.608102729194611,-0.24727500101735,0.252,0.272,1,"ANAPC5","Not significant",0.216023047448207,0.216023047448207
0.608321075530899,-0.744094936460783,0.173,0.185,1,"P2RY11","Not significant",0.215867136967594,0.215867136967594
0.608446607839376,0.08827874153247,0.608,0.556,1,"MYLIP","Not significant",0.215777525795616,0.215777525795616
0.608947747815443,0.13419964523382,0.119,0.099,1,"CRIPT","Not significant",0.215419971421309,0.215419971421309
0.609010741799778,-0.174236482522246,0.121,0.099,1,"ROCK2","Not significant",0.215375047164781,0.215375047164781
0.609040530446241,-0.591650346768523,0.119,0.136,1,"FAM214A","Not significant",0.215353804964096,0.215353804964096
0.609056033802397,-0.234055215240401,0.223,0.185,1,"CD2AP","Not significant",0.215342749975144,0.215342749975144
0.609868125500098,-0.299556300507699,0.214,0.235,1,"TMEM189","Not significant",0.214764064266765,0.214764064266765
0.610039069660691,-0.515632482116903,0.095,0.111,1,"CMAS","Not significant",0.214642349915969,0.214642349915969
0.610044424982662,-0.403983873165885,0.145,0.16,1,"MYO15B","Not significant",0.214638537411676,0.214638537411676
0.610366384373316,-0.319116328442013,0.166,0.185,1,"MR1","Not significant",0.214409392948304,0.214409392948304
0.610416433588789,-0.239577567184538,0.442,0.42,1,"MAN1A1","Not significant",0.214373782849937,0.214373782849937
0.610501835159171,-0.298494489868801,0.245,0.259,1,"GCLC","Not significant",0.214313026234572,0.214313026234572
0.611278532488408,-0.234602180939655,0.333,0.284,1,"IFI35","Not significant",0.213760855945103,0.213760855945103
0.611321674092144,-0.128892407057681,0.233,0.259,1,"ALG5","Not significant",0.213730206252178,0.213730206252178
0.611411574484494,-0.31061270859271,0.169,0.136,1,"UROS","Not significant",0.213666344008415,0.213666344008415
0.611927753942411,-0.234958758606995,0.226,0.185,1,"TBC1D22A","Not significant",0.213299848959429,0.213299848959429
0.612155276269093,-0.128758000206002,0.121,0.099,1,"ADPRH","Not significant",0.213138402897868,0.213138402897868
0.612211902972381,-0.0238872277700843,0.135,0.16,1,"SLC1A4","Not significant",0.213098230856016,0.213098230856016
0.612483263214011,-0.166409164275303,0.109,0.086,1,"LMF1","Not significant",0.212905774380755,0.212905774380755
0.613174054644734,-0.364290782336461,0.126,0.099,1,"CWC22","Not significant",0.212416229817354,0.212416229817354
0.613269934431914,-0.824636913525521,0.097,0.111,1,"ZNF708","Not significant",0.21234832608436,0.21234832608436
0.613325030808481,0.376394966316834,0.249,0.222,1,"SAMD9L","Not significant",0.212309310675019,0.212309310675019
0.613448962790947,-0.181573332972083,0.523,0.519,1,"RAB10","Not significant",0.212221563499777,0.212221563499777
0.613554780318831,-0.204214308046019,0.698,0.704,1,"RNH1","Not significant",0.212146655874074,0.212146655874074
0.61360676696415,-0.438253875906365,0.238,0.247,1,"KIF13B","Not significant",0.212109859556168,0.212109859556168
0.61372038756529,-0.0216258531819817,0.15,0.123,1,"PPP1R35","Not significant",0.212029449373659,0.212029449373659
0.613721169849502,-0.0944361154621103,0.337,0.284,1,"CLPTM1","Not significant",0.212028895796644,0.212028895796644
0.613764731855277,0.0404695685485401,0.836,0.815,1,"ARPC2","Not significant",0.211998070613707,0.211998070613707
0.61379026032155,-0.308772657578361,0.105,0.123,1,"CEP250","Not significant",0.211980007272991,0.211980007272991
0.613956041806953,0.268389840005231,0.223,0.198,1,"TSPAN33","Not significant",0.211862722481133,0.211862722481133
0.614083906351111,-0.796517114608839,0.109,0.123,1,"TMCC1","Not significant",0.211772284273088,0.211772284273088
0.614153805637911,0.0427522597083625,0.309,0.259,1,"NAGLU","Not significant",0.211722852678076,0.211722852678076
0.614209777267874,-0.0126724841669672,0.394,0.346,1,"LEPROT","Not significant",0.211683274542756,0.211683274542756
0.614264586680883,0.0796978872039653,0.311,0.272,1,"FEM1C","Not significant",0.211644521718374,0.211644521718374
0.615095111224018,-0.0616150472395023,0.166,0.136,1,"ZNF277","Not significant",0.211057724735104,0.211057724735104
0.615448023060228,0.213072395419649,0.131,0.111,1,"FHIT","Not significant",0.21080861901423,0.21080861901423
0.615520014001397,-0.0890656187925075,0.368,0.321,1,"REV3L","Not significant",0.210757821158248,0.210757821158248
0.615537853614771,-0.328810542021284,0.178,0.148,1,"PRKCH","Not significant",0.210745234185934,0.210745234185934
0.615675426017665,0.162270803365024,0.793,0.716,1,"FABP5","Not significant",0.210648180431437,0.210648180431437
0.616496593224738,-0.725063471007348,0.157,0.173,1,"UBE2G1","Not significant",0.210069318983554,0.210069318983554
0.616831266998533,-0.650528363857354,0.779,0.716,1,"SPP1","Not significant",0.209833620137445,0.209833620137445
0.617337733417612,0.184469633732695,0.523,0.469,1,"MTSS1","Not significant",0.209477176922054,0.209477176922054
0.617709960697534,-0.282443998224458,0.233,0.247,1,"SIRT7","Not significant",0.209215395519847,0.209215395519847
0.618110544160845,0.0427732337130777,0.468,0.395,1,"GADD45GIP1","Not significant",0.208933847846756,0.208933847846756
0.618262620383495,-0.561828366344284,0.162,0.173,1,"KBTBD2","Not significant",0.208827009771403,0.208827009771403
0.618266768026462,-0.320743809764619,0.245,0.259,1,"PRPF31","Not significant",0.208824096296851,0.208824096296851
0.618515293247934,-0.190042555342491,0.181,0.148,1,"REEP3","Not significant",0.208649557649935,0.208649557649935
0.619510821203912,-0.0420815274032331,0.717,0.642,1,"COX5B","Not significant",0.207951103253856,0.207951103253856
0.619725448747711,0.00893058011884551,0.641,0.593,1,"BRK1","Not significant",0.207800669375945,0.207800669375945
0.619736841764866,-0.275016777442068,0.513,0.407,1,"SSB","Not significant",0.207792685390436,0.207792685390436
0.620058286124017,-0.142100374767525,0.152,0.123,1,"LCMT1","Not significant",0.207567484449722,0.207567484449722
0.620076814225875,-0.0957185212149676,0.489,0.469,1,"SPCS3","Not significant",0.207554507391988,0.207554507391988
0.620126268811768,0.0709237418382593,0.135,0.111,1,"IBTK","Not significant",0.207519871364933,0.207519871364933
0.620275499965175,-0.408286398458244,0.382,0.321,1,"HADHB","Not significant",0.207415372534962,0.207415372534962
0.620388019075488,-0.18821067575526,0.138,0.111,1,"HS1BP3","Not significant",0.207336597866243,0.207336597866243
0.620453387679225,-0.307490843405493,0.219,0.235,1,"PLAA","Not significant",0.207290839844687,0.207290839844687
0.620550410112315,-0.72973265084579,0.109,0.123,1,"SLC37A4","Not significant",0.207222933030103,0.207222933030103
0.620575583255477,-0.104066814949666,0.121,0.099,1,"GCNT2","Not significant",0.207205315870802,0.207205315870802
0.620575583255477,0.0139827625067772,0.121,0.099,1,"TULP4","Not significant",0.207205315870802,0.207205315870802
0.620621198245054,-0.589652251144213,0.183,0.198,1,"NAGPA","Not significant",0.20717339452107,0.20717339452107
0.620660642702945,-0.0859621518634892,0.164,0.136,1,"HDGFL2","Not significant",0.207145793198237,0.207145793198237
0.620678182601299,0.179729475259973,0.382,0.346,1,"TSSC4","Not significant",0.207133520189589,0.207133520189589
0.620814207292893,-0.024439656762683,0.147,0.123,1,"DRG1","Not significant",0.207038352835075,0.207038352835075
0.620842303394419,-0.518459131561772,0.121,0.136,1,"TTF1","Not significant",0.20701869847535,0.20701869847535
0.621411863331802,-0.170733372086845,0.352,0.358,1,"CLIC4","Not significant",0.206620459915357,0.206620459915357
0.621426163986578,-0.117419312234544,0.382,0.395,1,"PSMA3-AS1","Not significant",0.206610465539065,0.206610465539065
0.621537954907165,-0.130990650742183,0.166,0.136,1,"KHNYN","Not significant",0.206532345536515,0.206532345536515
0.621604391107104,0.425344018064515,0.154,0.136,1,"UBR2","Not significant",0.206485926274631,0.206485926274631
0.621663993111957,-0.897967921457409,0.112,0.123,1,"AGO4","Not significant",0.20644428631633,0.20644428631633
0.622173522141694,-0.320050410090154,0.416,0.432,1,"KDM2A","Not significant",0.206088475118085,0.206088475118085
0.622301398482653,-0.270754600642304,0.171,0.136,1,"PHACTR2","Not significant",0.205999223035107,0.205999223035107
0.622301577821752,0.125204122047073,0.454,0.395,1,"FKBP4","Not significant",0.205999097877153,0.205999097877153
0.622896754400878,0.0895106658544325,0.335,0.296,1,"RAB8B","Not significant",0.205583932008282,0.205583932008282
0.623268211187328,-0.344366488586192,0.368,0.37,1,"CASP4","Not significant",0.205325023048629,0.205325023048629
0.623466599450249,-0.564862454292975,0.147,0.16,1,"MS4A14","Not significant",0.20518680772352,0.20518680772352
0.623725401382586,-0.368917113387592,0.209,0.222,1,"TBC1D16","Not significant",0.205006568830618,0.205006568830618
0.623744140497946,-0.52341536743349,0.107,0.123,1,"HAGHL","Not significant",0.204993521146287,0.204993521146287
0.623770067790543,-0.278244977262285,0.392,0.321,1,"CNOT2","Not significant",0.204975469119253,0.204975469119253
0.624002431633644,-0.106752749040573,0.283,0.235,1,"PDPR","Not significant",0.204813717940948,0.204813717940948
0.624306951503953,-0.482799347707642,0.2,0.21,1,"UHMK1","Not significant",0.204601829279828,0.204601829279828
0.624341502510682,-0.0826605200613507,0.658,0.679,1,"SF3B1","Not significant",0.204577794794345,0.204577794794345
0.624353854824734,-0.0437424054163071,0.188,0.16,1,"PNKP","Not significant",0.204569202559577,0.204569202559577
0.624379301853507,-0.229281570176704,0.444,0.407,1,"SUMO1","Not significant",0.20455150221404,0.20455150221404
0.624520675890052,-0.00564075536989778,0.608,0.531,1,"HNRNPF","Not significant",0.204453178945064,0.204453178945064
0.624577174347921,-0.115696452899369,0.936,0.926,1,"AKAP13","Not significant",0.204413891440885,0.204413891440885
0.624605633752581,-0.1851723749096,0.394,0.395,1,"MLF2","Not significant",0.2043941028842,0.2043941028842
0.624973962943409,-0.396844963964302,0.195,0.21,1,"ATG5","Not significant",0.204138075432797,0.204138075432797
0.624984400671406,-0.175983271042389,0.19,0.16,1,"IFNAR2","Not significant",0.204130822314926,0.204130822314926
0.625106156610382,-0.0533927932359509,0.539,0.543,1,"TLN1","Not significant",0.204046223751573,0.204046223751573
0.625472878213324,-0.155046312455716,0.48,0.469,1,"WDR26","Not significant",0.203791517461635,0.203791517461635
0.625479712450452,-0.585240934257174,0.387,0.37,1,"NUDT4","Not significant",0.20378677216354,0.20378677216354
0.625792173443571,0.163568180162642,0.264,0.235,1,"MRPL43","Not significant",0.203569872719906,0.203569872719906
0.626621379296188,0.140395145508428,0.316,0.284,1,"GNPTG","Not significant",0.202994791784402,0.202994791784402
0.626733379808643,0.165018631468048,0.19,0.16,1,"AGO2","Not significant",0.202917174167673,0.202917174167673
0.627132049966259,0.0244325872276618,0.283,0.247,1,"TMEM248","Not significant",0.202641003772868,0.202641003772868
0.627293400893899,0.137879720275061,0.157,0.136,1,"DCTD","Not significant",0.202529281202408,0.202529281202408
0.62761176381026,0.02242009930321,0.271,0.247,1,"PCSK7","Not significant",0.20230892469313,0.20230892469313
0.627681414070729,0.0433517565572812,0.23,0.198,1,"TNRC6B","Not significant",0.202260730814044,0.202260730814044
0.628007106789204,-0.235011283461479,0.318,0.333,1,"COMMD9","Not significant",0.202035441578295,0.202035441578295
0.628115910784189,-0.248215126846769,0.107,0.123,1,"NBEAL2","Not significant",0.201960205356861,0.201960205356861
0.628189541628559,-0.44252832374836,0.135,0.111,1,"MTX2","Not significant",0.201909298199875,0.201909298199875
0.628251686261306,-0.612810760252328,0.15,0.16,1,"SEC24A","Not significant",0.201866337064081,0.201866337064081
0.628337260203661,0.0279909044769844,0.242,0.21,1,"SPTLC1","Not significant",0.201807185993046,0.201807185993046
0.628400528466852,-0.17644156703959,0.138,0.111,1,"RPS6KA2","Not significant",0.201763458402686,0.201763458402686
0.628477968065645,-0.040391171118445,0.247,0.21,1,"WDR13","Not significant",0.201709942345928,0.201709942345928
0.62857476768962,-0.00849441159911868,0.42,0.383,1,"HOMER3","Not significant",0.201643056460507,0.201643056460507
0.628585505490376,-0.27841621681724,0.147,0.123,1,"ZNF276","Not significant",0.201635637569352,0.201635637569352
0.62904591014976,-0.118109560464662,0.121,0.099,1,"METTL2B","Not significant",0.201317656944092,0.201317656944092
0.629144573877235,-0.316392630086118,0.437,0.42,1,"ADPGK","Not significant",0.201249544662147,0.201249544662147
0.629159378563273,-0.211862598967177,0.808,0.753,1,"SEC61B","Not significant",0.201239325202151,0.201239325202151
0.62920170598824,-0.486607878463668,0.147,0.16,1,"THAP12","Not significant",0.201210108521296,0.201210108521296
0.629518081160926,-0.460144570364588,0.095,0.111,1,"WDR77","Not significant",0.20099179147249,0.20099179147249
0.629518235565593,-0.166845222014167,0.273,0.235,1,"RDH11","Not significant",0.200991684951186,0.200991684951186
0.629656070236011,0.1386222528701,0.28,0.247,1,"SEC13","Not significant",0.200896605442749,0.200896605442749
0.629735336781555,-0.753685248495763,0.135,0.148,1,"IPMK","Not significant",0.200841936142668,0.200841936142668
0.629853957526019,-0.103960817843305,0.261,0.21,1,"RAMMET","Not significant",0.200760137519664,0.200760137519664
0.629983059428295,-0.324173977810474,0.124,0.099,1,"ENDOV","Not significant",0.200671128793609,0.200671128793609
0.630210709095727,-0.0764710631639725,0.295,0.247,1,"MRPS16","Not significant",0.200514221184768,0.200514221184768
0.630210709095727,-0.281773096176916,0.285,0.296,1,"IL17RA","Not significant",0.200514221184768,0.200514221184768
0.630372861437114,0.286905049668826,0.632,0.568,1,"SMAP2","Not significant",0.200402492190154,0.200402492190154
0.631005541735347,0.0145573864953064,0.133,0.111,1,"KLHDC8B","Not significant",0.199966826596574,0.199966826596574
0.631242860655517,-0.0537936607265345,0.463,0.383,1,"STK4","Not significant",0.199803520707654,0.199803520707654
0.632688592000938,-0.348837853536092,0.437,0.407,1,"TMEM176A","Not significant",0.19880999622792,0.19880999622792
0.632931123117786,-0.0109487221613609,0.967,0.951,1,"JUNB","Not significant",0.198643548240791,0.198643548240791
0.633018323318908,0.213661181109283,0.154,0.136,1,"RRP36","Not significant",0.198583718732852,0.198583718732852
0.633052570456416,0.168188220295507,0.268,0.235,1,"NCEH1","Not significant",0.198560223456375,0.198560223456375
0.63367975217712,0.0231232455449117,0.808,0.765,1,"PRRC2C","Not significant",0.198130169564415,0.198130169564415
0.634084368851398,-0.481467808191889,0.133,0.148,1,"NPEPL1","Not significant",0.197852952703682,0.197852952703682
0.634138848686457,-0.270431611296257,0.382,0.383,1,"ATRX","Not significant",0.19781564019997,0.19781564019997
0.634672093804217,-0.174509368333895,0.283,0.247,1,"TRIP12","Not significant",0.197450596964568,0.197450596964568
0.634969885392035,-0.612963535003351,0.145,0.16,1,"SEC23B","Not significant",0.197246871429595,0.197246871429595
0.635039051524037,0.157029058007951,0.589,0.531,1,"CD55","Not significant",0.197199567086107,0.197199567086107
0.635068316359763,-0.273095619220257,0.48,0.407,1,"SMG1","Not significant",0.197179553728192,0.197179553728192
0.635400167441687,-0.53392309562682,0.328,0.321,1,"MVP","Not significant",0.196952675062867,0.196952675062867
0.635500935901121,-0.148174739593938,0.352,0.296,1,"CCT8","Not significant",0.196883805524775,0.196883805524775
0.63566490277846,0.141408356369803,0.261,0.235,1,"GLRX5","Not significant",0.196771766783218,0.196771766783218
0.635797919982743,-0.409794243035455,0.107,0.123,1,"RBMXL1","Not significant",0.196680897216299,0.196680897216299
0.635906513935945,-0.199671910129636,0.318,0.333,1,"PLCB2","Not significant",0.196606726279247,0.196606726279247
0.635906525600188,-0.566513760129437,0.323,0.309,1,"AAK1","Not significant",0.196606718313113,0.196606718313113
0.636111028040296,0.036195788339664,0.133,0.111,1,"MED31","Not significant",0.196467075142646,0.196467075142646
0.636234217981533,-0.0159584332018046,0.214,0.185,1,"FYTTD1","Not significant",0.196382977352303,0.196382977352303
0.636288502826719,-0.384425617680486,0.107,0.086,1,"FLAD1","Not significant",0.196345924011967,0.196345924011967
0.636381375006561,-0.130370156924104,0.444,0.383,1,"CD59","Not significant",0.196282539349531,0.196282539349531
0.636651921194701,0.0815623267485655,0.297,0.259,1,"ELMO1","Not significant",0.196097946034135,0.196097946034135
0.636714673460833,-0.277372827150744,0.558,0.531,1,"FKBP2","Not significant",0.196055141451315,0.196055141451315
0.636969052990141,-0.755488366411606,0.157,0.173,1,"ZNF577","Not significant",0.195881667259784,0.195881667259784
0.637039663219932,-0.447233921472053,0.264,0.272,1,"TESK1","Not significant",0.195833526877688,0.195833526877688
0.637328778374654,-0.0215545379006599,0.784,0.741,1,"YBX3","Not significant",0.195636470650641,0.195636470650641
0.637417349234819,-0.608824982338516,0.107,0.086,1,"UBE2O","Not significant",0.195576120067798,0.195576120067798
0.637833241603212,0.103639516569473,0.145,0.123,1,"CD300C","Not significant",0.195292850617292,0.195292850617292
0.637842990121011,-0.7577027870933,0.112,0.123,1,"TRIM47","Not significant",0.195286212996583,0.195286212996583
0.637901343928508,0.0500616675233578,0.105,0.086,1,"CC2D1A","Not significant",0.195246482878352,0.195246482878352
0.638096889493632,-0.646305773300641,0.133,0.148,1,"CXorf38","Not significant",0.195113372411058,0.195113372411058
0.638152591351356,-0.0499777720644303,0.19,0.16,1,"IMMT","Not significant",0.195075462880328,0.195075462880328
0.638152591351356,-0.297253996237685,0.183,0.198,1,"MYO1C","Not significant",0.195075462880328,0.195075462880328
0.638357729906461,0.0156946871730272,0.147,0.123,1,"CCDC22","Not significant",0.194935878355564,0.194935878355564
0.638357729906461,0.0607973439572214,0.147,0.123,1,"UCKL1","Not significant",0.194935878355564,0.194935878355564
0.638390373068891,0.19306071358307,0.39,0.358,1,"ITPRIP","Not significant",0.194913670771648,0.194913670771648
0.638548522536873,0.266473369656804,0.276,0.247,1,"RRP12","Not significant",0.194806095629488,0.194806095629488
0.63876992100421,0.113960427270031,0.34,0.296,1,"CCDC50","Not significant",0.194655542517043,0.194655542517043
0.638927863024763,-0.920468778843862,0.112,0.123,1,"PYCR2","Not significant",0.194548172293515,0.194548172293515
0.639084689730937,-0.372583804903923,0.223,0.235,1,"AP5B1","Not significant",0.194441586527513,0.194441586527513
0.639182659248892,-0.0018747422332166,0.133,0.111,1,"CPED1","Not significant",0.194375015757071,0.194375015757071
0.639439661259027,-0.183207044639798,0.154,0.173,1,"NOTCH1","Not significant",0.194200430104134,0.194200430104134
0.640095644146243,-0.138146478542988,0.257,0.272,1,"MAPKAPK3","Not significant",0.19375512817007,0.19375512817007
0.640107142117199,-0.535129558156957,0.133,0.148,1,"MED19","Not significant",0.193747327053883,0.193747327053883
0.641111293199575,0.201348082486638,0.181,0.16,1,"RRAGD","Not significant",0.193066572935234,0.193066572935234
0.641122490448403,0.201119689217915,0.318,0.284,1,"PTPN2","Not significant",0.193058987885704,0.193058987885704
0.641153369079574,-0.183413856975507,0.29,0.309,1,"DRAM1","Not significant",0.193038071295832,0.193038071295832
0.641301792433627,-0.231792761316178,0.147,0.123,1,"GSTZ1","Not significant",0.192937546231295,0.192937546231295
0.642117075029856,-0.145679651333834,0.173,0.148,1,"SETDB2","Not significant",0.192385781270786,0.192385781270786
0.64291448917523,-0.426147648523474,0.121,0.099,1,"EPOP","Not significant",0.191846786560888,0.191846786560888
0.642920730891722,-0.0642341357884473,0.349,0.309,1,"DOCK2","Not significant",0.191842570246095,0.191842570246095
0.643034293955683,0.0147776413439309,0.173,0.148,1,"CPNE3","Not significant",0.191765864900727,0.191765864900727
0.643049806224532,0.140448729418704,0.371,0.346,1,"IMP3","Not significant",0.191755388303182,0.191755388303182
0.643234330456621,0.0362089046073616,0.375,0.333,1,"DYNLL2","Not significant",0.19163078464208,0.19163078464208
0.64324189357855,0.0684730938677629,0.143,0.123,1,"NUDT21","Not significant",0.191625678256034,0.191625678256034
0.643275067007517,0.368268490104523,0.116,0.099,1,"ICE1","Not significant",0.191603281291842,0.191603281291842
0.643296530746656,-0.210745599640886,0.539,0.543,1,"RABAC1","Not significant",0.191588790713182,0.191588790713182
0.643427798184063,-0.185650354857763,0.135,0.111,1,"RPAP3","Not significant",0.191500180087525,0.191500180087525
0.643476090504554,-0.0713051007334308,0.449,0.395,1,"PHPT1","Not significant",0.191467585441566,0.191467585441566
0.643595422035226,-0.214572897697226,0.432,0.432,1,"TPD52L2","Not significant",0.191387053746269,0.191387053746269
0.643595450161196,-0.487511738386163,0.259,0.259,1,"RARA","Not significant",0.191387034767027,0.191387034767027
0.643637069116762,-0.435037975095818,0.154,0.123,1,"TRIM26","Not significant",0.191358951444892,0.191358951444892
0.643697031575808,-0.582762046325507,0.135,0.148,1,"CYBRD1","Not significant",0.19131849362576,0.19131849362576
0.643991987699575,-0.0823255773928375,0.192,0.16,1,"NAP1L4","Not significant",0.19111953593135,0.19111953593135
0.644142282319907,-0.161719216928209,0.534,0.481,1,"ILF3","Not significant",0.191018192265421,0.191018192265421
0.644224141355338,-0.211761377279396,0.342,0.358,1,"CSNK1G2","Not significant",0.190963004662304,0.190963004662304
0.644418613635034,0.169358778529997,0.157,0.136,1,"MTA1","Not significant",0.190831923742834,0.190831923742834
0.64480086492673,-0.478909334806157,0.121,0.136,1,"CPNE2","Not significant",0.19057438864612,0.19057438864612
0.64515346662627,0.266399088506315,0.264,0.235,1,"BCKDK","Not significant",0.190336964773836,0.190336964773836
0.645195672568378,-0.196770093591945,0.432,0.42,1,"ADAM28","Not significant",0.190308554156568,0.190308554156568
0.645233989707989,0.327389985491106,0.143,0.123,1,"LEAP2","Not significant",0.190282762867377,0.190282762867377
0.645258630293215,0.00591806651521765,0.368,0.321,1,"NDUFB9","Not significant",0.190266178084124,0.190266178084124
0.645344478881026,-0.239635456566462,0.133,0.111,1,"CBWD1","Not significant",0.190208401114961,0.190208401114961
0.645585454809953,-0.16678586877396,0.209,0.173,1,"CREB3","Not significant",0.190046262931177,0.190046262931177
0.646132914211048,-0.191743388878471,0.121,0.099,1,"ARL14EP","Not significant",0.189678135300729,0.189678135300729
0.646373835092787,-0.300397988887543,0.133,0.111,1,"WDR37","Not significant",0.18951623191294,0.18951623191294
0.646373835092787,0.176271713947334,0.133,0.111,1,"MBD1","Not significant",0.18951623191294,0.18951623191294
0.646732253411688,0.0416999774031352,0.145,0.123,1,"TRIM13","Not significant",0.189275479659924,0.189275479659924
0.646995580486812,-0.236520153613884,0.183,0.198,1,"CRCP","Not significant",0.189098685910505,0.189098685910505
0.647036828673835,-0.555725826232222,0.366,0.358,1,"SUSD6","Not significant",0.189070999030498,0.189070999030498
0.64704432827479,0.233393876340933,0.105,0.086,1,"LRRC4","Not significant",0.189065965288535,0.189065965288535
0.64704432827479,-0.0158019068639703,0.105,0.086,1,"MT1E","Not significant",0.189065965288535,0.189065965288535
0.64709659168177,-0.347359856587307,0.178,0.148,1,"TSPAN15","Not significant",0.189030887641396,0.189030887641396
0.64713375175103,-0.248565718132081,0.297,0.309,1,"SPTY2D1","Not significant",0.189005948629399,0.189005948629399
0.647225386453358,-0.0267801280228746,0.587,0.506,1,"SPCS2","Not significant",0.188944456506442,0.188944456506442
0.647705679047416,-0.349071608254834,0.418,0.407,1,"EVI2A","Not significant",0.18862229505952,0.18862229505952
0.647970293959872,-0.0638190226273501,0.242,0.21,1,"COMMD3","Not significant",0.188444903797659,0.188444903797659
0.6480900691187,-0.471718857404922,0.095,0.111,1,"PFKP","Not significant",0.188364633322336,0.188364633322336
0.648434577905426,-0.0758921775267916,0.133,0.111,1,"SMPD1","Not significant",0.188133834364665,0.188133834364665
0.648517585587077,-0.139857005624907,0.119,0.099,1,"TRIM4","Not significant",0.188078242833751,0.188078242833751
0.648770227660618,-0.368752603465937,0.19,0.16,1,"SLC4A2","Not significant",0.187909088296566,0.187909088296566
0.649105357792712,-0.00444503793724205,0.321,0.284,1,"CNIH1","Not significant",0.187684806135851,0.187684806135851
0.649258279555581,-0.530074648890574,0.095,0.111,1,"ENPP4","Not significant",0.187582503396967,0.187582503396967
0.65019783040681,-0.570195535635987,0.133,0.148,1,"EXOC4","Not significant",0.186954484000031,0.186954484000031
0.651069153089358,0.290713686395566,0.221,0.198,1,"CTNNBL1","Not significant",0.186372880540723,0.186372880540723
0.651501195491964,-0.147524813679323,0.254,0.222,1,"MRPL21","Not significant",0.186084783028776,0.186084783028776
0.651862974494022,-0.0461091830702266,0.511,0.531,1,"GOLGA4","Not significant",0.185843685978673,0.185843685978673
0.652785980108212,-0.16729877218623,0.105,0.086,1,"PM20D2","Not significant",0.185229181501475,0.185229181501475
0.652858157837249,0.0631615799649454,0.119,0.099,1,"MFGE8","Not significant",0.185181164758539,0.185181164758539
0.652970273085076,0.106122553170501,0.171,0.148,1,"UTP6","Not significant",0.185106589825974,0.185106589825974
0.653084477288628,-0.23007381807635,0.297,0.309,1,"DGKZ","Not significant",0.185030638560493,0.185030638560493
0.653377043491833,-0.552218094118905,0.097,0.111,1,"NBAS","Not significant",0.184836128599433,0.184836128599433
0.653595535494312,-0.0121703593885694,0.948,0.938,1,"PNRC1","Not significant",0.184690922994623,0.184690922994623
0.653786491040696,-0.50760699399627,0.109,0.086,1,"AP1AR","Not significant",0.184564057336399,0.184564057336399
0.653844175534761,0.0964990642835977,0.159,0.136,1,"SMIM37","Not significant",0.184525740618812,0.184525740618812
0.65393679689636,-0.963153738666062,0.1,0.111,1,"CRYBG1","Not significant",0.18446422428364,0.18446422428364
0.653945147017715,-0.212071911683245,0.119,0.099,1,"C6orf120","Not significant",0.184458678811214,0.184458678811214
0.654038749816148,-0.142902468664485,0.181,0.198,1,"MRPS11","Not significant",0.18439652028003,0.18439652028003
0.654105717100716,-0.264553965637153,0.119,0.136,1,"CNTLN","Not significant",0.184352054973764,0.184352054973764
0.654161560196384,-0.0380919869300789,0.323,0.284,1,"MKRN1","Not significant",0.184314979448393,0.184314979448393
0.654304007280333,-0.20821309279203,0.216,0.185,1,"LSM6","Not significant",0.184220419859964,0.184220419859964
0.654420707912865,-0.248786689345749,0.109,0.123,1,"KMT5B","Not significant",0.18414296668698,0.18414296668698
0.654449816343223,-0.363460675600834,0.107,0.086,1,"ENC1","Not significant",0.184123649832563,0.184123649832563
0.65445281786564,-0.301866148742524,0.276,0.284,1,"KLF11","Not significant",0.184121658019591,0.184121658019591
0.654579489612827,-0.66972100909382,0.202,0.21,1,"MAP3K3","Not significant",0.184037606861077,0.184037606861077
0.654606719888891,0.120398416191418,0.468,0.444,1,"NDUFS7","Not significant",0.184019540739464,0.184019540739464
0.654629497577897,0.232789221507598,0.169,0.148,1,"SRP68","Not significant",0.184004429295838,0.184004429295838
0.65467291590861,-0.103655982229979,0.86,0.852,1,"WSB1","Not significant",0.183975625650088,0.183975625650088
0.654730484632389,0.0102936313859383,0.494,0.457,1,"ANKRD28","Not significant",0.18393743760342,0.18393743760342
0.65494863705244,-0.366359924484533,0.299,0.296,1,"KRAS","Not significant",0.183792757289671,0.183792757289671
0.655032870711475,-0.0851254406182398,0.119,0.099,1,"TMCC3","Not significant",0.18373690579384,0.18373690579384
0.655146252301289,-0.131217659912852,0.777,0.778,1,"EIF4E","Not significant",0.183661738974183,0.183661738974183
0.655534685021842,0.177541572096695,0.437,0.395,1,"CHMP4A","Not significant",0.183404324393317,0.183404324393317
0.655569729905276,0.059869596207693,0.587,0.519,1,"MORF4L2","Not significant",0.18338110763144,0.18338110763144
0.655755734430935,-0.0151970838663174,0.185,0.16,1,"HERC4","Not significant",0.183257902917063,0.183257902917063
0.655886634181029,0.0624591108347829,0.278,0.247,1,"GTF2H5","Not significant",0.183171219167442,0.183171219167442
0.656298793184706,-0.392906658747254,0.164,0.136,1,"ARHGAP9","Not significant",0.182898394331687,0.182898394331687
0.656612876649072,-0.129119958408988,0.306,0.321,1,"MARK3","Not significant",0.18269060469714,0.18269060469714
0.656751259886719,-0.341473307109426,0.276,0.284,1,"AMDHD2","Not significant",0.182599085407023,0.182599085407023
0.656877245720674,-0.260066866409886,0.287,0.296,1,"RPS6KA1","Not significant",0.18251578186661,0.18251578186661
0.657163047820323,0.0530094902161213,0.321,0.284,1,"TBK1","Not significant",0.182326864864048,0.182326864864048
0.657177631770896,-0.236987657825069,0.356,0.383,1,"EIF3B","Not significant",0.182317226983463,0.182317226983463
0.657183809011895,0.121756863204062,0.482,0.432,1,"CCDC85B","Not significant",0.182313144785681,0.182313144785681
0.657204759910781,-0.564159163019032,0.249,0.259,1,"ACOT13","Not significant",0.18229929977821,0.18229929977821
0.657295508530723,-0.122079755578648,0.513,0.457,1,"RNF7","Not significant",0.182239335355395,0.182239335355395
0.65730979746843,-0.11357039797385,0.276,0.235,1,"COPB1","Not significant",0.182229894336452,0.182229894336452
0.657394178067189,-0.0632905400550552,0.105,0.086,1,"HTRA4","Not significant",0.182174146382307,0.182174146382307
0.657418916619056,-0.198321971960503,0.665,0.654,1,"CDC37","Not significant",0.182157803654035,0.182157803654035
0.657487391538599,0.13373897254484,0.116,0.099,1,"GMPPA","Not significant",0.182112571108494,0.182112571108494
0.657861284477059,0.0717235809994467,0.501,0.457,1,"LACTB","Not significant",0.181865671336091,0.181865671336091
0.658053812098696,0.00179617225558881,0.368,0.309,1,"ABI3","Not significant",0.181738590668797,0.181738590668797
0.658287697910711,0.0791136781185613,0.907,0.852,1,"SRSF3","Not significant",0.181584260933162,0.181584260933162
0.658853445863718,-0.348185886498397,0.211,0.222,1,"ZBTB8OS","Not significant",0.181211178321006,0.181211178321006
0.659290058384746,-0.141129502903117,0.321,0.296,1,"LRRC25","Not significant",0.180923473052292,0.180923473052292
0.659989235223522,0.123491867150821,0.154,0.136,1,"MSL2","Not significant",0.180463147975024,0.180463147975024
0.660637837218248,-0.146098571963277,0.278,0.296,1,"DAZAP1","Not significant",0.180036556250854,0.180036556250854
0.660794511287375,-0.284775147715883,0.539,0.494,1,"FKBP1A","Not significant",0.179933573023488,0.179933573023488
0.660794511287375,-0.149119775011537,0.532,0.531,1,"PCF11","Not significant",0.179933573023488,0.179933573023488
0.661021310137792,-0.460709366796719,0.183,0.148,1,"OARD1","Not significant",0.179784539415918,0.179784539415918
0.661159014006088,0.0920522266506338,0.235,0.21,1,"KAT5","Not significant",0.179694076671523,0.179694076671523
0.661179782888191,0.171472287126154,0.52,0.481,1,"ARFGAP3","Not significant",0.179680434462862,0.179680434462862
0.661314144433962,-0.439352300839785,0.107,0.086,1,"SIK2","Not significant",0.179592188344066,0.179592188344066
0.661362272570676,-0.0946309017435949,0.238,0.21,1,"MEPCE","Not significant",0.179560583056575,0.179560583056575
0.661512278094451,-0.390817233341681,0.33,0.333,1,"DCP1A","Not significant",0.179462090616038,0.179462090616038
0.661631614674426,-0.118903448967638,0.494,0.432,1,"PDIA6","Not significant",0.179383751111777,0.179383751111777
0.661763324314334,0.0845466750547484,0.644,0.58,1,"CELF2","Not significant",0.179297305609638,0.179297305609638
0.661783963194238,0.230612437771703,0.128,0.111,1,"GPN2","Not significant",0.179283761172291,0.179283761172291
0.661860242403438,-0.349730674429921,0.337,0.333,1,"ZRANB2","Not significant",0.179233705969336,0.179233705969336
0.662010638553073,-0.351134820786077,0.309,0.259,1,"TSPYL1","Not significant",0.179135031364271,0.179135031364271
0.662692364174861,0.190466629882501,0.102,0.086,1,"CANT1","Not significant",0.178688033507029,0.178688033507029
0.662933515049576,-0.296334852603992,0.28,0.284,1,"RAB11A","Not significant",0.17853002437792,0.17853002437792
0.663094548050164,-0.78168273824283,0.154,0.123,1,"ECD","Not significant",0.178424542833675,0.178424542833675
0.663500461246516,-0.170211438490638,0.192,0.16,1,"LEMD2","Not significant",0.178158770890357,0.178158770890357
0.663608633352167,-0.312502448934036,0.107,0.086,1,"POLR3H","Not significant",0.178087972568085,0.178087972568085
0.663676154881607,-0.188454873982002,0.532,0.531,1,"TMED9","Not significant",0.178043785777231,0.178043785777231
0.6638134668275,-0.375690531475938,0.121,0.136,1,"ANKRD42","Not significant",0.1779539412773,0.1779539412773
0.664089334380319,-0.544611921030041,0.112,0.123,1,"ROBO3","Not significant",0.177773494700125,0.177773494700125
0.664243002560603,0.178892734714228,0.233,0.21,1,"ADRA2B","Not significant",0.177673011950164,0.177673011950164
0.664569408315226,0.0337195648437103,0.76,0.654,1,"RUNX1","Not significant",0.177459654188323,0.177459654188323
0.664759205697012,-0.12156845570938,0.316,0.272,1,"NAA10","Not significant",0.177335639771902,0.177335639771902
0.664797192653653,0.100194894261166,0.779,0.741,1,"COX7C","Not significant",0.17731082318544,0.17731082318544
0.664805865629125,0.089255834383372,0.732,0.679,1,"CLTA","Not significant",0.177305157396141,0.177305157396141
0.664855109626691,-0.445109290171179,0.119,0.099,1,"C11orf24","Not significant",0.177272989201666,0.177272989201666
0.665029441665056,0.0303306160030559,0.102,0.086,1,"HNRNPA1P48","Not significant",0.177159127524514,0.177159127524514
0.665141134957544,-0.600820644145836,0.109,0.086,1,"KATNA1","Not significant",0.177086192847473,0.177086192847473
0.665828221423354,-0.57324539239176,0.15,0.16,1,"ZDHHC20","Not significant",0.176637801025726,0.176637801025726
0.665852469624416,0.0910545504678872,0.694,0.667,1,"LGALS9","Not significant",0.176621985132337,0.176621985132337
0.666004417504303,-0.665501041109319,0.124,0.136,1,"APOBR","Not significant",0.176522890212011,0.176522890212011
0.666155298115916,-0.0464989070145336,0.344,0.358,1,"DENND4A","Not significant",0.176424513693698,0.176424513693698
0.666178849529644,0.0151930044836963,0.325,0.284,1,"BAG6","Not significant",0.176409159814129,0.176409159814129
0.666199204059599,0.280112349041389,0.102,0.086,1,"DFFA","Not significant",0.176395890517149,0.176395890517149
0.666468495298785,-0.0540338179676638,0.765,0.852,1,"LGALS3","Not significant",0.176220375344309,0.176220375344309
0.666748463575999,-0.196513200946112,0.276,0.284,1,"MT1X","Not significant",0.176037976404842,0.176037976404842
0.666769377546457,-0.213845194844622,0.349,0.284,1,"PSMD3","Not significant",0.176024354056966,0.176024354056966
0.667059461604246,-0.262503804738455,0.596,0.568,1,"TAPBP","Not significant",0.175835451397383,0.175835451397383
0.667072599513551,-0.321758333534242,0.192,0.16,1,"NMI","Not significant",0.175826897939024,0.175826897939024
0.667100955426862,-0.084929331837273,0.133,0.111,1,"MFSD14C","Not significant",0.175808437347241,0.175808437347241
0.667387239352065,-0.189469729581039,0.143,0.16,1,"VRK3","Not significant",0.175622101445033,0.175622101445033
0.66811862821424,-0.444365149108218,0.124,0.136,1,"PACS1","Not significant",0.175146419253831,0.175146419253831
0.668250653051575,0.152035270351005,0.309,0.284,1,"KANSL1","Not significant",0.17506060815458,0.17506060815458
0.668380030044492,-0.218432355975279,0.15,0.123,1,"WDR11","Not significant",0.174976534498341,0.174976534498341
0.668394931835882,0.347536060849288,0.192,0.173,1,"SUPT16H","Not significant",0.174966851842762,0.174966851842762
0.66845989412043,-0.189806849980818,0.259,0.222,1,"ZFP91","Not significant",0.174924644175653,0.174924644175653
0.668563611425419,-0.155068885178919,0.238,0.198,1,"KDM5C","Not significant",0.174857264876579,0.174857264876579
0.668962292549279,-0.354793888254199,0.162,0.136,1,"TYK2","Not significant",0.174598361453856,0.174598361453856
0.66897714697601,-0.590107968523941,0.147,0.16,1,"B3GALT6","Not significant",0.174588717974681,0.174588717974681
0.669286066051983,-0.409914676962081,0.188,0.198,1,"POLR2B","Not significant",0.174388216532025,0.174388216532025
0.669358634876844,-0.845323023444615,0.107,0.086,1,"AL136987.1","Not significant",0.17434112974312,0.17434112974312
0.669358748925028,-0.429941962008038,0.534,0.531,1,"NCKAP1L","Not significant",0.174341055746177,0.174341055746177
0.669550998114049,-0.0722911082827729,0.223,0.185,1,"FAM214B","Not significant",0.174216338209837,0.174216338209837
0.669610965085616,-0.724708965871958,0.112,0.123,1,"ARSB","Not significant",0.174177443250779,0.174177443250779
0.669713356248615,-0.37835653761175,0.097,0.111,1,"NEK1","Not significant",0.174111039741988,0.174111039741988
0.669893361268958,-0.222316150747141,0.242,0.21,1,"TRPV2","Not significant",0.173994326102831,0.173994326102831
0.669959336758801,0.380052323316878,0.14,0.123,1,"XRN1","Not significant",0.173951556041249,0.173951556041249
0.670199538858201,0.0897345311148134,0.159,0.136,1,"DCAF7","Not significant",0.173795875324095,0.173795875324095
0.670339573450648,-0.0283974957830005,0.594,0.543,1,"COX7A2","Not significant",0.173705141304568,0.173705141304568
0.670461739305008,-0.758591806440187,0.152,0.16,1,"TBCD","Not significant",0.173626000635376,0.173626000635376
0.670753449125095,-0.226322427633139,0.575,0.519,1,"BNIP3L","Not significant",0.173437085436277,0.173437085436277
0.670879328722607,0.138608248483628,0.651,0.58,1,"SKIL","Not significant",0.173355589492459,0.173355589492459
0.670886353725474,-0.262545247546427,0.097,0.111,1,"BCL9L","Not significant",0.173351041872826,0.173351041872826
0.671080508891241,-0.251442643261243,0.233,0.198,1,"RAB35","Not significant",0.173225374808961,0.173225374808961
0.671100290928451,0.318036520857147,0.19,0.173,1,"MGAT2","Not significant",0.173212572912819,0.173212572912819
0.671119163112369,-0.287481097226952,0.518,0.506,1,"ABHD12","Not significant",0.173200360177692,0.173200360177692
0.671211627088646,-0.0670906225956029,0.238,0.21,1,"MTX1","Not significant",0.173140529031705,0.173140529031705
0.671235254435662,-0.432957514173045,0.159,0.173,1,"ARFRP1","Not significant",0.173125241683545,0.173125241683545
0.671404282392414,-0.221209509498796,0.335,0.333,1,"PDCD5","Not significant",0.173015893035186,0.173015893035186
0.671482436427937,-0.373627330861777,0.173,0.185,1,"G6PD","Not significant",0.172965342432624,0.172965342432624
0.672156319289194,-0.0849585777226838,0.283,0.247,1,"RAF1","Not significant",0.172529713985042,0.172529713985042
0.672311508633405,0.0267060552283958,0.299,0.272,1,"NTAN1","Not significant",0.172429454425475,0.172429454425475
0.672425996854131,0.109000355033473,0.47,0.432,1,"ADRM1","Not significant",0.172355504524589,0.172355504524589
0.672460235239243,-0.0786169552587785,0.105,0.086,1,"DHX8","Not significant",0.17233339181145,0.17233339181145
0.672722129834754,-0.173619422137945,0.145,0.123,1,"ASNSD1","Not significant",0.172164285551867,0.172164285551867
0.673165852948179,-0.1263536425248,0.242,0.21,1,"HCFC1R1","Not significant",0.171877922185672,0.171877922185672
0.673234753879864,0.0360553172537612,0.102,0.086,1,"CCDC137","Not significant",0.171833472867537,0.171833472867537
0.674183707997749,0.0124831722992107,0.252,0.222,1,"RPS6KB2","Not significant",0.171221746641757,0.171221746641757
0.674616650215956,-0.636961725331607,0.214,0.173,1,"DIAPH1","Not significant",0.170942944190879,0.170942944190879
0.674616650215956,-0.106182937385562,0.204,0.222,1,"SATB1","Not significant",0.170942944190879,0.170942944190879
0.67467578074848,0.543573546381907,0.138,0.123,1,"ANKRD26","Not significant",0.170904879701056,0.170904879701056
0.675183796241194,-0.27620084260955,0.249,0.21,1,"STAG2","Not significant",0.170577988905325,0.170577988905325
0.675880849694335,-0.197666212392142,0.247,0.21,1,"KBTBD8","Not significant",0.17012985861628,0.17012985861628
0.676385214337997,-0.154267833004182,0.501,0.469,1,"RELT","Not significant",0.169805894571639,0.169805894571639
0.676490952559799,0.131670003108712,0.209,0.185,1,"ATG7","Not significant",0.169738007314148,0.169738007314148
0.676577443383413,0.0339605016650258,0.413,0.37,1,"KIAA0930","Not significant",0.169682485379566,0.169682485379566
0.676585604454751,0.525128944030949,0.154,0.136,1,"AKT2","Not significant",0.169677246826453,0.169677246826453
0.677014275966374,0.152894988936071,0.178,0.16,1,"ZNF830","Not significant",0.169402173400452,0.169402173400452
0.677122886773731,-0.0860625277360545,0.105,0.086,1,"MACC1","Not significant",0.169332506788074,0.169332506788074
0.677849689296659,-0.0373381020648166,0.447,0.42,1,"IRF7","Not significant",0.168866598678953,0.168866598678953
0.678262478556427,-0.224238132619627,0.164,0.136,1,"TMPO","Not significant",0.168602207417681,0.168602207417681
0.67827582811861,-0.102607004150013,0.884,0.852,1,"MGAT1","Not significant",0.168593659717755,0.168593659717755
0.678352804225335,-0.376835414714192,0.34,0.333,1,"TXNDC17","Not significant",0.16854437534084,0.16854437534084
0.678482730552377,-0.677784009952195,0.112,0.123,1,"SCAMP3","Not significant",0.168461201978093,0.168461201978093
0.678728933174422,0.171919897697296,0.128,0.111,1,"NBEAL1","Not significant",0.16830363710562,0.16830363710562
0.678856743948828,0.191080160484252,0.62,0.58,1,"RAB20","Not significant",0.168221863240218,0.168221863240218
0.678869209451077,-0.0881511040907719,0.183,0.16,1,"YIPF6","Not significant",0.168213888584026,0.168213888584026
0.679189765690407,-0.144736207508712,0.451,0.444,1,"SNX2","Not significant",0.168008866841945,0.168008866841945
0.679586224338124,-0.144329425609111,0.299,0.259,1,"MALT1","Not significant",0.167755433149922,0.167755433149922
0.679675844494858,-0.22893883376316,0.406,0.407,1,"ARL8A","Not significant",0.16769816451794,0.16769816451794
0.680061492546602,-0.0422206263151446,0.948,0.963,1,"YBX1","Not significant",0.167451815725777,0.167451815725777
0.68024864020164,-0.279488292659364,0.119,0.099,1,"CDK5","Not significant",0.167332317690086,0.167332317690086
0.680326096599119,-0.588923686710759,0.249,0.247,1,"RFXANK","Not significant",0.167282869636789,0.167282869636789
0.680418140314215,-0.0583593081932969,0.366,0.321,1,"ZNF644","Not significant",0.167224116380245,0.167224116380245
0.680550644221208,-0.529234312611964,0.202,0.21,1,"EXOC7","Not significant",0.167139550567313,0.167139550567313
0.681161904513645,-0.369808250056937,0.178,0.148,1,"SRGAP3","Not significant",0.16674964890989,0.16674964890989
0.681161920938281,-0.320532390267833,0.171,0.185,1,"HSPA2","Not significant",0.166749638437888,0.166749638437888
0.681816159831814,-0.0359377976140505,0.226,0.198,1,"CMC1","Not significant",0.166332709703467,0.166332709703467
0.682006015049894,-0.227042555456062,0.181,0.198,1,"SNX24","Not significant",0.16621179500414,0.16621179500414
0.68202654847634,-0.288707991588042,0.316,0.259,1,"ERGIC1","Not significant",0.166198719724211,0.166198719724211
0.68229775519401,0.109501435385747,0.753,0.728,1,"SUB1","Not significant",0.166026057576107,0.166026057576107
0.682634140504204,-0.106852707987153,0.52,0.519,1,"PTMS","Not significant",0.16581199519332,0.16581199519332
0.682661182910354,-0.190363958962207,0.226,0.198,1,"GCHFR","Not significant",0.165794791050643,0.165794791050643
0.682891096437501,0.0614115007996721,0.333,0.358,1,"UBE2E1","Not significant",0.165648549594188,0.165648549594188
0.682991096980255,-0.532555820462562,0.124,0.136,1,"FUT11","Not significant",0.165584957456898,0.165584957456898
0.683354967892192,-0.107369154844575,0.686,0.679,1,"ARL6IP4","Not significant",0.165353643974937,0.165353643974937
0.683418993767001,-0.143522887332031,0.359,0.37,1,"UQCRC1","Not significant",0.16531295533888,0.16531295533888
0.683558066272744,-0.0451541011840744,0.487,0.407,1,"SPINT2","Not significant",0.165224587474045,0.165224587474045
0.683841743687799,0.00802086510470446,0.102,0.086,1,"SLC27A3","Not significant",0.165044392132684,0.165044392132684
0.683856272873076,-0.331641630108511,0.399,0.383,1,"BLOC1S6","Not significant",0.16503516503004,0.16503516503004
0.683920864230765,-0.0802597924700589,0.449,0.395,1,"RPS19BP1","Not significant",0.164994147133947,0.164994147133947
0.683977336251974,-0.401373828269645,0.287,0.284,1,"HELZ","Not significant",0.164958288490083,0.164958288490083
0.684140076146856,-0.82005431390391,0.1,0.111,1,"SAP25","Not significant",0.164854968353922,0.164854968353922
0.684182013508542,-0.0665630460121331,0.216,0.185,1,"ARL1","Not significant",0.164828347187884,0.164828347187884
0.684362343899052,-0.417881662195264,0.238,0.247,1,"FBXW7","Not significant",0.16471389493276,0.16471389493276
0.68459375454221,-0.358375157880376,0.185,0.198,1,"KAT6A","Not significant",0.164567067190878,0.164567067190878
0.684607141427153,-0.245751745482701,0.544,0.543,1,"PPP1CB","Not significant",0.164558574864766,0.164558574864766
0.685639692144491,-0.45455630004115,0.109,0.123,1,"PYCARD-AS1","Not significant",0.163904048756451,0.163904048756451
0.685779380763873,-0.42508555794899,0.276,0.272,1,"ADI1","Not significant",0.163815576898373,0.163815576898373
0.685795258634961,0.0227087348686901,0.173,0.148,1,"PDP1","Not significant",0.163805521781283,0.163805521781283
0.686165109438765,-0.241379359881807,0.254,0.272,1,"FES","Not significant",0.163571369001293,0.163571369001293
0.686282301561925,-0.372994319999325,0.112,0.123,1,"MTHFD2L","Not significant",0.16349720092443,0.16349720092443
0.686882881068549,-0.577275321964436,0.14,0.148,1,"FH","Not significant",0.16311730725162,0.16311730725162
0.68749125724198,-0.310481555118135,0.371,0.358,1,"PITHD1","Not significant",0.162732820342365,0.162732820342365
0.687984232419865,-0.288199296515951,0.437,0.457,1,"ATF5","Not significant",0.16242151503704,0.16242151503704
0.688086388076592,0.216107514143502,0.371,0.346,1,"SPNS1","Not significant",0.162357033407344,0.162357033407344
0.688154673360665,-0.249280240432094,0.2,0.21,1,"OTUD6B-AS1","Not significant",0.16231393641958,0.16231393641958
0.688338299161911,0.0611594531523392,0.634,0.593,1,"FYB1","Not significant",0.162198065617068,0.162198065617068
0.688363679208996,-0.190947148444934,0.34,0.296,1,"ELOVL5","Not significant",0.162182052834964,0.162182052834964
0.688602857178174,0.00755860691487209,0.171,0.148,1,"IVD","Not significant",0.162031179635788,0.162031179635788
0.688647564061325,-0.0463330837035376,0.938,0.938,1,"ACTG1","Not significant",0.1620029843964,0.1620029843964
0.688661746656512,-0.358325349781015,0.192,0.16,1,"ABHD14B","Not significant",0.161994040257591,0.161994040257591
0.688822534886994,-0.356125466461284,0.323,0.321,1,"TMF1","Not significant",0.161892653341593,0.161892653341593
0.688833446356248,-0.624867210404388,0.1,0.111,1,"DLD","Not significant",0.161885773843444,0.161885773843444
0.688923920364513,-0.209500539220861,0.209,0.222,1,"CCDC6","Not significant",0.161828735697903,0.161828735697903
0.689034220629269,-0.187368424622316,0.207,0.173,1,"BOLA3","Not significant",0.161759208482216,0.161759208482216
0.689130195040211,-0.119225913452098,0.501,0.481,1,"NDUFC2","Not significant",0.161698720551067,0.161698720551067
0.689550391751995,-0.285472554960597,0.171,0.148,1,"HCFC1","Not significant",0.161433990459644,0.161433990459644
0.689562100171674,-0.0545062103942595,0.211,0.222,1,"CHML","Not significant",0.161426616293884,0.161426616293884
0.6898237664684,-0.192949377618655,0.872,0.802,1,"SON","Not significant",0.16126184698186,0.16126184698186
0.689981939857567,0.045884796638624,0.333,0.296,1,"SQOR","Not significant",0.161162276687165,0.161162276687165
0.690012856997711,-0.159676850609393,0.233,0.21,1,"ISOC2","Not significant",0.161142816985732,0.161142816985732
0.690052017841783,0.0443665799616895,0.15,0.136,1,"CACNA2D4","Not significant",0.161118169827759,0.161118169827759
0.690103704886303,0.0568763639781331,0.302,0.272,1,"OTULINL","Not significant",0.161085641037186,0.161085641037186
0.690242045523121,0.0225914667103149,0.822,0.79,1,"CIRBP","Not significant",0.160998589549721,0.160998589549721
0.690437420373425,-0.560406896227644,0.162,0.173,1,"ATP11B","Not significant",0.160875678733631,0.160875678733631
0.690598987679553,-0.386450008288837,0.261,0.272,1,"UBE3A","Not significant",0.160774062600388,0.160774062600388
0.690616019535812,-0.344483190672353,0.318,0.321,1,"PPARD","Not significant",0.160763351970759,0.160763351970759
0.69092930475351,-0.316677925385113,0.252,0.259,1,"MEAF6","Not significant",0.160566386961724,0.160566386961724
0.691048318380581,0.10317889108349,0.207,0.185,1,"TRIM25","Not significant",0.160491585516649,0.160491585516649
0.691062176036926,-0.0647557066561964,0.466,0.469,1,"FXR1","Not significant",0.16048287665624,0.16048287665624
0.691184644783991,-0.278143587030759,0.105,0.086,1,"GAS2L1","Not significant",0.160405918618943,0.160405918618943
0.691730604256369,0.0630591647762246,0.143,0.123,1,"ARL3","Not significant",0.160063009393407,0.160063009393407
0.691869360109367,0.492442419107392,0.1,0.086,1,"UBR3","Not significant",0.159975901988026,0.159975901988026
0.692101316551724,0.0293679214633691,0.242,0.21,1,"SLC35F6","Not significant",0.159830324620529,0.159830324620529
0.692398217977039,-0.189816469726248,0.335,0.296,1,"NRBP1","Not significant",0.159644058537451,0.159644058537451
0.692474007658792,0.0173290671928888,0.713,0.642,1,"ACTR3","Not significant",0.159596523407503,0.159596523407503
0.692633385579412,-0.116229009226819,0.323,0.284,1,"ASNA1","Not significant",0.159496578880304,0.159496578880304
0.692939387853794,-0.302689265388494,0.349,0.284,1,"TIMM13","Not significant",0.159304751927693,0.159304751927693
0.692942010456231,-0.0816919198005044,0.333,0.296,1,"MED13","Not significant",0.159303108234707,0.159303108234707
0.692967356461396,-0.580518664365261,0.121,0.099,1,"MRPL19","Not significant",0.159287223169716,0.159287223169716
0.69311844522588,-0.465689703602222,0.278,0.284,1,"ST8SIA4","Not significant",0.1591925435808,0.1591925435808
0.693198851440851,0.290788053946743,0.53,0.531,1,"IER5L","Not significant",0.159142165538781,0.159142165538781
0.69355029369772,-0.40561840994678,0.119,0.099,1,"USP1","Not significant",0.158922040021966,0.158922040021966
0.694096641915576,0.138673351990433,0.114,0.099,1,"PDLIM2","Not significant",0.158580056737337,0.158580056737337
0.694786556127105,-0.153414780247694,0.249,0.21,1,"SLC16A1","Not significant",0.158148593587491,0.158148593587491
0.694838005455895,-0.727330158480455,0.28,0.235,1,"GPRIN3","Not significant",0.158116435031548,0.158116435031548
0.69523215585784,-0.520494871002107,0.162,0.173,1,"TNRC6A","Not significant",0.157870149118856,0.157870149118856
0.69567283509156,-0.299786613950256,0.131,0.111,1,"ARMC8","Not significant",0.157594954814223,0.157594954814223
0.69659512808124,-0.109444046039069,0.266,0.235,1,"GIMAP4","Not significant",0.157019567280643,0.157019567280643
0.696837198105683,-0.136720465296398,0.328,0.333,1,"C1orf122","Not significant",0.156868674158772,0.156868674158772
0.697075013113371,-0.116436896065879,0.188,0.16,1,"RUFY1","Not significant",0.156720484415224,0.156720484415224
0.697075643172549,-0.313447452490784,0.105,0.086,1,"COQ4","Not significant",0.156720091873394,0.156720091873394
0.697198628289683,-0.0153773468096285,0.333,0.284,1,"USE1","Not significant",0.156643476018165,0.156643476018165
0.69740937065416,0.103383754627718,0.259,0.235,1,"YY1AP1","Not significant",0.156512221577116,0.156512221577116
0.697583820416371,-0.111906270172283,0.582,0.568,1,"KPNA4","Not significant",0.156403600875628,0.156403600875628
0.697586939290942,-0.399060076202912,0.164,0.136,1,"TXNDC15","Not significant",0.156401659163466,0.156401659163466
0.697875475278956,-0.156217429403712,0.653,0.63,1,"NDUFS5","Not significant",0.156222063370842,0.156222063370842
0.698121153093379,-0.077436843107952,0.273,0.235,1,"LAGE3","Not significant",0.156069202657481,0.156069202657481
0.698217410296299,-0.336657868229368,0.254,0.272,1,"HPS1","Not significant",0.156009326101417,0.156009326101417
0.698795649382046,-0.0600380051753479,0.504,0.457,1,"SEPT7","Not significant",0.155649807546079,0.155649807546079
0.699164396908669,0.432387533169196,0.957,0.914,1,"FOS","Not significant",0.155420695104465,0.155420695104465
0.699243695651536,-0.228112212022294,0.62,0.617,1,"MAT2A","Not significant",0.155371440517525,0.155371440517525
0.699263986645519,-0.202373621217398,0.354,0.296,1,"PSMC2","Not significant",0.155358838131666,0.155358838131666
0.699273253262766,-0.234542127361589,0.097,0.111,1,"SLC25A13","Not significant",0.155353082917401,0.155353082917401
0.699290593090063,0.0559368111346399,0.154,0.136,1,"DMAP1","Not significant",0.155342313882677,0.155342313882677
0.70011128593109,0.0593364259443501,0.879,0.827,1,"SRRM2","Not significant",0.154832921379493,0.154832921379493
0.700723712471622,-0.278935588476451,0.202,0.21,1,"KATNBL1","Not significant",0.154453185744143,0.154453185744143
0.700910583042056,-0.241529696635973,0.442,0.432,1,"NDUFS8","Not significant",0.154337382558804,0.154337382558804
0.700929935792017,-0.59861731800499,0.204,0.21,1,"GPR65","Not significant",0.154325391476502,0.154325391476502
0.700987285714657,-0.026059338255416,0.183,0.16,1,"KCNN4","Not significant",0.154289859057651,0.154289859057651
0.701085217086362,-0.0233057948260291,0.221,0.198,1,"INTS1","Not significant",0.154229190220168,0.154229190220168
0.701125155988591,-0.182895448863557,0.211,0.185,1,"NRROS","Not significant",0.154204450359176,0.154204450359176
0.701458526578449,-0.564197216694536,0.15,0.123,1,"TBRG4","Not significant",0.153998001343506,0.153998001343506
0.701658592048578,-0.38396659648201,0.102,0.086,1,"CRTC3","Not significant",0.153874152337415,0.153874152337415
0.701728021418284,-0.327428847145275,0.278,0.284,1,"MCUB","Not significant",0.153831180868426,0.153831180868426
0.701742816064835,0.244189019595664,0.798,0.802,1,"DUSP2","Not significant",0.153822024663413,0.153822024663413
0.701808692143779,0.00240559994149536,0.209,0.185,1,"COMMD5","Not significant",0.153781257199692,0.153781257199692
0.70182317535146,-0.231296425696833,0.354,0.296,1,"PRDX2","Not significant",0.153772294768271,0.153772294768271
0.701914555122321,0.0332479730028625,0.183,0.16,1,"DCUN1D1","Not significant",0.153715751826613,0.153715751826613
0.702023051096667,-0.138762350205401,0.2,0.173,1,"WBP1L","Not significant",0.153648627471725,0.153648627471725
0.702229046116645,0.116467294172931,0.924,0.951,1,"PLAUR","Not significant",0.153521210889908,0.153521210889908
0.702591900057233,0.0910725750679804,0.114,0.099,1,"KAT7","Not significant",0.153296861348327,0.153296861348327
0.702671874514736,-0.151940031460293,0.373,0.37,1,"YWHAG","Not significant",0.153247429396472,0.153247429396472
0.702768799940667,-0.0299111182608267,0.238,0.21,1,"CCDC82","Not significant",0.153187527646836,0.153187527646836
0.702833680304505,-0.023845625778592,0.24,0.21,1,"ZCCHC8","Not significant",0.153147434968551,0.153147434968551
0.702879447863126,-0.0546822758722268,0.411,0.37,1,"MICAL1","Not significant",0.153119155232425,0.153119155232425
0.703365284769764,-0.542568335911849,0.219,0.222,1,"COPS8","Not significant",0.15281907048735,0.15281907048735
0.703927905961375,-0.268965831397175,0.207,0.222,1,"CDC42SE2","Not significant",0.152471817628392,0.152471817628392
0.703927919197851,-0.0097463233140731,0.214,0.185,1,"NCLN","Not significant",0.152471809462033,0.152471809462033
0.704168996633068,-0.557370880049681,0.1,0.111,1,"NLK","Not significant",0.152323100094557,0.152323100094557
0.704304612139882,0.00725760077794657,0.677,0.593,1,"DRAP1","Not significant",0.152239467620246,0.152239467620246
0.70446119776873,-0.214955206571241,0.373,0.321,1,"C1orf54","Not significant",0.152142923149396,0.152142923149396
0.705145062663394,-0.352143807284435,0.235,0.198,1,"NFATC2IP","Not significant",0.151721530620492,0.151721530620492
0.705385445907483,-0.205073229594746,0.995,0.975,1,"CD74","Not significant",0.151573505296933,0.151573505296933
0.705589677429516,0.0342998007905919,0.755,0.704,1,"A2M","Not significant",0.151447781430932,0.151447781430932
0.706146535946151,-0.306348151123307,0.292,0.247,1,"POR","Not significant",0.151105167008738,0.151105167008738
0.706334484991937,0.00528716587125322,0.257,0.235,1,"CTBP2","Not significant",0.150989589903296,0.150989589903296
0.7063712562781,-0.561823549896178,0.126,0.136,1,"ADK","Not significant",0.150966981420567,0.150966981420567
0.706438078791782,-0.282476560808925,0.102,0.086,1,"TRIP4","Not significant",0.150925899233097,0.150925899233097
0.70674506068638,0.0343796123089408,0.169,0.148,1,"IKBKB","Not significant",0.150737218033555,0.150737218033555
0.70718826968337,-0.192479645460184,0.188,0.16,1,"CCDC115","Not significant",0.150464951691299,0.150464951691299
0.707418288993418,-0.77149912905435,0.214,0.222,1,"HIST3H2A","Not significant",0.150323716494342,0.150323716494342
0.707424430406548,-0.157741698725458,0.214,0.185,1,"SLK","Not significant",0.15031994620695,0.15031994620695
0.707508684494433,0.0729238326509605,0.1,0.086,1,"MRNIP","Not significant",0.150268224913407,0.150268224913407
0.707795303888026,-0.189653427438572,0.261,0.272,1,"CPQ","Not significant",0.150092323165419,0.150092323165419
0.708518002037893,-0.199028947756554,0.131,0.111,1,"C7orf26","Not significant",0.149649110714479,0.149649110714479
0.708522541384222,-0.345071426675047,0.173,0.148,1,"PHYKPL","Not significant",0.149646328277418,0.149646328277418
0.708749145828912,-0.127720011916442,0.116,0.099,1,"RFX5","Not significant",0.149507451502231,0.149507451502231
0.708832184366021,-0.322023196314441,0.102,0.086,1,"SCAF8","Not significant",0.14945657162998,0.14945657162998
0.70891228228915,-0.575570778367983,0.1,0.111,1,"CYB5B","Not significant",0.149407499195727,0.149407499195727
0.709175008187969,0.124938165413215,0.214,0.185,1,"ARMCX6","Not significant",0.149246577635845,0.149246577635845
0.709300030363723,0.0529133183233639,0.508,0.531,1,"NQO2","Not significant",0.149170021560186,0.149170021560186
0.709632636139009,-0.0554472763172758,0.461,0.395,1,"CHKA","Not significant",0.148966419431753,0.148966419431753
0.709804797755618,-0.167551691041829,0.261,0.272,1,"SNRNP200","Not significant",0.148861069468916,0.148861069468916
0.710192475948166,-0.0749442419634032,0.292,0.309,1,"TCEAL9","Not significant",0.148623933092559,0.148623933092559
0.710505633139559,-0.130626723666034,0.549,0.469,1,"PRDX5","Not significant",0.148432474482847,0.148432474482847
0.71056302325472,0.209449538831906,0.178,0.16,1,"NFYC","Not significant",0.148397396360152,0.148397396360152
0.711211464435507,-0.0741593095163053,0.183,0.16,1,"CENPB","Not significant",0.148001251333471,0.148001251333471
0.711272316641681,0.208797681185126,0.337,0.309,1,"RYBP","Not significant",0.147964094105078,0.147964094105078
0.711288178079533,-0.23390695575876,0.105,0.086,1,"POLR2D","Not significant",0.147954409406312,0.147954409406312
0.711556332244497,-0.285412871328777,0.164,0.173,1,"UNC119","Not significant",0.147790712143993,0.147790712143993
0.711951748273272,-0.0990282751603253,0.572,0.605,1,"LAMTOR1","Not significant",0.147549439184436,0.147549439184436
0.71207740458589,-0.274621125915299,0.19,0.16,1,"DMXL1","Not significant",0.147472794906167,0.147472794906167
0.712255781298227,-0.0869291278295434,0.836,0.84,1,"LGALS1","Not significant",0.147364016955838,0.147364016955838
0.712392217442739,-0.205511005393202,0.418,0.407,1,"DST","Not significant",0.147280833650309,0.147280833650309
0.712434282946215,-0.231225441144261,0.171,0.148,1,"ETFRF1","Not significant",0.14725519008453,0.14725519008453
0.71273370342711,-0.268326050237201,0.259,0.259,1,"PHYH","Not significant",0.147072703997587,0.147072703997587
0.712781017952587,0.58080255928127,0.259,0.247,1,"AC091271.1","Not significant",0.147043874498982,0.147043874498982
0.713629013316608,0.0156201755646834,0.102,0.086,1,"BRI3BP","Not significant",0.146527501587144,0.146527501587144
0.713646659070449,-0.0572665388391888,0.656,0.642,1,"EIF4H","Not significant",0.14651676301201,0.14651676301201
0.713679946624516,-0.656815829404223,0.114,0.123,1,"WWP2","Not significant",0.146496506119169,0.146496506119169
0.713894974388667,-0.148778407961244,0.131,0.111,1,"CLDN4","Not significant",0.146365675336479,0.146365675336479
0.713939640550678,-0.212480411658293,0.392,0.395,1,"ECHS1","Not significant",0.146338503747427,0.146338503747427
0.714057119842262,-0.0553146372298426,0.732,0.691,1,"ARL6IP1","Not significant",0.146267046150879,0.146267046150879
0.714883734631986,-0.0264414472229673,0.207,0.185,1,"GALNT2","Not significant",0.145764584091995,0.145764584091995
0.714972086189942,-0.179303881136891,0.131,0.111,1,"PPP3CB","Not significant",0.145710913514056,0.145710913514056
0.715020700220366,0.0961289282772035,0.318,0.296,1,"PDLIM5","Not significant",0.145681384966269,0.145681384966269
0.715118799062629,-0.0675811029331532,0.114,0.099,1,"ARSG","Not significant",0.145621805063799,0.145621805063799
0.715194644924614,-0.294970608719536,0.223,0.235,1,"EIF2S1","Not significant",0.145575746013589,0.145575746013589
0.715271818143032,-0.0742082461005822,0.128,0.111,1,"MON2","Not significant",0.145528885910528,0.145528885910528
0.715492925313955,-0.377807244555224,0.549,0.494,1,"NAPA","Not significant",0.145394656121257,0.145394656121257
0.715683196143944,-0.226574006646934,0.575,0.506,1,"FMNL1","Not significant",0.145279179666921,0.145279179666921
0.715778946589109,-0.220002201763109,0.318,0.296,1,"IFI27","Not significant",0.145221079785973,0.145221079785973
0.716062427074441,-0.324770311772274,0.211,0.185,1,"MPST","Not significant",0.145049113792561,0.145049113792561
0.716192605701423,-0.0897652345809083,0.207,0.222,1,"TPST2","Not significant",0.144970167154955,0.144970167154955
0.716219987887224,-0.0411492700385674,0.278,0.247,1,"AC044849.1","Not significant",0.144953563095132,0.144953563095132
0.716674011203449,-0.165648081519415,0.116,0.099,1,"METTL15","Not significant",0.144678344094124,0.144678344094124
0.717195096568189,-0.582013612574366,0.1,0.086,1,"EIF2B1","Not significant",0.144362688352267,0.144362688352267
0.717404802130579,-0.0595945785654641,0.114,0.099,1,"PIP5K1A","Not significant",0.144235720590312,0.144235720590312
0.717714387601958,0.136879244771333,0.259,0.235,1,"NUDT5","Not significant",0.144048347632101,0.144048347632101
0.717752838129655,0.139359540157924,0.152,0.136,1,"ZNF274","Not significant",0.144025081546035,0.144025081546035
0.718453437745532,-0.16967383249112,0.135,0.148,1,"FLYWCH2","Not significant",0.143601372812207,0.143601372812207
0.718529864016107,-0.629011128062468,0.532,0.481,1,"MKNK2","Not significant",0.143555176718524,0.143555176718524
0.71876083471761,-0.159807292102418,0.247,0.21,1,"AATF","Not significant",0.143415595627384,0.143415595627384
0.718940183552884,-0.79381928194763,0.128,0.136,1,"CDC42BPB","Not significant",0.143307241791768,0.143307241791768
0.71918541525728,-0.130463791789422,0.328,0.333,1,"PIGT","Not significant",0.143159128473811,0.143159128473811
0.719286193071775,-0.636545303296507,0.126,0.136,1,"ATF2","Not significant",0.143098276040504,0.143098276040504
0.719587978020334,-0.365236057416798,0.138,0.148,1,"TK2","Not significant",0.142916100917153,0.142916100917153
0.719711931681362,-0.225549920976518,0.147,0.123,1,"DOPEY2","Not significant",0.142841297339711,0.142841297339711
0.71984078205193,0.124313962831818,0.392,0.346,1,"NME3","Not significant",0.142763552350528,0.142763552350528
0.720222098358722,-0.379795756701196,0.226,0.198,1,"FZD1","Not significant",0.142533557432914,0.142533557432914
0.721216307068483,-0.705399974321871,0.116,0.099,1,"TCAIM","Not significant",0.141934462218919,0.141934462218919
0.721499238029997,-0.063755187865195,0.268,0.235,1,"RNASEK","Not significant",0.141764123225432,0.141764123225432
0.721563224324604,-0.432233063914085,0.119,0.099,1,"MICALL2","Not significant",0.14172560944601,0.14172560944601
0.721639933570455,0.00851965332282068,0.648,0.568,1,"SCAND1","Not significant",0.141679442138194,0.141679442138194
0.721804880940611,-0.00441151736662582,0.406,0.358,1,"GSPT1","Not significant",0.141580185509531,0.141580185509531
0.721860929766662,0.166655662991075,0.257,0.235,1,"TSPAN3","Not significant",0.141546463444905,0.141546463444905
0.721963216763076,-0.359657075086562,0.361,0.346,1,"AGPAT2","Not significant",0.141484928695962,0.141484928695962
0.722100340089427,-0.0765260548464224,0.435,0.37,1,"MUC20-OT1","Not significant",0.141402450464487,0.141402450464487
0.722352754099334,-0.263061203780076,0.214,0.185,1,"BIN3","Not significant",0.14125066704803,0.14125066704803
0.722448584471475,0.0460548636453209,0.43,0.395,1,"THRAP3","Not significant",0.141193055526267,0.141193055526267
0.722580962687629,-0.112440677922827,0.501,0.457,1,"H2AFV","Not significant",0.14111348465649,0.14111348465649
0.722638088188492,-0.470971342890584,0.299,0.296,1,"PRRC2B","Not significant",0.141079151743705,0.141079151743705
0.722759369630942,-0.222568773454233,0.145,0.123,1,"CPD","Not significant",0.141006269560259,0.141006269560259
0.723001016027146,-0.68686609718416,0.116,0.123,1,"IMPA2","Not significant",0.140861092394718,0.140861092394718
0.723130854127257,0.134865676276052,0.109,0.123,1,"CERK","Not significant",0.140783107846097,0.140783107846097
0.723233587370185,-0.532232017617315,0.128,0.136,1,"U2AF1","Not significant",0.140721413186983,0.140721413186983
0.723256540098927,-0.17447304971462,0.102,0.086,1,"VRK2","Not significant",0.140707630523349,0.140707630523349
0.723362739035524,0.145998800850626,0.2,0.185,1,"UTP3","Not significant",0.140643865837096,0.140643865837096
0.723392277442612,-0.216508862149817,0.159,0.173,1,"ZNF22","Not significant",0.140626131850266,0.140626131850266
0.723421077335738,0.103738646443533,0.836,0.778,1,"HNRNPDL","Not significant",0.140608841942587,0.140608841942587
0.723495147668851,-0.0542326676443106,0.162,0.148,1,"MASTL","Not significant",0.140564377257741,0.140564377257741
0.723815554196491,-0.245944026458715,0.24,0.21,1,"MINK1","Not significant",0.140372088498992,0.140372088498992
0.723901440343453,0.0856680144596965,0.401,0.358,1,"RNF10","Not significant",0.140320559256907,0.140320559256907
0.724074308362606,0.252082495625472,0.278,0.259,1,"MYO1E","Not significant",0.140216861902529,0.140216861902529
0.724425504837059,0.0347976144798121,0.986,0.988,1,"CD63","Not significant",0.140006267889996,0.140006267889996
0.724438772518427,-0.0906742075610705,0.489,0.407,1,"UFC1","Not significant",0.139998313962363,0.139998313962363
0.724611000223736,-0.69592681372849,0.176,0.148,1,"DYNC1LI2","Not significant",0.139895077284361,0.139895077284361
0.724615959318642,0.298395725342638,0.323,0.309,1,"SERTAD2","Not significant",0.139892105068672,0.139892105068672
0.725130135974835,0.283842014946452,0.865,0.951,1,"EGR1","Not significant",0.139584045478657,0.139584045478657
0.725425643556219,-0.0287076992303321,0.114,0.099,1,"ZNF592","Not significant",0.139407096318146,0.139407096318146
0.725468683957293,-0.0422544180656808,0.793,0.691,1,"SAP18","Not significant",0.139381329853509,0.139381329853509
0.725682419016045,-0.509988685041304,0.204,0.21,1,"CLEC5A","Not significant",0.139253398369205,0.139253398369205
0.725864401100906,-0.608728788700486,0.145,0.123,1,"UBE2W","Not significant",0.139144502376903,0.139144502376903
0.725880566941068,-0.567648621714708,0.15,0.123,1,"PRKRA","Not significant",0.139134830243943,0.139134830243943
0.72608133329411,-0.565064838485819,0.114,0.123,1,"MAP3K7","Not significant",0.139014728304877,0.139014728304877
0.726383255306918,-0.28200212191972,0.287,0.284,1,"UBA1","Not significant",0.138834175791521,0.138834175791521
0.726458660795799,-0.111783851880208,0.713,0.741,1,"YPEL5","Not significant",0.138789094234619,0.138789094234619
0.726763934206876,-0.351636426231082,0.207,0.222,1,"IRF9","Not significant",0.138606632772337,0.138606632772337
0.72687760111098,-0.287186906983113,0.487,0.457,1,"PLEKHM2","Not significant",0.13853871381415,0.13853871381415
0.726878281396295,-0.171782721084478,0.097,0.111,1,"JAK2","Not significant",0.138538307357795,0.138538307357795
0.72693245626905,0.129631037972525,0.969,0.975,1,"DNAJA1","Not significant",0.138505940217153,0.138505940217153
0.727109879265454,-0.113115520283647,0.463,0.444,1,"SMDT1","Not significant",0.138399954542871,0.138399954542871
0.727111798569401,-0.320314529647039,0.197,0.21,1,"FAM13A","Not significant",0.138398808165911,0.138398808165911
0.727193279337142,-0.0560032891172384,0.325,0.358,1,"CDC42EP3","Not significant",0.138350143482846,0.138350143482846
0.727858022739402,-0.266480165366933,0.147,0.16,1,"H6PD","Not significant",0.137953326667993,0.137953326667993
0.72791606615073,-0.369160204143419,0.138,0.148,1,"HACD4","Not significant",0.137918695012634,0.137918695012634
0.727999735591165,0.113336080549161,0.169,0.148,1,"C19orf25","Not significant",0.137868778422291,0.137868778422291
0.72828117800727,-0.00992191127017017,0.67,0.642,1,"JPT1","Not significant",0.137700913982582,0.137700913982582
0.728404624571088,0.0458560915132283,0.47,0.42,1,"NDUFS6","Not significant",0.137627305574359,0.137627305574359
0.728612602537094,-1.06206799618165,0.128,0.136,1,"TFDP2","Not significant",0.137503321201455,0.137503321201455
0.729743275154458,0.115650341584349,0.577,0.519,1,"PFKFB3","Not significant",0.136829898500644,0.136829898500644
0.729870796506725,0.0207929958142401,0.77,0.716,1,"SNX3","Not significant",0.136754012934958,0.136754012934958
0.729933454269737,-0.00701924805848853,0.183,0.16,1,"RPF1","Not significant",0.136716731332679,0.136716731332679
0.730506816671887,-0.0402191160139451,0.888,0.864,1,"SLC3A2","Not significant",0.136375727123014,0.136375727123014
0.730520290260193,-0.00240487819937574,0.154,0.173,1,"LYAR","Not significant",0.136367716997773,0.136367716997773
0.730830446182371,0.12874358850599,0.173,0.16,1,"MRTO4","Not significant",0.136183368361687,0.136183368361687
0.731035021251546,-0.367233900312798,0.147,0.123,1,"APEH","Not significant",0.136061817061329,0.136061817061329
0.731193965403238,0.116314637341907,0.249,0.222,1,"QARS","Not significant",0.135967401523253,0.135967401523253
0.731195816716167,-0.240370677042963,0.131,0.111,1,"MICU1","Not significant",0.135966301932707,0.135966301932707
0.731195816716167,-0.58173057829544,0.126,0.136,1,"KDM4C","Not significant",0.135966301932707,0.135966301932707
0.731275955532305,-0.421578750037765,0.285,0.284,1,"CLIP1","Not significant",0.135918706011431,0.135918706011431
0.731617542160145,-0.121424546227842,0.525,0.506,1,"PSMD12","Not significant",0.135715889893248,0.135715889893248
0.731716766934101,-0.413291002930635,0.102,0.086,1,"C2orf74","Not significant",0.1356569932056,0.1356569932056
0.731716766934101,-0.154178654058082,0.102,0.086,1,"DAXX","Not significant",0.1356569932056,0.1356569932056
0.731867187818323,-0.156974702765801,0.439,0.444,1,"CTDNEP1","Not significant",0.135567723355383,0.135567723355383
0.732058317245845,-0.0545792119677249,0.306,0.321,1,"CCNK","Not significant",0.135454320786896,0.135454320786896
0.732703209807288,-0.300963523297467,0.128,0.111,1,"PDK1","Not significant",0.135071905910783,0.135071905910783
0.732795051215195,-0.0291359901350576,0.1,0.111,1,"KRT19","Not significant",0.135017472251219,0.135017472251219
0.732872196217031,-0.0411854503879669,0.755,0.667,1,"NANS","Not significant",0.134971754304402,0.134971754304402
0.733130189275995,-0.30846435419899,0.159,0.136,1,"ZNF136","Not significant",0.134818896486239,0.134818896486239
0.733476719228128,0.0214873255338852,0.114,0.099,1,"ARHGAP35","Not significant",0.134613666239533,0.134613666239533
0.73350182535778,0.141331374537944,0.124,0.111,1,"GALE","Not significant",0.134598801054748,0.134598801054748
0.734095165950128,-0.205626571298881,0.188,0.16,1,"SRD5A3","Not significant",0.134247635767939,0.134247635767939
0.734183639639218,-0.170633479600165,0.14,0.123,1,"PYGB","Not significant",0.134195297431561,0.134195297431561
0.734570388864322,-0.217052490916208,0.387,0.395,1,"VKORC1","Not significant",0.13396658240513,0.13396658240513
0.734639744708613,-0.238767014696208,0.183,0.16,1,"FOSL1","Not significant",0.133925579610775,0.133925579610775
0.734926213517206,0.221864736465722,0.228,0.21,1,"C3orf58","Not significant",0.133756261828625,0.133756261828625
0.735128658183514,-0.0756059494120969,0.159,0.136,1,"PARP6","Not significant",0.133636646426891,0.133636646426891
0.735314689969072,-0.293631073510594,0.126,0.111,1,"CEPT1","Not significant",0.13352675769373,0.13352675769373
0.735667955834297,0.125475276185373,0.857,0.84,1,"BAG3","Not significant",0.133318160509665,0.133318160509665
0.73594447248579,-0.13465119657673,0.618,0.568,1,"USF2","Not significant",0.133154952242325,0.133154952242325
0.735973355449366,-0.215324897109117,0.162,0.173,1,"MRM2","Not significant",0.133137908204314,0.133137908204314
0.736512655676947,-0.167068064035883,0.618,0.593,1,"UBE2L3","Not significant",0.132819786169021,0.132819786169021
0.736525060875042,-0.086564446760363,0.183,0.16,1,"ILVBL","Not significant",0.132812471340596,0.132812471340596
0.736549885572042,-0.225197764335449,0.171,0.148,1,"TRAF7","Not significant",0.132797833621112,0.132797833621112
0.736703575712714,0.0100577777033393,0.1,0.086,1,"NDUFAF4","Not significant",0.132707222219866,0.132707222219866
0.73671414767513,-0.741463404154895,0.192,0.198,1,"MTF2","Not significant",0.132700989981896,0.132700989981896
0.736838021160458,-0.127331547358898,0.442,0.407,1,"APH1A","Not significant",0.13262797244998,0.13262797244998
0.737083197546332,-0.25158018295878,0.342,0.333,1,"DOCK10","Not significant",0.132483488808509,0.132483488808509
0.7373461952394,-0.208647453628965,0.133,0.148,1,"P4HTM","Not significant",0.132328556400592,0.132328556400592
0.737401523172312,-0.587281871837197,0.102,0.111,1,"XRCC1","Not significant",0.132295969652811,0.132295969652811
0.73757147648722,0.0283043833072469,0.306,0.272,1,"PPM1G","Not significant",0.13219588675341,0.13219588675341
0.737667598425829,-0.132198774806922,0.238,0.247,1,"AGFG1","Not significant",0.132139292228093,0.132139292228093
0.73806964953231,-0.0568918673213017,0.378,0.37,1,"MPHOSPH8","Not significant",0.131902653108833,0.131902653108833
0.738292803932365,-0.404011500740553,0.23,0.235,1,"CLASRP","Not significant",0.131771364582676,0.131771364582676
0.738473008142113,-0.634065461019303,0.162,0.136,1,"DNAJC19","Not significant",0.131665373918946,0.131665373918946
0.739103600500619,-0.366973611338857,0.233,0.235,1,"MPV17","Not significant",0.131294682075756,0.131294682075756
0.739130967898324,-0.215490263002124,0.159,0.136,1,"PSMB10","Not significant",0.131278601394025,0.131278601394025
0.739373766780914,-0.155630019671167,0.447,0.432,1,"RBX1","Not significant",0.131135962397483,0.131135962397483
0.739419664705704,-0.034497077425605,0.143,0.123,1,"DPP3","Not significant",0.131109003641717,0.131109003641717
0.740020278382125,0.227297615247915,0.366,0.346,1,"SMIM3","Not significant",0.130756379365248,0.130756379365248
0.740380829102375,0.0750889634202712,0.1,0.086,1,"PGGHG","Not significant",0.130544835087748,0.130544835087748
0.740629084607,-0.0237539650137404,0.572,0.494,1,"SNU13","Not significant",0.130399237147082,0.130399237147082
0.740678864187532,-0.260064669454991,0.311,0.309,1,"SZRD1","Not significant",0.130370048081889,0.130370048081889
0.741005217263137,-0.170410620856989,0.219,0.235,1,"ADAMDEC1","Not significant",0.130178734233068,0.130178734233068
0.741082200120253,0.425052559488803,0.164,0.148,1,"BRWD1","Not significant",0.130133617825379,0.130133617825379
0.741219010091793,-0.306593122417908,0.252,0.21,1,"MLLT6","Not significant",0.130053450831696,0.130053450831696
0.741517594439895,-0.376891949011778,0.138,0.148,1,"CCDC18","Not significant",0.129878539743483,0.129878539743483
0.741774239965661,-0.187582260124096,0.546,0.494,1,"VDAC1","Not significant",0.129728252747799,0.129728252747799
0.741990133618121,-0.170510993647212,0.192,0.173,1,"NUDT9","Not significant",0.129601869577705,0.129601869577705
0.742087775119769,-0.133520109569607,0.622,0.506,1,"ATP5PF","Not significant",0.129544722759223,0.129544722759223
0.742220176119116,-0.0644710063012104,0.309,0.321,1,"RTF1","Not significant",0.129467244196207,0.129467244196207
0.742326792319985,0.0935408671470257,0.219,0.198,1,"SART1","Not significant",0.12940486445507,0.12940486445507
0.742655417612433,0.0479570813799732,0.138,0.123,1,"RBM18","Not significant",0.129212646457442,0.129212646457442
0.742674658048252,0.253608151776767,0.135,0.123,1,"ZNRD1","Not significant",0.129201395065925,0.129201395065925
0.742767223351065,-0.131609822595788,0.221,0.198,1,"OSGEP","Not significant",0.129147268949269,0.129147268949269
0.742923855929464,-0.299247242314049,0.204,0.173,1,"TRAPPC10","Not significant",0.129055695854854,0.129055695854854
0.743154526597101,-0.0450960310046972,0.468,0.432,1,"SUMO3","Not significant",0.128920872550681,0.128920872550681
0.743263417498615,-0.035048579360283,0.824,0.815,1,"ANXA2","Not significant",0.128857242105517,0.128857242105517
0.743350112528679,-0.0065644020288721,0.52,0.469,1,"XRCC6","Not significant",0.128806588492527,0.128806588492527
0.743426322831184,-0.157691875078586,0.235,0.21,1,"RAB4A","Not significant",0.128762065707414,0.128762065707414
0.743498696154623,0.0501293453037865,0.466,0.444,1,"SESN2","Not significant",0.128719788747069,0.128719788747069
0.743538240668866,-0.0976498771332207,0.423,0.407,1,"KYNU","Not significant",0.128696690512044,0.128696690512044
0.743859368808109,-0.420719335633315,0.102,0.086,1,"UNK","Not significant",0.128509162738521,0.128509162738521
0.744154645048809,-0.0271476898603407,0.126,0.111,1,"C18orf21","Not significant",0.12833680301279,0.12833680301279
0.744241516105843,-0.199254065186208,0.185,0.16,1,"CRY1","Not significant",0.128286107342195,0.128286107342195
0.744270164234183,0.163290480749012,0.786,0.765,1,"RSRC2","Not significant",0.128269390343302,0.128269390343302
0.744498074188867,-0.0225570073592003,0.214,0.185,1,"DUSP3","Not significant",0.128136421310368,0.128136421310368
0.744746210545604,-0.354672252610748,0.292,0.247,1,"ZCCHC2","Not significant",0.127991697905897,0.127991697905897
0.744903470847377,0.16306803527892,0.986,0.988,1,"JUN","Not significant",0.127900002143612,0.127900002143612
0.745085677033135,0.289515497564554,0.121,0.111,1,"PGS1","Not significant",0.127793785072769,0.127793785072769
0.74522161458764,-0.416811571381675,0.116,0.099,1,"BST1","Not significant",0.127714557211105,0.127714557211105
0.745293063334876,-0.125771320597473,0.1,0.086,1,"PGM2L1","Not significant",0.127672920859385,0.127672920859385
0.745742531492181,0.00562897468744195,0.423,0.383,1,"HP1BP3","Not significant",0.127411087343004,0.127411087343004
0.745767488506636,-0.408310652014771,0.102,0.111,1,"UHRF2","Not significant",0.127396553490039,0.127396553490039
0.746047118292321,-0.236147483143644,0.185,0.198,1,"TNRC18","Not significant",0.127233742811329,0.127233742811329
0.746338175984003,-0.0417249165099399,0.504,0.432,1,"GPATCH2L","Not significant",0.127064343191136,0.127064343191136
0.746677644316925,-0.394153544168243,0.14,0.148,1,"ZDHHC4","Not significant",0.126866851343689,0.126866851343689
0.746803832165966,-0.286336351306713,0.197,0.173,1,"TWF1","Not significant",0.126793462168778,0.126793462168778
0.747187476212248,0.0527836926262442,0.152,0.136,1,"AC008105.3","Not significant",0.126570416030499,0.126570416030499
0.747303996687629,-0.205257388971874,0.254,0.259,1,"HIVEP2","Not significant",0.126502695069213,0.126502695069213
0.747327725335723,0.0281620703614038,0.71,0.654,1,"NEU1","Not significant",0.126488905423538,0.126488905423538
0.747346556218855,-0.0785911279156997,0.114,0.099,1,"CCDC159","Not significant",0.126477962372286,0.126477962372286
0.747677683328726,-0.0789181443531144,0.278,0.235,1,"CYB5R4","Not significant",0.126285581974466,0.126285581974466
0.747975224598504,0.0348438542257616,0.124,0.111,1,"AK3","Not significant",0.126112787160077,0.126112787160077
0.748212923107284,-0.0614875317631387,0.724,0.691,1,"COPE","Not significant",0.125974794954022,0.125974794954022
0.748460475528613,-0.445585738844724,0.1,0.111,1,"ATXN7L3","Not significant",0.12583112880529,0.12583112880529
0.748812231953101,-0.430230525772121,0.114,0.123,1,"ZBTB25","Not significant",0.125627069950579,0.125627069950579
0.748926982910286,-0.332054745285528,0.209,0.185,1,"RALB","Not significant",0.125560522040099,0.125560522040099
0.749362165142477,-0.479812860079988,0.102,0.111,1,"RUVBL2","Not significant",0.125308237963126,0.125308237963126
0.749477659914343,-0.681408562057601,0.271,0.259,1,"LSM12","Not significant",0.125241307873105,0.125241307873105
0.749624561709186,-0.049065228086536,0.228,0.21,1,"S100A13","Not significant",0.125156192077576,0.125156192077576
0.749766121679733,-0.0735715683282692,0.183,0.16,1,"SLC35C2","Not significant",0.125074187147266,0.125074187147266
0.750446195444711,-0.226750084909959,0.169,0.148,1,"MAP3K5","Not significant",0.124680439808603,0.124680439808603
0.750715631232838,-0.227018443929607,0.318,0.272,1,"NR1D2","Not significant",0.124524541256977,0.124524541256977
0.750719527501968,-0.0260848760736803,0.216,0.198,1,"VPS36","Not significant",0.124522287242645,0.124522287242645
0.751295061019483,-0.105947660931684,0.458,0.407,1,"GTF3A","Not significant",0.124189466183582,0.124189466183582
0.751823669075484,-0.204553942484174,0.112,0.099,1,"METRN","Not significant",0.123884005854097,0.123884005854097
0.751829625307773,0.0438572769418801,0.48,0.444,1,"EGR2","Not significant",0.123880565222104,0.123880565222104
0.751910644427548,-0.34071117159563,0.14,0.148,1,"SYNRG","Not significant",0.123833767038416,0.123833767038416
0.752055478578062,-0.0360156105740816,0.618,0.617,1,"BCAP31","Not significant",0.123750120642939,0.123750120642939
0.752335549125414,-0.0744327588589853,0.178,0.16,1,"AGPAT4","Not significant",0.123588416548161,0.123588416548161
0.752615623302952,0.0903406946102785,0.154,0.136,1,"BTBD6","Not significant",0.123426770544674,0.123426770544674
0.752994750124965,0.020107851497825,0.112,0.099,1,"PWWP2A","Not significant",0.123208051687356,0.123208051687356
0.753086852557445,-0.488142819645362,0.325,0.284,1,"SIRT2","Not significant",0.12315493427569,0.12315493427569
0.753293949169345,-0.140059968798201,0.178,0.16,1,"PCYT1A","Not significant",0.123035521022106,0.123035521022106
0.753671796716258,-0.207118925693108,0.162,0.173,1,"SLC35A4","Not significant",0.122817736233683,0.122817736233683
0.753752345873875,-0.193629899935043,0.444,0.37,1,"SUPT5H","Not significant",0.122771323212,0.122771323212
0.753773559894136,-0.288974353392279,0.257,0.259,1,"FBXL15","Not significant",0.122759100361429,0.122759100361429
0.753846923070685,-0.0596623222571433,0.209,0.222,1,"RABGAP1L","Not significant",0.122716833460527,0.122716833460527
0.753914334629006,-0.0874223534555001,0.1,0.086,1,"SNRK","Not significant",0.122677999105731,0.122677999105731
0.754059403969349,-0.17778600643531,0.558,0.556,1,"MAPKAPK2","Not significant",0.122594439541547,0.122594439541547
0.754145048014154,-0.355181895524604,0.138,0.148,1,"GBE1","Not significant",0.122545116339965,0.122545116339965
0.754269067030319,0.228713996355529,0.14,0.123,1,"EDRF1","Not significant",0.12247370256313,0.12247370256313
0.754319715757548,-0.0843016412166127,0.207,0.185,1,"GMPR2","Not significant",0.122444540921455,0.122444540921455
0.754777584123633,0.112991078343793,0.278,0.247,1,"DENR","Not significant",0.122181006276014,0.122181006276014
0.754984386781042,-0.457737358155917,0.105,0.111,1,"HLA-DQB2","Not significant",0.122062029569423,0.122062029569423
0.755175327975617,0.0471573846056845,0.109,0.099,1,"PCIF1","Not significant",0.121952207135671,0.121952207135671
0.755330949929773,0.139240902103112,0.14,0.123,1,"HIVEP3","Not significant",0.121862719581491,0.121862719581491
0.755359134387589,-0.431060946391786,0.249,0.235,1,"CAPRIN1","Not significant",0.121846514597248,0.121846514597248
0.75579149204972,-0.187784855618996,0.128,0.111,1,"APC","Not significant",0.121598001247604,0.121598001247604
0.755959953203166,-0.0125735947511213,0.644,0.556,1,"TMEM59","Not significant",0.12150121053523,0.12150121053523
0.7559748052606,-0.0491601838923025,0.622,0.63,1,"NDUFB2","Not significant",0.12149267820068,0.12149267820068
0.756286333305851,0.0636464688083331,0.637,0.593,1,"PPT1","Not significant",0.121313747578879,0.121313747578879
0.756342015667625,-0.350638370196751,0.219,0.222,1,"REXO1","Not significant",0.121281773376511,0.121281773376511
0.756692243475416,-0.0958913208941867,0.154,0.136,1,"TWSG1","Not significant",0.121080717774326,0.121080717774326
0.756926377505695,-0.151517206223555,0.287,0.259,1,"ROMO1","Not significant",0.120946360127324,0.120946360127324
0.757000937527067,-0.182640317590671,0.378,0.346,1,"RABGGTB","Not significant",0.120903582636546,0.120903582636546
0.757084950954544,-0.308784859728843,0.264,0.222,1,"BCL7C","Not significant",0.120855386469771,0.120855386469771
0.757355169837123,-0.140350814470688,0.589,0.568,1,"MFSD12","Not significant",0.120700405669613,0.120700405669613
0.757719868803669,-0.205205292896186,0.216,0.222,1,"GPS1","Not significant",0.120491324603994,0.120491324603994
0.758041838562612,-0.652345049626549,0.119,0.123,1,"HRH2","Not significant",0.120306823714346,0.120306823714346
0.75856877549318,-0.185521202540252,0.321,0.272,1,"GNPDA1","Not significant",0.120005037865897,0.120005037865897
0.758699116326071,-0.210170339065605,0.188,0.198,1,"HUS1","Not significant",0.119930421768191,0.119930421768191
0.758707186049138,-0.0351967381815463,0.216,0.198,1,"CHERP","Not significant",0.119925802522584,0.119925802522584
0.759317684350471,-0.313056593684652,0.539,0.494,1,"ATP5MPL","Not significant",0.11957648537641,0.11957648537641
0.759478907727892,-0.93959343392229,0.15,0.148,1,"MPPE1","Not significant",0.119484282873723,0.119484282873723
0.759710691328164,-0.428893091572805,0.207,0.21,1,"GPX3","Not significant",0.119351761772424,0.119351761772424
0.759746715184174,-0.0632563877902166,0.259,0.235,1,"UBR4","Not significant",0.119331168945251,0.119331168945251
0.759901242204962,-0.130757990858841,0.767,0.753,1,"ACSL1","Not significant",0.11924284555122,0.11924284555122
0.759947951686321,-0.125663392302016,0.171,0.148,1,"RNF103","Not significant",0.119216151231685,0.119216151231685
0.760091290955612,-0.205804993793069,0.1,0.086,1,"PTRH2","Not significant",0.119134243538605,0.119134243538605
0.760153504346274,-0.0728753049716446,0.829,0.802,1,"PSMA7","Not significant",0.119098698036508,0.119098698036508
0.760554466694398,-0.239877734765188,0.651,0.605,1,"UBALD2","Not significant",0.118869678734192,0.118869678734192
0.760562821252258,-0.0246316921048928,0.192,0.173,1,"SF3A2","Not significant",0.118864908111432,0.118864908111432
0.760658258453629,-0.139467613773297,0.589,0.568,1,"SCAF11","Not significant",0.118810415243129,0.118810415243129
0.760696458701798,0.00366178073829332,0.456,0.42,1,"BOD1L1","Not significant",0.11878860552735,0.11878860552735
0.760896087189179,-0.280942421142842,0.442,0.42,1,"TRIM28","Not significant",0.11867464919754,0.11867464919754
0.760896280444069,-0.305282421829193,0.299,0.296,1,"TMUB1","Not significant",0.118674538894014,0.118674538894014
0.760950526397768,-1.20954877974254,0.105,0.111,1,"AFMID","Not significant",0.118643578197758,0.118643578197758
0.761332634540255,-0.255857706905843,0.188,0.16,1,"KCTD7","Not significant",0.118425553765095,0.118425553765095
0.761565369347529,-0.28631621115661,0.169,0.173,1,"ZBTB11","Not significant",0.118292812842099,0.118292812842099
0.761734867020582,0.0622952520755904,0.971,1,1,"DNAJB1","Not significant",0.118196164915907,0.118196164915907
0.761797543196584,-0.164602150965195,0.154,0.136,1,"ARMH3","Not significant",0.118160432276132,0.118160432276132
0.761798908182396,-1.58219598308463,0.126,0.136,1,"C8orf33","Not significant",0.118159654109702,0.118159654109702
0.761818200260993,0.126741077933333,0.475,0.432,1,"ILF2","Not significant",0.118148656014139,0.118148656014139
0.762566388668421,-0.215616855109053,0.1,0.086,1,"MRPS2","Not significant",0.117722340863459,0.117722340863459
0.762806472781849,-0.131099777577546,0.361,0.309,1,"PI4K2A","Not significant",0.117585630411673,0.117585630411673
0.763180897919394,-0.166696008698444,0.34,0.296,1,"NAGA","Not significant",0.117372508366882,0.117372508366882
0.763360965212423,0.0624322762242504,0.192,0.173,1,"POLDIP3","Not significant",0.117270051652152,0.117270051652152
0.763445030423273,-0.00658370459115187,0.352,0.309,1,"HECTD1","Not significant",0.117222227557496,0.117222227557496
0.763530323702438,-0.0078739032239483,0.57,0.506,1,"PSME1","Not significant",0.117173710205302,0.117173710205302
0.763768039840612,-0.511209891465864,0.131,0.136,1,"PPA2","Not significant",0.117038518797564,0.117038518797564
0.763886738261746,-0.23433881418037,0.337,0.296,1,"TMEM179B","Not significant",0.116971029636856,0.116971029636856
0.764192875565008,-0.139406437173266,0.252,0.222,1,"PRPF8","Not significant",0.116797015479364,0.116797015479364
0.764309955444848,0.00916353852171303,0.204,0.185,1,"CDK4","Not significant",0.116730483517729,0.116730483517729
0.764838621275976,-1.16955882986885,0.116,0.099,1,"TMEM37","Not significant",0.11643019005263,0.11643019005263
0.764911972654683,-0.527093196063945,0.176,0.185,1,"EIF2AK1","Not significant",0.116388541303921,0.116388541303921
0.765532523030456,-0.609337093722828,0.128,0.136,1,"MOCS2","Not significant",0.116036353923758,0.116036353923758
0.765800876350591,-0.452572661510999,0.23,0.235,1,"CPEB2","Not significant",0.115884140999551,0.115884140999551
0.765812956294389,-0.117667097960369,0.266,0.235,1,"RHOT2","Not significant",0.115877290378563,0.115877290378563
0.765836274661275,0.239650744588179,0.109,0.099,1,"NXT2","Not significant",0.115864066674517,0.115864066674517
0.765875651992039,-0.045905282135009,0.962,0.951,1,"HSPH1","Not significant",0.115841736943751,0.115841736943751
0.765966952306613,-0.559112169771196,0.114,0.099,1,"ING5","Not significant",0.115789967626523,0.115789967626523
0.766059869351494,-0.476136048425644,0.183,0.185,1,"SLC17A5","Not significant",0.115737287922297,0.115737287922297
0.766272744780253,-0.403036809435948,0.337,0.321,1,"NPTN","Not significant",0.115616621398874,0.115616621398874
0.766898942014556,-0.259591948508294,0.42,0.358,1,"CTNNA1","Not significant",0.115261861366575,0.115261861366575
0.766913231472324,-0.345895834871906,0.15,0.16,1,"TM9SF4","Not significant",0.115253769329277,0.115253769329277
0.766930915188137,-0.678230051383473,0.105,0.111,1,"IPO9","Not significant",0.115243755352024,0.115243755352024
0.767094571485875,-0.186006426972567,0.2,0.185,1,"DVL3","Not significant",0.115151090623929,0.115151090623929
0.767156732239498,-0.278154034263082,0.112,0.123,1,"MSANTD3","Not significant",0.115115899423846,0.115115899423846
0.767294911263975,-0.653232306221627,0.278,0.272,1,"GNL3","Not significant",0.115037682051195,0.115037682051195
0.767461249480808,0.0458454698516078,0.15,0.136,1,"RCC1L","Not significant",0.114943543618223,0.114943543618223
0.767595616506247,-0.230742086838384,0.38,0.37,1,"GRPEL1","Not significant",0.114867514046759,0.114867514046759
0.767977614504555,-0.192180016135816,0.492,0.481,1,"NDUFA11","Not significant",0.114651438873221,0.114651438873221
0.768211488960281,-0.139131217836892,0.109,0.099,1,"UBA5","Not significant",0.114519202046211,0.114519202046211
0.768425513777198,0.0275121712356321,0.952,0.951,1,"CFL1","Not significant",0.114398223835465,0.114398223835465
0.769783002184637,-0.0903366847706502,0.204,0.185,1,"ZNF358","Not significant",0.113631682925656,0.113631682925656
0.770216688065626,-0.243281612978211,0.278,0.247,1,"ZNF800","Not significant",0.113387075876493,0.113387075876493
0.77028881775315,-0.0360102754632581,0.371,0.333,1,"MRPL51","Not significant",0.113346406725779,0.113346406725779
0.770326340396175,-0.0271835666015439,0.147,0.136,1,"MED17","Not significant",0.113325251699841,0.113325251699841
0.770333491766523,0.098586227993553,0.268,0.247,1,"BANP","Not significant",0.11332121991993,0.11332121991993
0.77046279982872,-0.31344111058032,0.302,0.296,1,"ATXN2L","Not significant",0.113248325432429,0.113248325432429
0.770774815605657,-0.286801922806627,0.202,0.173,1,"HSF1","Not significant",0.113072483977894,0.113072483977894
0.771013121185307,-0.188476620294908,0.154,0.136,1,"SLC17A9","Not significant",0.112938231015338,0.112938231015338
0.771251248194892,0.0461123082857411,0.304,0.284,1,"EPS8","Not significant",0.11280412009489,0.11280412009489
0.771773828194819,-0.197589586029285,0.188,0.198,1,"GLTP","Not significant",0.112509952978008,0.112509952978008
0.771799190830826,-0.667425952914024,0.116,0.099,1,"FAM219B","Not significant",0.112495681087104,0.112495681087104
0.771814238441307,-0.32149091577438,0.114,0.099,1,"UBQLN2","Not significant",0.112487213819232,0.112487213819232
0.77190518478358,-0.0254227832946124,0.444,0.395,1,"SURF4","Not significant",0.112436041962417,0.112436041962417
0.772106214565145,-0.221754791087837,0.128,0.136,1,"SLC39A11","Not significant",0.112322951961447,0.112322951961447
0.772325153258007,-0.432306163409536,0.105,0.111,1,"DDX20","Not significant",0.112199820731658,0.112199820731658
0.772954687696782,-0.331738408103654,0.145,0.123,1,"FAM234A","Not significant",0.111845964632837,0.111845964632837
0.772962884265699,0.197528276947587,0.565,0.568,1,"AC016831.1","Not significant",0.111841359310127,0.111841359310127
0.77310593891643,-0.134056698903546,0.164,0.173,1,"IKBKG","Not significant",0.111760990513255,0.111760990513255
0.773275580655816,-0.243674078625003,0.24,0.21,1,"BSDC1","Not significant",0.111665704232762,0.111665704232762
0.773447553859366,-0.780890610603065,0.173,0.173,1,"TOR4A","Not significant",0.111569129723752,0.111569129723752
0.773632676045691,-0.292940750333845,0.544,0.481,1,"METAP2","Not significant",0.11146519517294,0.11146519517294
0.773681334939686,0.059330934659176,0.406,0.37,1,"SWAP70","Not significant",0.111437880369333,0.111437880369333
0.773700547827247,-0.273194523551603,0.166,0.173,1,"MILR1","Not significant",0.11142709563527,0.11142709563527
0.773836011087353,-0.126571949159091,0.618,0.593,1,"TNFRSF1B","Not significant",0.111351063898022,0.111351063898022
0.774159008972438,0.0540881582940451,0.109,0.099,1,"RBM28","Not significant",0.111169827912923,0.111169827912923
0.774168995802527,-0.162701381180449,0.112,0.099,1,"MAVS","Not significant",0.111164225449897,0.111164225449897
0.774332345097655,0.0841209620007284,0.283,0.259,1,"SIPA1L2","Not significant",0.111072599184054,0.111072599184054
0.774658193058499,-0.0172807042129611,0.38,0.333,1,"INPP5D","Not significant",0.110889881510916,0.110889881510916
0.774786479037594,-0.0325330663645153,0.361,0.309,1,"TNFRSF10B","Not significant",0.110817966851481,0.110817966851481
0.775165590250156,0.122010557250029,0.235,0.222,1,"YAF2","Not significant",0.110605513945112,0.110605513945112
0.77528558128466,-0.155926304433701,0.309,0.272,1,"DDX27","Not significant",0.110538292938448,0.110538292938448
0.7752883906352,0.123318528928287,0.577,0.568,1,"CYFIP1","Not significant",0.110536719217414,0.110536719217414
0.775698059001851,0.0345557931595334,0.52,0.481,1,"PRDM1","Not significant",0.110307295272123,0.110307295272123
0.776055722833837,-0.115293264716454,0.124,0.111,1,"CHD8","Not significant",0.110107094140762,0.110107094140762
0.7764670632076,-0.466284139195959,0.178,0.185,1,"EDEM2","Not significant",0.109876961790634,0.109876961790634
0.776475033153725,-0.0456680581865965,0.166,0.148,1,"ZNF292","Not significant",0.10987250405376,0.10987250405376
0.77665696279903,-0.267346944769902,0.166,0.173,1,"BAZ1B","Not significant",0.109770759911449,0.109770759911449
0.776687647929461,-0.0651117019267271,0.304,0.272,1,"SIRT1","Not significant",0.109753601603199,0.109753601603199
0.777443068600753,0.0290913906948965,0.784,0.728,1,"HNRNPA3","Not significant",0.109331404098953,0.109331404098953
0.777643156163301,-0.487290882478932,0.166,0.173,1,"PINK1","Not significant",0.10921964576246,0.10921964576246
0.777715204185177,-0.211953352559771,0.477,0.457,1,"CHD4","Not significant",0.109179410586885,0.109179410586885
0.777879918107298,-0.152628194381852,0.261,0.235,1,"TRAPPC2L","Not significant",0.109087440193417,0.109087440193417
0.778043085310688,0.0474084468818487,0.508,0.469,1,"TNFSF13B","Not significant",0.108996352631675,0.108996352631675
0.778309724197949,-0.38096284078064,0.102,0.111,1,"CIAPIN1","Not significant",0.108847543444165,0.108847543444165
0.778768430761229,0.0375285137495474,0.195,0.173,1,"PML","Not significant",0.108591661959508,0.108591661959508
0.778983520765402,-0.266029818519331,0.221,0.198,1,"CENPC","Not significant",0.108471729639826,0.108471729639826
0.779473135054504,0.0864803800265734,0.28,0.259,1,"IFNAR1","Not significant",0.108198848401557,0.108198848401557
0.779474587425573,0.0971943075084689,0.392,0.37,1,"HIPK1","Not significant",0.108198039193229,0.108198039193229
0.779598726931282,-0.0385301778355318,0.245,0.222,1,"CRK","Not significant",0.108128878747811,0.108128878747811
0.77979621600299,-0.469776486158221,0.128,0.136,1,"ARMC10","Not significant",0.108018876576871,0.108018876576871
0.779925687605258,0.152107636109129,0.202,0.185,1,"METTL23","Not significant",0.107946775515231,0.107946775515231
0.779987753506692,-0.579163728373097,0.238,0.235,1,"ACAP2","Not significant",0.107912216061083,0.107912216061083
0.780050504687561,-0.461485642631727,0.143,0.148,1,"HIPK2","Not significant",0.107877277826132,0.107877277826132
0.78025232111597,-0.367457380559802,0.216,0.185,1,"PRKCA","Not significant",0.107764930709592,0.107764930709592
0.780294702173802,-0.206892425429142,0.368,0.358,1,"EMC7","Not significant",0.107741341725365,0.107741341725365
0.780295957226611,-0.052070387593784,0.791,0.802,1,"BST2","Not significant",0.107740643191761,0.107740643191761
0.780478722642711,-0.18684433419552,0.292,0.259,1,"PLEKHA2","Not significant",0.107638932146493,0.107638932146493
0.780848728313571,-0.422863730134392,0.238,0.235,1,"ZSWIM8","Not significant",0.107433092655185,0.107433092655185
0.781192641862907,0.164804426248198,0.173,0.16,1,"ARFGAP1","Not significant",0.107241856031119,0.107241856031119
0.781313540439936,0.349954977613343,0.109,0.099,1,"TBC1D2","Not significant",0.107174649148262,0.107174649148262
0.781341488020859,-0.14088198633581,0.311,0.284,1,"DNM1L","Not significant",0.107159114714933,0.107159114714933
0.781574283780054,-0.0918968844777417,0.19,0.198,1,"SERPINH1","Not significant",0.107029738690708,0.107029738690708
0.781924497522139,-0.150776253670183,0.223,0.235,1,"CTR9","Not significant",0.106835180306606,0.106835180306606
0.781924924603824,0.0247862451176353,0.86,0.864,1,"HSPA6","Not significant",0.106834943098066,0.106834943098066
0.782025016310192,-0.338727868781389,0.116,0.123,1,"TMEM120A","Not significant",0.10677935400959,0.10677935400959
0.78220906016637,0.0189151569938045,0.715,0.691,1,"TOMM7","Not significant",0.106677158011258,0.106677158011258
0.782248288914497,-0.0657649907165341,0.316,0.284,1,"SFSWAP","Not significant",0.106655378154035,0.106655378154035
0.782274350840503,-0.870103098857358,0.121,0.123,1,"BEX3","Not significant",0.106640909139186,0.106640909139186
0.78244480162601,0.24754796275964,0.121,0.111,1,"ZHX1","Not significant",0.106546290452173,0.106546290452173
0.782480295625705,-0.560156770116564,0.145,0.123,1,"LINC01503","Not significant",0.106526590022756,0.106526590022756
0.782632481858521,-0.0192255481612127,0.23,0.21,1,"MRPS18C","Not significant",0.106442131391668,0.106442131391668
0.782770891470357,-0.345115276313344,0.197,0.198,1,"ENTR1","Not significant",0.10636533261655,0.10636533261655
0.782895103946087,-0.0376818952492024,0.261,0.235,1,"ACAA2","Not significant",0.106296422909033,0.106296422909033
0.78314807823871,-0.194263657915086,0.418,0.358,1,"C4orf48","Not significant",0.10615611344432,0.10615611344432
0.783176320549188,0.0880429056741034,0.986,0.963,1,"PTMA","Not significant",0.106140451963713,0.106140451963713
0.783774024307158,-0.122208160128106,0.1,0.111,1,"RC3H2","Not significant",0.105809133926302,0.105809133926302
0.783891640971542,-0.295099102871296,0.29,0.247,1,"FEM1B","Not significant",0.105743966627497,0.105743966627497
0.784129108953409,-0.00779380569460441,0.601,0.531,1,"GPSM3","Not significant",0.105612423680828,0.105612423680828
0.784927951624705,-0.26067581795336,0.138,0.148,1,"PPM1N","Not significant",0.105170205226515,0.105170205226515
0.785341044377857,-0.0804577797590117,0.354,0.321,1,"TLR4","Not significant",0.104941704367359,0.104941704367359
0.785412476813215,-0.235341789749035,0.154,0.136,1,"QRICH1","Not significant",0.104902203946564,0.104902203946564
0.785412868113786,-0.278617745368856,0.299,0.296,1,"SEPHS2","Not significant",0.104901987576642,0.104901987576642
0.785545477273946,-0.445957759442672,0.166,0.173,1,"MBTPS1","Not significant",0.104828667457348,0.104828667457348
0.785667738784179,0.0699117460679082,0.33,0.309,1,"ZNF511","Not significant",0.104761079559274,0.104761079559274
0.786159195170358,0.033572534735657,0.207,0.185,1,"DIS3","Not significant",0.10448950156432,0.10448950156432
0.786461166257602,-0.115534250721249,0.601,0.568,1,"TMEM50A","Not significant",0.104322717028506,0.104322717028506
0.786587793217367,-0.113862113969086,0.126,0.111,1,"SOWAHC","Not significant",0.10425279753913,0.10425279753913
0.786688540253553,0.0506490498597379,0.466,0.432,1,"LSM7","Not significant",0.104197176182585,0.104197176182585
0.788697066922287,-0.238443720671155,0.1,0.086,1,"TBL3","Not significant",0.10308977426442,0.10308977426442
0.788789436542328,-0.11776066271156,0.53,0.494,1,"SLC7A7","Not significant",0.103038914093843,0.103038914093843
0.78887135813582,-0.710032912709754,0.131,0.136,1,"PPAN","Not significant",0.102993811754792,0.102993811754792
0.78929447571518,0.100771126336342,0.121,0.111,1,"SLC9A8","Not significant",0.102760936818111,0.102760936818111
0.789431093788394,-0.168855195535959,0.781,0.753,1,"HAVCR2","Not significant",0.102685771790547,0.102685771790547
0.789472578908034,-0.264350889249858,0.435,0.383,1,"FAM20C","Not significant",0.102662949931486,0.102662949931486
0.789567703829086,0.0537026671213452,0.112,0.099,1,"RRP8","Not significant",0.102610624188051,0.102610624188051
0.789574372756326,-0.19400930726311,0.601,0.543,1,"WASF2","Not significant",0.102606956021211,0.102606956021211
0.7898755636774,-0.349039660805875,0.181,0.185,1,"ODR4","Not significant",0.102441321703098,0.102441321703098
0.789947190848387,-0.133685243413329,0.204,0.185,1,"RNFT1","Not significant",0.102401940975043,0.102401940975043
0.790120519597897,-0.242277578572725,0.532,0.506,1,"ATP5MF","Not significant",0.102306659337083,0.102306659337083
0.790266403042187,-0.54692384782254,0.245,0.247,1,"ZNF428","Not significant",0.102226481028685,0.102226481028685
0.79075571588366,-0.183107952005332,0.112,0.099,1,"KTI12","Not significant",0.101957660154875,0.101957660154875
0.790977308965115,-0.629476677801909,0.173,0.173,1,"ELP2","Not significant",0.101835975077025,0.101835975077025
0.791435714180057,-0.499348206142516,0.295,0.259,1,"FILIP1L","Not significant",0.101584355736205,0.101584355736205
0.791475030681258,-0.136904161463211,0.342,0.309,1,"CD72","Not significant",0.10156278163346,0.10156278163346
0.791768025779249,-0.518513775077455,0.159,0.136,1,"ZDHHC5","Not significant",0.101402040482296,0.101402040482296
0.791982418905398,-0.682845525068612,0.169,0.173,1,"FRYL","Not significant",0.101284459139192,0.101284459139192
0.7920733883602,-0.0781445916711818,0.233,0.21,1,"RNF139","Not significant",0.101234577648775,0.101234577648775
0.792094174547475,-0.13161831208018,0.444,0.432,1,"GTF3C6","Not significant",0.101223180714958,0.101223180714958
0.792196555110611,-0.676681310457928,0.105,0.111,1,"LATS1","Not significant",0.101167050469602,0.101167050469602
0.792196555110611,-0.550787445666567,0.105,0.111,1,"TMEM268","Not significant",0.101167050469602,0.101167050469602
0.792241160507175,-0.609021830030613,0.223,0.222,1,"EPRS","Not significant",0.10114259778534,0.10114259778534
0.792255368770474,-0.219627087509148,0.192,0.198,1,"USPL1","Not significant",0.101134809102646,0.101134809102646
0.792294533512869,0.158205805121707,0.501,0.494,1,"UFM1","Not significant",0.101113340505808,0.101113340505808
0.792388438231683,-0.00597374892919555,0.162,0.148,1,"ROGDI","Not significant",0.10106186989373,0.10106186989373
0.79285925732259,0.0435235993939291,0.181,0.16,1,"NMRK1","Not significant",0.100803898676057,0.100803898676057
0.793140675930646,-0.200309010578472,0.686,0.667,1,"DDX24","Not significant",0.100649776916902,0.100649776916902
0.793318769710929,-0.376097117882901,0.242,0.235,1,"MMADHC","Not significant",0.100552270300422,0.100552270300422
0.793417373044273,-0.146235465460631,0.432,0.432,1,"NCF2","Not significant",0.100498294239161,0.100498294239161
0.79367411954061,-0.513676586536148,0.154,0.136,1,"CS","Not significant",0.10035778112054,0.10035778112054
0.794477962209244,0.0533137748016919,0.109,0.099,1,"TRIP10","Not significant",0.0999181450565505,0.0999181450565505
0.794778393520764,-0.326002637223734,0.152,0.16,1,"PPM1F","Not significant",0.0997539479314387,0.0997539479314387
0.794796956784762,-0.172814314139316,0.176,0.185,1,"RBM12","Not significant",0.099743804438563,0.099743804438563
0.795388190217264,-0.132552585977868,0.273,0.247,1,"ZRANB1","Not significant",0.0994208616295848,0.0994208616295848
0.795607213184149,-0.444922038526319,0.126,0.111,1,"SPIRE1","Not significant",0.0993012881018101,0.0993012881018101
0.795722473640578,0.00948486659615122,0.518,0.457,1,"NDUFB4","Not significant",0.0992383759589516,0.0992383759589516
0.795931775647767,-0.641854247998461,0.159,0.16,1,"WASL","Not significant",0.0991241567969217,0.0991241567969217
0.796233781981812,0.260615035400926,0.596,0.605,1,"JMJD6","Not significant",0.098959400455698,0.098959400455698
0.796311413943359,-0.0846022944753766,0.211,0.222,1,"STARD3NL","Not significant",0.0989170592616996,0.0989170592616996
0.79643101967044,-0.143725145602909,0.226,0.198,1,"ARSA","Not significant",0.0988518332637274,0.0988518332637274
0.796556555302635,-0.152263069168496,0.131,0.136,1,"RHOT1","Not significant",0.0987833839759688,0.0987833839759688
0.7965953603256,0.0298408870591054,0.183,0.173,1,"C21orf2","Not significant",0.098762227415591,0.098762227415591
0.796958602592224,-0.175749274908075,0.169,0.148,1,"NOTCH2","Not significant",0.098564237114174,0.098564237114174
0.797011385442871,0.109030478759986,0.29,0.272,1,"WDR82","Not significant",0.0985354745892135,0.0985354745892135
0.797034802545746,-0.643784987513992,0.105,0.111,1,"BRCA2","Not significant",0.0985227147098096,0.0985227147098096
0.797144748951287,-0.209249408831384,0.394,0.346,1,"SCML1","Not significant",0.0984628103944363,0.0984628103944363
0.797893909455536,-0.325901699068805,0.112,0.099,1,"PLRG1","Not significant",0.098054850003928,0.098054850003928
0.797893909455536,-0.921789238476744,0.109,0.111,1,"RCOR3","Not significant",0.098054850003928,0.098054850003928
0.798063909744165,0.118270523866614,0.675,0.605,1,"TKT","Not significant",0.0979623285266503,0.0979623285266503
0.798195447708881,-0.537822902409411,0.147,0.148,1,"PI4KA","Not significant",0.0978907534256495,0.0978907534256495
0.798214830018136,0.128902267584027,0.653,0.63,1,"DDIT3","Not significant",0.0978802077281259,0.0978802077281259
0.798347516364301,-0.200878457251062,0.126,0.136,1,"LINC00685","Not significant",0.0978080214483647,0.0978080214483647
0.799202151750142,-0.179557130016477,0.328,0.321,1,"ABRACL","Not significant",0.0973433554978463,0.0973433554978463
0.799305479976658,-0.300978770806176,0.743,0.667,1,"DNAJA4","Not significant",0.0972872095304794,0.0972872095304794
0.799385468778658,-0.464638192157152,0.183,0.185,1,"TTC17","Not significant",0.0972437506050642,0.0972437506050642
0.800324229979757,-0.12673748520723,0.14,0.123,1,"GNG2","Not significant",0.0967340345527346,0.0967340345527346
0.800664294898767,-0.252215224434534,0.204,0.21,1,"PIP4K2A","Not significant",0.0965495381397487,0.0965495381397487
0.800733746150867,-0.455126204845545,0.114,0.123,1,"PREB","Not significant",0.0965118681853788,0.0965118681853788
0.80074662416681,0.102469691080059,0.121,0.111,1,"GALC","Not significant",0.0965048835836744,0.0965048835836744
0.801096432076656,0.0394730026106629,0.216,0.235,1,"SDC2","Not significant",0.0963152025199834,0.0963152025199834
0.801315444450995,-0.388095846888662,0.171,0.173,1,"TSTA3","Not significant",0.0961964866422122,0.0961964866422122
0.801320379734684,-0.66022947503396,0.119,0.123,1,"TPM1","Not significant",0.0961938118405631,0.0961938118405631
0.801632852923401,-0.6339108122079,0.2,0.198,1,"ERO1B","Not significant",0.0960244926357897,0.0960244926357897
0.801693462119333,-0.445308298773905,0.131,0.111,1,"TSR1","Not significant",0.0959916580978528,0.0959916580978528
0.801724541034039,-0.425259811553998,0.214,0.21,1,"ADD1","Not significant",0.0959748223118811,0.0959748223118811
0.801802038790766,0.157455664423908,0.914,0.889,1,"IER5","Not significant",0.095932843777124,0.095932843777124
0.801891114125498,-0.396160756196291,0.335,0.309,1,"VMA21","Not significant",0.0958845989787758,0.0958845989787758
0.801898707400796,-0.21963248441431,0.447,0.432,1,"CYTH4","Not significant",0.095880486572627,0.095880486572627
0.801917251113439,-0.152475126597743,0.152,0.136,1,"IFRD2","Not significant",0.0958704437344413,0.0958704437344413
0.801917251113439,-0.10813025795941,0.152,0.136,1,"KLHL5","Not significant",0.0958704437344413,0.0958704437344413
0.801944430509475,-0.325830787547869,0.14,0.123,1,"RNPC3","Not significant",0.095855724433075,0.095855724433075
0.801944714085799,-0.208380813815635,0.546,0.481,1,"ANXA11","Not significant",0.0958555708618224,0.0958555708618224
0.802215753655768,-0.120864088929338,0.135,0.123,1,"MAGOHB","Not significant",0.0957088137348362,0.0957088137348362
0.802292411045283,-0.388114582332265,0.33,0.321,1,"POLR2J3.1","Not significant",0.0956673158079059,0.0956673158079059
0.80248212741412,-0.425017990388159,0.1,0.086,1,"GTPBP8","Not significant",0.0955646312618567,0.0955646312618567
0.802484704147754,-0.655490545051478,0.14,0.123,1,"ANG","Not significant",0.0955632367642553,0.0955632367642553
0.80288616235526,-0.312764415350949,0.109,0.099,1,"CLPX","Not significant",0.0953460270322155,0.0953460270322155
0.802901472102139,-0.225119819372737,0.138,0.123,1,"TXNDC9","Not significant",0.0953377458143926,0.0953377458143926
0.803090914970574,-0.221220146008717,0.47,0.444,1,"KTN1","Not significant",0.0952352870562548,0.0952352870562548
0.803100641395343,-0.0103779510567761,0.924,0.852,1,"PFDN5","Not significant",0.0952300272445105,0.0952300272445105
0.803478830681825,-0.107449536716594,0.233,0.21,1,"POLR2I","Not significant",0.0950255611398172,0.0950255611398172
0.803531047785102,-0.805729536287933,0.214,0.21,1,"PARP12","Not significant",0.094997337791441,0.094997337791441
0.803558797450046,0.234704484392884,0.551,0.543,1,"C15orf48","Not significant",0.0949823398417036,0.0949823398417036
0.804060977206171,-0.238443442734133,0.154,0.16,1,"XAB2","Not significant",0.0947110146097794,0.0947110146097794
0.804120632983983,0.00685034192820111,0.195,0.173,1,"TBL1XR1","Not significant",0.0946787941503925,0.0946787941503925
0.8042716833036,-0.367098014275608,0.171,0.173,1,"PPP6R2","Not significant",0.0945972216138562,0.0945972216138562
0.804400874886605,-0.347886195928087,0.166,0.173,1,"TAX1BP3","Not significant",0.0945274657254473,0.0945274657254473
0.804790109501064,-0.645021808096571,0.114,0.099,1,"C16orf91","Not significant",0.094317369534054,0.094317369534054
0.805035209767773,-0.0550827493872172,0.164,0.148,1,"TBC1D2B","Not significant",0.0941851245098354,0.0941851245098354
0.805049041458835,-0.364059420700112,0.112,0.099,1,"SCRIB","Not significant",0.0941776627548383,0.0941776627548383
0.805119102408702,-0.274183248219493,0.102,0.111,1,"FRA10AC1","Not significant",0.0941398690820974,0.0941398690820974
0.805536448057091,-0.313577619393031,0.373,0.358,1,"RB1","Not significant",0.0939148043050314,0.0939148043050314
0.805786748482892,-0.434874759635118,0.126,0.111,1,"AC007032.1","Not significant",0.0937798790524792,0.0937798790524792
0.805786748482892,-0.410726862891463,0.126,0.111,1,"DCUN1D5","Not significant",0.0937798790524792,0.0937798790524792
0.805802024360719,-0.00591310804369005,0.796,0.741,1,"CXCL16","Not significant",0.0937716458982672,0.0937716458982672
0.805982376401047,-0.460862849845752,0.128,0.111,1,"DUSP22","Not significant",0.093674454367931,0.093674454367931
0.806285542651482,-0.48311610781274,0.708,0.63,1,"YME1L1","Not significant",0.0935111273803266,0.0935111273803266
0.806346464154037,0.114737182341474,0.572,0.543,1,"TMEM219","Not significant",0.0934783141008057,0.0934783141008057
0.806357921358123,-0.133738254952696,0.648,0.58,1,"CHD2","Not significant",0.0934721433474337,0.0934721433474337
0.806595837750518,-0.0596959718384786,0.135,0.123,1,"COPG1","Not significant",0.0933440233978846,0.0933440233978846
0.806968986285336,0.015568710026026,0.14,0.148,1,"DTX3L","Not significant",0.0931431559148106,0.0931431559148106
0.807135660259191,-0.33122750476798,0.152,0.136,1,"VPS37A","Not significant",0.0930534645958064,0.0930534645958064
0.80750239630943,-0.163859821340501,0.401,0.395,1,"ANKRD37","Not significant",0.0928561802012952,0.0928561802012952
0.80763703153648,-0.827922536249265,0.147,0.148,1,"ZNF148","Not significant",0.0927837761285505,0.0927837761285505
0.808000528506009,-0.048998470039231,0.786,0.753,1,"LAPTM4A","Not significant",0.092588355157136,0.092588355157136
0.808129354118544,-0.508259802423747,0.2,0.198,1,"KCNQ1","Not significant",0.0925191178348492,0.0925191178348492
0.808303574612731,-0.530941796975997,0.107,0.111,1,"VPS35L","Not significant",0.0924255005888654,0.0924255005888654
0.808788165882698,-0.529234577422145,0.133,0.136,1,"GPATCH2","Not significant",0.0921652119292249,0.0921652119292249
0.808968997513067,-0.222405207534777,0.242,0.247,1,"EIF2AK4","Not significant",0.0920681217338273,0.0920681217338273
0.809197436268635,-0.394174980638142,0.233,0.21,1,"MIER1","Not significant",0.0919455018480305,0.0919455018480305
0.809367309585605,-0.315559511136862,0.235,0.21,1,"MRPS25","Not significant",0.0918543407812365,0.0918543407812365
0.809388784380155,-0.294371671737206,0.221,0.198,1,"MAN2C1","Not significant",0.0918428178781776,0.0918428178781776
0.809593994458429,-0.218599084969281,0.223,0.198,1,"DNMT1","Not significant",0.0917327220744822,0.0917327220744822
0.809631971612801,-0.147793971409044,0.352,0.333,1,"CCR1","Not significant",0.0917123502808833,0.0917123502808833
0.809638182275784,0.0368783220495912,0.214,0.198,1,"TIPRL","Not significant",0.0917090188334954,0.0917090188334954
0.809653630670195,-0.430184505198444,0.128,0.136,1,"SLC2A4RG","Not significant",0.0917007323067634,0.0917007323067634
0.809854317459834,-0.0348025776370968,0.532,0.469,1,"EIF3I","Not significant",0.0915930981752017,0.0915930981752017
0.809884894247814,-0.261694756223961,0.135,0.123,1,"ACADS","Not significant",0.0915767013006933,0.0915767013006933
0.809946014815387,0.0554241370281141,0.941,0.938,1,"ZFAND5","Not significant",0.0915439271079156,0.0915439271079156
0.810086089113635,-0.257134922007104,0.247,0.247,1,"ALDH16A1","Not significant",0.0914688255160527,0.0914688255160527
0.810139708762257,-0.929588361327887,0.121,0.123,1,"LZTS2","Not significant",0.091440080488591,0.091440080488591
0.810244858241267,-0.158477602460664,0.805,0.802,1,"GSN","Not significant",0.0913837162902361,0.0913837162902361
0.810308859942497,-0.293766606170198,0.259,0.259,1,"DCTN2","Not significant",0.0913494124774354,0.0913494124774354
0.810321683685086,-0.358136575369386,0.126,0.111,1,"COIL","Not significant",0.0913425394974513,0.0913425394974513
0.8111618275006,0.0867412441455744,0.404,0.383,1,"SIPA1L1","Not significant",0.0908924950126113,0.0908924950126113
0.811456419474243,-0.469969851212617,0.126,0.111,1,"DCAF8","Not significant",0.0907347996702717,0.0907347996702717
0.811968763016244,-0.0846531419687489,0.653,0.605,1,"CCT4","Not significant",0.0904606780379144,0.0904606780379144
0.812568765826888,-0.236960825477165,0.314,0.272,1,"UBE2G2","Not significant",0.0901398754500869,0.0901398754500869
0.813091163217662,-0.451557221827059,0.114,0.099,1,"IDH3A","Not significant",0.0898607588797273,0.0898607588797273
0.813273226462486,-0.0524097828383498,0.188,0.198,1,"HOMER1","Not significant",0.0897635247501357,0.0897635247501357
0.813333496850261,-0.0702137352332369,0.644,0.605,1,"HIGD2A","Not significant",0.0897313410680329,0.0897313410680329
0.814148083237281,-0.0568106087565322,0.463,0.444,1,"POLR2E","Not significant",0.0892965952536565,0.0892965952536565
0.814201804379334,-0.496573559168727,0.204,0.198,1,"TNIP2","Not significant",0.0892679395013013,0.0892679395013013
0.814360080866667,-0.30798874288155,0.116,0.123,1,"PTPN9","Not significant",0.0891835231755813,0.0891835231755813
0.814427850482039,-0.605323143731276,0.154,0.136,1,"MRPS35","Not significant",0.0891473834554282,0.0891473834554282
0.814460992257588,-0.23415067737313,0.14,0.148,1,"EXOC1","Not significant",0.0891297109293899,0.0891297109293899
0.814601464675097,-0.363025958359774,0.261,0.259,1,"RAB34","Not significant",0.089054813376291,0.089054813376291
0.815176747073021,0.0530648709707743,0.378,0.346,1,"MBD2","Not significant",0.0887482170805128,0.0887482170805128
0.815541068505415,-0.706454582795458,0.107,0.111,1,"GALNS","Not significant",0.0885541641440098,0.0885541641440098
0.815707180393451,-0.10034342456997,0.563,0.543,1,"APRT","Not significant",0.0884657147290905,0.0884657147290905
0.81585746366923,-0.386527493618694,0.124,0.111,1,"XPC","Not significant",0.0883857090758481,0.0883857090758481
0.815898951876731,0.0100957135783218,0.537,0.494,1,"SRSF9","Not significant",0.0883636247752577,0.0883636247752577
0.81614491315622,-0.397061805673528,0.109,0.099,1,"DENND1A","Not significant",0.0882327218877292,0.0882327218877292
0.816328085670015,-0.479687287934733,0.128,0.136,1,"ZDHHC2","Not significant",0.0881352613939037,0.0881352613939037
0.816843517098465,-0.343853703747278,0.181,0.185,1,"C3orf62","Not significant",0.0878611333938477,0.0878611333938477
0.816949671978,-0.258486086398034,0.299,0.272,1,"PSMD6","Not significant",0.0878046972686611,0.0878046972686611
0.816976848851557,-0.381951358641107,0.238,0.21,1,"MAP4","Not significant",0.087790250148706,0.087790250148706
0.817598048912505,-0.546874269826547,0.152,0.136,1,"PSME3","Not significant",0.0874601535933445,0.0874601535933445
0.81784413217619,-0.616580127388386,0.114,0.099,1,"ZXDC","Not significant",0.0873294579251646,0.0873294579251646
0.817867653371734,-0.186102508917993,0.226,0.235,1,"CENPX","Not significant",0.0873169677963735,0.0873169677963735
0.817895396971588,-0.359613803949656,0.264,0.235,1,"FAM91A1","Not significant",0.0873022359654723,0.0873022359654723
0.818065308173713,0.21282792350221,0.285,0.272,1,"USP47","Not significant",0.0872120241437218,0.0872120241437218
0.818208867925685,-0.222901755961829,0.112,0.099,1,"SEPT10","Not significant",0.0871358178340756,0.0871358178340756
0.818208867925685,-0.926511060523613,0.112,0.099,1,"SUN1","Not significant",0.0871358178340756,0.0871358178340756
0.818808018579417,-0.0323696748988502,0.162,0.148,1,"CCSER2","Not significant",0.0868179129468281,0.0868179129468281
0.819959583788867,-0.13692060630186,0.401,0.358,1,"TMEM230","Not significant",0.0862075536773247,0.0862075536773247
0.820169369926619,-0.319287166318825,0.116,0.123,1,"IKZF5","Not significant",0.0860964539222767,0.0860964539222767
0.820326387104841,0.234026319125926,0.323,0.309,1,"NBN","Not significant",0.0860133184505978,0.0860133184505978
0.820438752905261,-0.530058124765126,0.124,0.111,1,"ISOC1","Not significant",0.0859538341941819,0.0859538341941819
0.82057996814215,-0.102061188923601,0.299,0.272,1,"PLP2","Not significant",0.0858790891623232,0.0858790891623232
0.820693241606713,-0.669312192083627,0.195,0.198,1,"ZNF335","Not significant",0.0858191429688535,0.0858191429688535
0.82078328245577,-0.253623018573759,0.257,0.259,1,"PYURF","Not significant",0.0857714977624102,0.0857714977624102
0.820872374836507,-0.330433179188496,0.135,0.123,1,"KAT2A","Not significant",0.0857243595830975,0.0857243595830975
0.820922055360705,-0.531467545605445,0.219,0.198,1,"NPLOC4","Not significant",0.0856980761737653,0.0856980761737653
0.821894457101443,-0.0234222134059539,0.582,0.531,1,"ATP6V1H","Not significant",0.0851839484470086,0.0851839484470086
0.822008093500943,-0.428863216844896,0.169,0.148,1,"ATPAF2","Not significant",0.0851239063705403,0.0851239063705403
0.822066527168186,-0.289372063570641,0.171,0.173,1,"NCK1","Not significant",0.08509303499897,0.08509303499897
0.822155140528639,-0.362008180828542,0.304,0.296,1,"SENP6","Not significant",0.0850462234354676,0.0850462234354676
0.82218930775284,-0.105609808012832,0.109,0.099,1,"PIK3CD","Not significant",0.0850281753471243,0.0850281753471243
0.822542788579295,-0.0517032493134977,0.328,0.321,1,"NBDY","Not significant",0.0848415008423903,0.0848415008423903
0.822682152094305,0.0433022533347416,0.245,0.222,1,"GNPTAB","Not significant",0.0847679245134688,0.0847679245134688
0.822734370381165,-0.0258676468730551,0.625,0.556,1,"C19orf53","Not significant",0.0847403593182304,0.0847403593182304
0.822766838275547,-0.159872644789436,0.15,0.16,1,"RGL1","Not significant",0.0847232209201587,0.0847232209201587
0.822825190016552,-0.622835187348385,0.126,0.111,1,"MIEF1","Not significant",0.0846924212581489,0.0846924212581489
0.822903296114825,-0.527466903282115,0.128,0.111,1,"CASP8","Not significant",0.0846511981186163,0.0846511981186163
0.823253314307518,-0.0969344470307237,0.444,0.42,1,"HNRNPUL1","Not significant",0.0844665122011515,0.0844665122011515
0.823800412009932,-0.192296789109004,0.221,0.198,1,"STAC3","Not significant",0.0841779951744604,0.0841779951744604
0.823807890237764,-0.161012403391387,0.264,0.235,1,"LLPH","Not significant",0.0841740527895165,0.0841740527895165
0.824444936325822,-0.169236812952415,0.342,0.333,1,"GAL3ST4","Not significant",0.0838383450508991,0.0838383450508991
0.8245359668288,-0.0164249281658169,0.259,0.235,1,"GLB1","Not significant",0.0837903953807815,0.0837903953807815
0.824748061595953,-0.221557506645373,0.613,0.568,1,"SCPEP1","Not significant",0.0836786965030435,0.0836786965030435
0.824790910044432,-0.471156256414851,0.183,0.16,1,"CLECL1","Not significant",0.0836561340233975,0.0836561340233975
0.825277357670504,0.13901382588266,0.135,0.123,1,"TMEM131","Not significant",0.0834000700410859,0.0834000700410859
0.825327855975857,0.0146754728643914,0.546,0.494,1,"CNBP","Not significant",0.08337349659374,0.08337349659374
0.825375265664461,-0.151336070218929,0.28,0.247,1,"CHID1","Not significant",0.0833485499320596,0.0833485499320596
0.825379428595589,-0.230215305884254,0.306,0.272,1,"CNPY2","Not significant",0.083346359493924,0.083346359493924
0.82574568599197,0.123672199547038,0.606,0.556,1,"H2AFJ","Not significant",0.0831536865493866,0.0831536865493866
0.825798223175452,-0.333353168698426,0.152,0.16,1,"TIMM17B","Not significant",0.0831260559078249,0.0831260559078249
0.82582104128737,-0.19676046210749,0.109,0.099,1,"TMEM19","Not significant",0.0831140558297114,0.0831140558297114
0.826159036110261,-0.462963817358342,0.304,0.296,1,"QSOX1","Not significant",0.082936342683469,0.082936342683469
0.826498015595152,-0.252544888550144,0.24,0.235,1,"GCA","Not significant",0.0827581848234593,0.0827581848234593
0.826595635481425,-0.216167111811178,0.53,0.469,1,"RHOQ","Not significant",0.0827068921723092,0.0827068921723092
0.826717209243439,0.0823254888386704,0.257,0.259,1,"ZNF503","Not significant",0.0826430218476449,0.0826430218476449
0.82693078479233,0.0625030313189454,0.57,0.506,1,"SYAP1","Not significant",0.0825308399525824,0.0825308399525824
0.827245789330996,-0.000807600404205022,0.121,0.111,1,"BCL2L12","Not significant",0.0823654347150632,0.0823654347150632
0.827429834574161,-0.0259012569662369,0.124,0.136,1,"TUFT1","Not significant",0.0822688238353209,0.0822688238353209
0.82778681307272,-0.0406278743644661,0.696,0.63,1,"YWHAE","Not significant",0.0820814963399068,0.0820814963399068
0.828032612123276,-0.0118829963547855,0.577,0.519,1,"FOXO3","Not significant",0.0819525581592412,0.0819525581592412
0.828246146093932,-0.0406165048555919,0.504,0.444,1,"FRMD4A","Not significant",0.0818405762537698,0.0818405762537698
0.828316503378069,-0.219425131279919,0.221,0.198,1,"PPP2R2D","Not significant",0.0818036856715864,0.0818036856715864
0.8283660146491,-0.196724290007134,0.164,0.148,1,"MAN2B1","Not significant",0.0817777272014838,0.0817777272014838
0.828551496008349,0.00839990247327904,0.249,0.235,1,"SMIM12","Not significant",0.0816804942002796,0.0816804942002796
0.828584716828071,0.0702670766546469,0.135,0.123,1,"ZMIZ2","Not significant",0.0816630814872152,0.0816630814872152
0.828901937268948,-0.0568403844070156,0.207,0.21,1,"DCP2","Not significant",0.0814968453508804,0.0814968453508804
0.828933401581931,-0.149473260402108,0.24,0.21,1,"LMBRD1","Not significant",0.0814803602667627,0.0814803602667627
0.828967012889072,-0.690000429717524,0.1,0.086,1,"ZNF687","Not significant",0.0814627510001317,0.0814627510001317
0.829455612625697,-0.126391404620909,0.192,0.173,1,"TMEM115","Not significant",0.081206849793346,0.081206849793346
0.829568502497153,0.1477580813758,0.765,0.716,1,"KCTD12","Not significant",0.0811477458323307,0.0811477458323307
0.829729717449243,0.0430610851821704,0.162,0.173,1,"CXCL12","Not significant",0.0810633550176217,0.0810633550176217
0.829756128197634,-0.0129050982322796,0.625,0.605,1,"SSR2","Not significant",0.0810495314079532,0.0810495314079532
0.830062773753562,-0.45760188908465,0.107,0.111,1,"MFN2","Not significant",0.0808890627276675,0.0808890627276675
0.830124539090204,-0.531058102073935,0.219,0.21,1,"PLOD3","Not significant",0.0808567478862258,0.0808567478862258
0.830195781895837,-0.278945297619465,0.152,0.136,1,"OGDH","Not significant",0.0808194775390649,0.0808194775390649
0.83033728225587,-0.269649533588917,0.238,0.235,1,"KIAA1551","Not significant",0.0807454617581992,0.0807454617581992
0.830485517207964,0.0152871287044156,0.328,0.296,1,"PPP2R5C","Not significant",0.08066793678454,0.08066793678454
0.830571712709168,-0.154615260125709,0.14,0.148,1,"IRGQ","Not significant",0.0806228640081213,0.0806228640081213
0.830715295295878,-0.207804751467404,0.603,0.556,1,"CPM","Not significant",0.0805477931444353,0.0805477931444353
0.830770371018254,0.0965067122846106,0.964,0.914,1,"HSPD1","Not significant",0.0805190007415773,0.0805190007415773
0.831207621892578,-0.0453495101499031,0.323,0.333,1,"CSGALNACT2","Not significant",0.0802904830992045,0.0802904830992045
0.831289598155182,-0.0182946390075158,0.176,0.16,1,"GGCT","Not significant",0.0802476537481591,0.0802476537481591
0.831437861135975,-0.332266214574005,0.302,0.284,1,"ANXA4","Not significant",0.0801702029377574,0.0801702029377574
0.8315699577217,-0.246133220683525,0.292,0.259,1,"TMEM205","Not significant",0.0801012088924752,0.0801012088924752
0.831880638899677,-0.283084099216344,0.266,0.235,1,"NUBP1","Not significant",0.0799389833078146,0.0799389833078146
0.832244445600351,-0.0774529702001014,0.449,0.444,1,"YY1","Not significant",0.0797490946431093,0.0797490946431093
0.832530133601073,-0.480674242635872,0.145,0.148,1,"ZNF844","Not significant",0.0796000381581925,0.0796000381581925
0.83273751313287,-0.427367764745417,0.192,0.198,1,"NAA60","Not significant",0.0794918708170907,0.0794918708170907
0.833119063605315,-0.248764631000034,0.259,0.259,1,"SPPL3","Not significant",0.079292927798872,0.079292927798872
0.833487234050334,-0.0471349911623357,0.299,0.284,1,"WDFY2","Not significant",0.0791010475743733,0.0791010475743733
0.833571869777331,-0.104641582502472,0.292,0.284,1,"ZCRB1","Not significant",0.0790569497626592,0.0790569497626592
0.833797426400744,-0.422241120755696,0.375,0.333,1,"CASP1","Not significant",0.0789394497010628,0.0789394497010628
0.833901658531664,-0.217497206749643,0.399,0.346,1,"ARAP1","Not significant",0.0788851624021569,0.0788851624021569
0.834048109090225,-0.366225931894489,0.183,0.185,1,"CEP57","Not significant",0.0788088979116396,0.0788088979116396
0.834192407216057,-0.172431230144991,0.121,0.111,1,"PHLDB1","Not significant",0.0787337674021698,0.0787337674021698
0.834218822489452,-0.661279883289763,0.121,0.123,1,"PPIH","Not significant",0.0787200153879539,0.0787200153879539
0.834465174760945,-0.360977770119239,0.285,0.272,1,"CCNY","Not significant",0.0785917832804161,0.0785917832804161
0.834757875056977,-0.550758579128225,0.185,0.185,1,"GCLM","Not significant",0.0784394751455207,0.0784394751455207
0.835095917670184,-0.302317697218826,0.594,0.556,1,"FGL2","Not significant",0.0782636393397644,0.0782636393397644
0.835211359787491,0.0501437314861466,0.259,0.247,1,"ESYT2","Not significant",0.078203607421947,0.078203607421947
0.835351451566337,-0.310270311260673,0.121,0.111,1,"CSGALNACT1","Not significant",0.0781307683927984,0.0781307683927984
0.835457945602296,-0.131714738237143,0.147,0.16,1,"NUP54","Not significant",0.0780754062763131,0.0780754062763131
0.835669033082804,-0.158977633428586,0.219,0.222,1,"ZZEF1","Not significant",0.077965690940925,0.077965690940925
0.835696904047609,-0.139664067046327,0.48,0.432,1,"ZFC3H1","Not significant",0.0779512067325869,0.0779512067325869
0.835863058587988,-0.404583879632538,0.157,0.16,1,"DLEU2","Not significant",0.0778648682202028,0.0778648682202028
0.835931108029116,-0.413961216137635,0.119,0.123,1,"LIN7C","Not significant",0.077829512795014,0.077829512795014
0.836079754086932,-0.0716628106304748,0.532,0.506,1,"CYLD","Not significant",0.0777522930061967,0.0777522930061967
0.836130962864241,-0.808677612608835,0.107,0.111,1,"SEC23IP","Not significant",0.0777256938591011,0.0777256938591011
0.836162399775485,-0.0534331989894503,0.228,0.235,1,"DNAJB14","Not significant",0.0777093655313232,0.0777093655313232
0.836693493736638,-0.239322061463535,0.169,0.173,1,"ANP32E","Not significant",0.0774336081449941,0.0774336081449941
0.836788729407539,-0.245932481766639,0.138,0.123,1,"THUMPD3","Not significant",0.0773841778901339,0.0773841778901339
0.836893783452152,0.0811853660640787,0.159,0.148,1,"LARS","Not significant",0.0773296581211975,0.0773296581211975
0.836989371992999,-0.53839298700515,0.178,0.16,1,"NMD3","Not significant",0.0772800565994505,0.0772800565994505
0.837165514051898,-0.354723349505123,0.297,0.284,1,"NDUFS3","Not significant",0.0771886701630692,0.0771886701630692
0.837453661176665,-0.404536269328576,0.143,0.148,1,"LRPPRC","Not significant",0.0770392144428089,0.0770392144428089
0.837453661176665,-0.249111341362355,0.143,0.148,1,"ARFGEF1","Not significant",0.0770392144428089,0.0770392144428089
0.837671986223918,-0.231711759743424,0.124,0.111,1,"SCOC","Not significant",0.0769260081720227,0.0769260081720227
0.837675407879079,0.0878601249858251,0.223,0.222,1,"RCOR1","Not significant",0.0769242342044736,0.0769242342044736
0.837856145846046,-0.0399892017951085,0.147,0.136,1,"DDX1","Not significant",0.0768305403532848,0.0768305403532848
0.838219944413078,-0.501476053843553,0.176,0.16,1,"HMOX2","Not significant",0.0766420098759567,0.0766420098759567
0.83834075739457,0.017249464551994,0.577,0.531,1,"RBMX","Not significant",0.076579419346143,0.076579419346143
0.838467183176513,0.059153982520316,0.587,0.543,1,"CD84","Not significant",0.0765139306062065,0.0765139306062065
0.838774370924546,-0.159214548620451,0.15,0.136,1,"RNASEH1","Not significant",0.0763548480399005,0.0763548480399005
0.838823987610363,-0.172551673566476,0.116,0.123,1,"ZFAND2B","Not significant",0.0763291586336636,0.0763291586336636
0.838823987610363,-0.318601671999835,0.116,0.123,1,"TRIM24","Not significant",0.0763291586336636,0.0763291586336636
0.839498617654131,-0.147814219660662,0.523,0.481,1,"GSTK1","Not significant",0.0759800146488356,0.0759800146488356
0.839579345935745,-0.111674317031528,0.164,0.148,1,"FLI1","Not significant",0.0759382538157765,0.0759382538157765
0.839908501853666,0.093286219127561,0.952,0.914,1,"DNAJB6","Not significant",0.075768022633863,0.075768022633863
0.839965719263063,-0.282245231199179,0.192,0.173,1,"GPBP1L1","Not significant",0.0757384380317934,0.0757384380317934
0.839987631542849,-0.324614026500575,0.157,0.16,1,"STK16","Not significant",0.0757271086907814,0.0757271086907814
0.839988647138335,-0.378055037450287,0.145,0.148,1,"RBM10","Not significant",0.0757265836029916,0.0757265836029916
0.840363596536367,-0.21616224976248,0.297,0.296,1,"ATP5MC1","Not significant",0.0755327689336285,0.0755327689336285
0.840384528251753,-0.210726716494581,0.109,0.099,1,"AHDC1","Not significant",0.0755219516929541,0.0755219516929541
0.840530841139796,0.00148579349438016,0.729,0.691,1,"YWHAH","Not significant",0.0754463466015545,0.0754463466015545
0.840635062586431,-1.07910170009327,0.135,0.136,1,"TENT4A","Not significant",0.0753924996859979,0.0753924996859979
0.840635675802703,0.0268199669051894,0.221,0.21,1,"RNF216","Not significant",0.0753921828822407,0.0753921828822407
0.840911724128298,0.199555986922103,0.131,0.123,1,"SNIP1","Not significant",0.0752495924733991,0.0752495924733991
0.840949609245537,-0.0816068634995859,0.173,0.16,1,"FAM168B","Not significant",0.0752300268920523,0.0752300268920523
0.84101532605265,-0.119994514676573,0.43,0.407,1,"HSD17B11","Not significant",0.0751960898626732,0.0751960898626732
0.841058539940228,-0.499077095577812,0.112,0.099,1,"ZFAND1","Not significant",0.0751737750841131,0.0751737750841131
0.841162424689562,-0.0564292980208534,0.116,0.123,1,"DDX19A","Not significant",0.0751201357889244,0.0751201357889244
0.841261353263472,-0.0870182312738034,0.418,0.37,1,"MCRIP1","Not significant",0.0750690616964583,0.0750690616964583
0.841381992339767,-0.295480051385145,0.242,0.235,1,"NARF","Not significant",0.075006787197987,0.075006787197987
0.841398228477201,-0.71914210682136,0.164,0.16,1,"RPF2","Not significant",0.0749984067038409,0.0749984067038409
0.841601529192927,-0.10979118959421,0.15,0.16,1,"ITGAE","Not significant",0.0748934840750242,0.0748934840750242
0.842135461153903,-0.177108513950441,0.107,0.099,1,"SIN3A","Not significant",0.0746180447237883,0.0746180447237883
0.842180497640544,-0.518360877854465,0.169,0.148,1,"WDR61","Not significant",0.0745948197492402,0.0745948197492402
0.842711184847551,-0.214500601403449,0.344,0.309,1,"SNRPC","Not significant",0.0743212418858834,0.0743212418858834
0.842863050000881,-0.00837359997426423,0.976,0.963,1,"S100A11","Not significant",0.0742429846404894,0.0742429846404894
0.843017042252125,-0.392719844723365,0.15,0.136,1,"CUL4A","Not significant",0.0741636456822035,0.0741636456822035
0.843415553230386,-0.409076726664276,0.207,0.185,1,"TEX14","Not significant",0.0739583945236082,0.0739583945236082
0.843474640296538,0.0408440064959557,0.121,0.111,1,"ZNF37A","Not significant",0.0739279702708731,0.0739279702708731
0.843615065408571,0.120061627591537,0.133,0.123,1,"RAB29","Not significant",0.0738556731651397,0.0738556731651397
0.843615065408571,0.197444237785517,0.133,0.123,1,"AC026250.1","Not significant",0.0738556731651397,0.0738556731651397
0.843621667791093,-0.489849535955784,0.375,0.333,1,"DENND3","Not significant",0.0738522742605992,0.0738522742605992
0.843626549203063,-0.0727163868114262,0.309,0.309,1,"MRPL55","Not significant",0.073849761328286,0.073849761328286
0.843737237007716,-0.348681198738231,0.183,0.185,1,"TMC8","Not significant",0.0737927835701564,0.0737927835701564
0.843801255040708,-0.173584188731712,0.316,0.309,1,"PSMB5","Not significant",0.0737598329991143,0.0737598329991143
0.843802552346533,-0.552313542448156,0.14,0.123,1,"HMCES","Not significant",0.0737591652917311,0.0737591652917311
0.844222327592822,-0.100302901684888,0.185,0.173,1,"SNX13","Not significant",0.0735431660146737,0.0735431660146737
0.844884897770944,0.0209263856501609,0.278,0.259,1,"CGGBP1","Not significant",0.0732024527873905,0.0732024527873905
0.844937080192901,-0.322762475983489,0.171,0.173,1,"IPO5","Not significant",0.0731756303904625,0.0731756303904625
0.845165994989608,-0.216212861179025,0.133,0.136,1,"RAB7B","Not significant",0.0730579849816068,0.0730579849816068
0.84521565599447,-0.0128297275340929,0.164,0.173,1,"JAML","Not significant",0.0730324670751968,0.0730324670751968
0.845358749061521,-0.490437911659428,0.197,0.198,1,"UBAP2","Not significant",0.0729589482411466,0.0729589482411466
0.845741426823322,-0.480349052967897,0.121,0.123,1,"ANKRD54","Not significant",0.0727623959073418,0.0727623959073418
0.846273942169303,-0.263595126070991,0.133,0.136,1,"WASHC2C","Not significant",0.0724890313881273,0.0724890313881273
0.846339298089322,-0.228942803103959,0.185,0.185,1,"NFE2L1","Not significant",0.0724554930525374,0.0724554930525374
0.846537993485546,0.0196576495658615,0.496,0.457,1,"KDELR1","Not significant",0.0723535455398788,0.0723535455398788
0.846715544224628,-0.0833191626826779,0.228,0.21,1,"SCFD1","Not significant",0.0722624672638777,0.0722624672638777
0.847075090158416,0.183624513048662,0.71,0.765,1,"BASP1","Not significant",0.0720780893198623,0.0720780893198623
0.847077011856722,-0.264388090434731,0.247,0.222,1,"BRD7","Not significant",0.0720771040683382,0.0720771040683382
0.848006426761255,-0.703326168989256,0.1,0.086,1,"DTWD1","Not significant",0.071600856356054,0.071600856356054
0.848723166350987,-0.127053549372668,0.152,0.16,1,"NCBP3","Not significant",0.0712339433623031,0.0712339433623031
0.848832700119985,-0.225653920924026,0.249,0.222,1,"SMAP1","Not significant",0.0711778981829205,0.0711778981829205
0.84951486669209,-0.513116720343004,0.107,0.111,1,"SNX19","Not significant",0.0708290164819947,0.0708290164819947
0.850357188504328,-0.355563946544254,0.406,0.358,1,"ANKLE2","Not significant",0.0703986126244054,0.0703986126244054
0.850359382474784,-0.0514684845780697,0.19,0.173,1,"ZBTB16","Not significant",0.0703974921211081,0.0703974921211081
0.850435158184646,-0.0691437438973974,0.485,0.457,1,"HNRNPAB","Not significant",0.0703587937693784,0.0703587937693784
0.851040772390446,-0.264221076589307,0.223,0.198,1,"C12orf49","Not significant",0.07004963286487,0.07004963286487
0.851224361574234,-0.390143787351868,0.211,0.21,1,"ARHGEF7","Not significant",0.0699559556013523,0.0699559556013523
0.851343400211915,-0.352497008753681,0.109,0.099,1,"TMEM220","Not significant",0.0698952263608221,0.0698952263608221
0.852168044515814,-0.319864520937756,0.496,0.457,1,"TMEM258","Not significant",0.0694747554566787,0.0694747554566787
0.852230249144536,-0.0533230021218337,0.689,0.63,1,"MYO9B","Not significant",0.0694430549708061,0.0694430549708061
0.852542202848909,-0.0191912156951837,0.461,0.457,1,"NR1H2","Not significant",0.069284113202628,0.069284113202628
0.852620075984136,-0.0832129019264269,0.893,0.938,1,"RHOB","Not significant",0.0692444455729123,0.0692444455729123
0.853011063151318,-0.463735171289758,0.2,0.198,1,"UVSSA","Not significant",0.0690453362012781,0.0690453362012781
0.853139984294931,-0.458376078554186,0.112,0.099,1,"KDM7A","Not significant",0.0689797033940749,0.0689797033940749
0.853190739633595,-0.275650108486158,0.107,0.099,1,"C5AR2","Not significant",0.0689538669448963,0.0689538669448963
0.853343780069017,0.0171907675427212,0.482,0.444,1,"UBE2N","Not significant",0.0688759726907543,0.0688759726907543
0.853474733256428,-0.224941450765963,0.23,0.21,1,"DEF6","Not significant",0.0688093314557921,0.0688093314557921
0.853619296187575,-0.343952273865529,0.385,0.333,1,"HCK","Not significant",0.0687357761830864,0.0687357761830864
0.853897796627334,-0.347920414574415,0.164,0.148,1,"HPS3","Not significant",0.0685941070826409,0.0685941070826409
0.854392728179732,-1.34481205761696,0.107,0.111,1,"RGS13","Not significant",0.0683424566226997,0.0683424566226997
0.854455799591507,0.302551768077563,0.518,0.506,1,"TNFAIP8","Not significant",0.0683103981158546,0.0683103981158546
0.854644546224298,-0.243038822988936,0.143,0.148,1,"TAF13","Not significant",0.0682144744076502,0.0682144744076502
0.855476958711906,-0.39888504890326,0.219,0.198,1,"RBM33","Not significant",0.0677916831877943,0.0677916831877943
0.855590769469941,-0.248835337374932,0.425,0.383,1,"PHB2","Not significant",0.0677339094556917,0.0677339094556917
0.855650663940771,-0.162263245759472,0.223,0.222,1,"RREB1","Not significant",0.0677035083238812,0.0677035083238812
0.855651469380568,-0.0661566939535203,0.105,0.111,1,"PRPF19","Not significant",0.0677030995146445,0.0677030995146445
0.855657503883392,-0.159015070700455,0.349,0.346,1,"PSEN1","Not significant",0.0677000366530356,0.0677000366530356
0.855844933787885,-0.987068932991015,0.126,0.123,1,"SOS2","Not significant",0.0676049158144103,0.0676049158144103
0.856140130190124,-0.342513741976419,0.121,0.123,1,"ATP13A2","Not significant",0.0674551456177677,0.0674551456177677
0.856140130190124,-0.453077703398994,0.121,0.123,1,"PITRM1","Not significant",0.0674551456177677,0.0674551456177677
0.856191258851978,-0.0835006695517402,0.276,0.259,1,"CYB5A","Not significant",0.0674292103392822,0.0674292103392822
0.856557867852674,-0.410408296438284,0.257,0.247,1,"PARP1","Not significant",0.0672432913789775,0.0672432913789775
0.857087959424253,-0.0762720944519573,0.23,0.235,1,"ARL16","Not significant",0.066974605927038,0.066974605927038
0.857297119570356,-0.320382054960416,0.124,0.111,1,"FAM126A","Not significant",0.0668686354553507,0.0668686354553507
0.857490612473448,-0.236818304462437,0.249,0.247,1,"HSD17B12","Not significant",0.0667706257730015,0.0667706257730015
0.858744005463776,0.145705485368655,0.119,0.111,1,"TOMM5","Not significant",0.0661362815517122,0.0661362815517122
0.858755485475145,-0.167606723095628,0.171,0.16,1,"CNOT9","Not significant",0.0661304757792898,0.0661304757792898
0.859134516036941,-0.245483451915913,0.591,0.556,1,"CSNK1D","Not significant",0.065938832677593,0.065938832677593
0.859401578716968,0.00809503265226474,0.363,0.346,1,"DNAJC15","Not significant",0.0658038528543054,0.0658038528543054
0.859612015932329,-0.466714691454754,0.124,0.111,1,"ATAD1","Not significant",0.0656975224306726,0.0656975224306726
0.860046278464367,-0.132834802671765,0.349,0.333,1,"PIK3R5","Not significant",0.0654781790576489,0.0654781790576489
0.860761570051137,-0.638598391746521,0.261,0.247,1,"ARMCX3","Not significant",0.0651171309519635,0.0651171309519635
0.861082459800093,-0.647863844360289,0.228,0.222,1,"DDX54","Not significant",0.064955257232314,0.064955257232314
0.861719910640683,-0.343579392526806,0.107,0.111,1,"ELF3","Not significant",0.064633872261018,0.064633872261018
0.86180938663321,-0.208652768912452,0.105,0.111,1,"APBB3","Not significant",0.0645887799844739,0.0645887799844739
0.862507000867246,0.0579802169233443,0.105,0.099,1,"MRPL1","Not significant",0.0642373711234719,0.0642373711234719
0.863086617947771,-0.252710443631183,0.124,0.111,1,"NDUFS1","Not significant",0.0639456170205231,0.0639456170205231
0.863785876904791,-0.165248689404561,0.159,0.148,1,"DPF2","Not significant",0.063593901043856,0.063593901043856
0.863955170360761,-0.193830324272959,0.316,0.284,1,"TFEC","Not significant",0.0635087919771917,0.0635087919771917
0.864161907202517,-0.37264064798191,0.216,0.21,1,"MGAT4B","Not significant",0.0634048815753158,0.0634048815753158
0.864164984066216,-0.374226306815704,0.107,0.111,1,"ACSL5","Not significant",0.0634033352649128,0.0634033352649128
0.864218845530797,-0.140475534592221,0.23,0.21,1,"AFF1","Not significant",0.063376267507784,0.063376267507784
0.864326665664263,-0.133209461081468,0.166,0.148,1,"DIDO1","Not significant",0.0633220882122316,0.0633220882122316
0.864342709000034,-0.4968220022223,0.138,0.123,1,"CFAP298","Not significant",0.0633140270615004,0.0633140270615004
0.86479948841147,-0.11577468162668,0.47,0.481,1,"NSA2","Not significant",0.0630845759698032,0.0630845759698032
0.865189725998967,-0.602990392292867,0.257,0.235,1,"PACS2","Not significant",0.0628886463855675,0.0628886463855675
0.865404329730224,-0.273886884405621,0.283,0.284,1,"ATP6V1C1","Not significant",0.0627809363001781,0.0627809363001781
0.865861467733169,-0.341318177970193,0.157,0.16,1,"CTSF","Not significant",0.0625515867490551,0.0625515867490551
0.866271939845766,-0.182096177458581,0.247,0.222,1,"PPARG","Not significant",0.0623457529766297,0.0623457529766297
0.866359642538197,-0.108465499866304,0.29,0.284,1,"HAGH","Not significant",0.06230178656647,0.06230178656647
0.86642348850574,-0.2036979923917,0.42,0.395,1,"RIT1","Not significant",0.0622697826175495,0.0622697826175495
0.866973335807207,-0.0900214677148292,0.119,0.111,1,"AQR","Not significant",0.0619942592595089,0.0619942592595089
0.866976690909585,-0.394513842289818,0.299,0.259,1,"FUCA1","Not significant",0.0619925785854105,0.0619925785854105
0.867388929972642,-0.308855750094075,0.266,0.259,1,"MCTS1","Not significant",0.0617861248232662,0.0617861248232662
0.867393484373028,-0.571860185057208,0.192,0.185,1,"RASSF1","Not significant",0.0617838444785506,0.0617838444785506
0.867656597432108,-0.403992855117467,0.185,0.185,1,"MAD1L1","Not significant",0.0616521266085598,0.0616521266085598
0.86800444700778,-0.29363233621998,0.29,0.284,1,"SNRPE","Not significant",0.0614780498166042,0.0614780498166042
0.868976989421325,-0.154010415678131,0.302,0.296,1,"RBM4","Not significant",0.0609917235509368,0.0609917235509368
0.869098430612834,-0.484663008036535,0.147,0.148,1,"VPS25","Not significant",0.0609310343094624,0.0609310343094624
0.8691620319889,-0.409238297707675,0.176,0.173,1,"TFEB","Not significant",0.0608992534259026,0.0608992534259026
0.869327264323307,-0.112702498737263,0.116,0.123,1,"SMG7","Not significant",0.0608166995770714,0.0608166995770714
0.869671122552872,-0.367379115099897,0.109,0.099,1,"PIK3CB","Not significant",0.0606449504429372,0.0606449504429372
0.869671122552872,-0.457233354082012,0.109,0.099,1,"CES2","Not significant",0.0606449504429372,0.0606449504429372
0.871005615316823,-0.255790690081007,0.39,0.358,1,"SAMD4B","Not significant",0.0599790451148981,0.0599790451148981
0.871143777304419,-0.188886737365791,0.449,0.42,1,"PLA2G15","Not significant",0.0599101612531562,0.0599101612531562
0.871223820605647,-0.0910007196289999,0.361,0.333,1,"GTF2A2","Not significant",0.0598702588076527,0.0598702588076527
0.872093737368387,-0.117724135070061,0.159,0.148,1,"TRIM69","Not significant",0.0594368322303745,0.0594368322303745
0.872108598894469,-0.518175379928199,0.145,0.148,1,"MCRS1","Not significant",0.0594294313931711,0.0594294313931711
0.872247260086719,-0.102607581905365,0.314,0.309,1,"RDX","Not significant",0.0593603860886081,0.0593603860886081
0.872860323085845,-0.118454439211786,0.119,0.111,1,"GIMAP2","Not significant",0.059055247435725,0.059055247435725
0.872870552966108,-0.318932718259669,0.216,0.198,1,"GLG1","Not significant",0.0590501575554808,0.0590501575554808
0.872914585194435,-0.0142905214330176,0.107,0.099,1,"CSNK1G3","Not significant",0.0590282499869327,0.0590282499869327
0.872950943958146,-0.343204292031287,0.133,0.136,1,"TBC1D14","Not significant",0.0590101610674973,0.0590101610674973
0.872985590809449,-0.0726047747616638,0.143,0.148,1,"PRAM1","Not significant",0.0589929245459644,0.0589929245459644
0.873728370714087,-0.353283951967291,0.2,0.185,1,"SSFA2","Not significant",0.058623562142728,0.058623562142728
0.874030354439186,-0.0565605178861275,0.929,0.877,1,"RBM39","Not significant",0.0584734843718633,0.0584734843718633
0.874222495368044,-0.512697623580826,0.323,0.296,1,"CHSY1","Not significant",0.0583780224991761,0.0583780224991761
0.874259199747109,-0.419532997878864,0.211,0.21,1,"PLEKHA3","Not significant",0.0583597889547969,0.0583597889547969
0.87455507327114,-0.447100037845451,0.166,0.148,1,"CCZ1","Not significant",0.0582128365401966,0.0582128365401966
0.874624410725881,-0.134084779045579,0.447,0.42,1,"TMBIM1","Not significant",0.0581784056835869,0.0581784056835869
0.874711035315214,-0.637527752845193,0.202,0.198,1,"MIR181A1HG","Not significant",0.0581353944003475,0.0581353944003475
0.874881650561154,-0.096400421045469,0.347,0.309,1,"ERGIC3","Not significant",0.0580506921028662,0.0580506921028662
0.874955663190718,-0.358467291783498,0.121,0.111,1,"FDFT1","Not significant",0.0580139535142241,0.0580139535142241
0.87517194608534,0.102168406578945,0.601,0.568,1,"PARK7","Not significant",0.0579066122350573,0.0579066122350573
0.875204319673602,-0.0100926358240216,0.261,0.259,1,"SMURF2","Not significant",0.057890547493986,0.057890547493986
0.87520584209092,-0.235278985690105,0.311,0.272,1,"DERL2","Not significant",0.0578897920396878,0.0578897920396878
0.875385891645882,-0.418519089754306,0.107,0.099,1,"RAB42","Not significant",0.0578004570714504,0.0578004570714504
0.875998929967426,-0.150314142583132,0.316,0.284,1,"RBM42","Not significant",0.057496424322246,0.057496424322246
0.876384636960264,-0.0607546500525129,0.428,0.42,1,"SNX5","Not significant",0.0573052442353203,0.0573052442353203
0.876399566314373,-0.0686078313031978,0.532,0.469,1,"RNF13","Not significant",0.0572978460215575,0.0572978460215575
0.876597123548097,-0.376749612266158,0.204,0.198,1,"B4GALT7","Not significant",0.0571999587667489,0.0571999587667489
0.876691042430574,-0.364782471767234,0.235,0.21,1,"RETREG2","Not significant",0.0571534308163106,0.0571534308163106
0.876755965129903,-0.186325000998011,0.689,0.667,1,"PLEKHO1","Not significant",0.0571212706541156,0.0571212706541156
0.876949379077996,-0.432178710677858,0.328,0.309,1,"TP53I13","Not significant",0.0570254750736345,0.0570254750736345
0.877493070202859,-0.384617729060193,0.214,0.198,1,"TIMM50","Not significant",0.056756304588113,0.056756304588113
0.877581599621045,-0.119401925200559,0.385,0.395,1,"APMAP","Not significant",0.0567124912524208,0.0567124912524208
0.877868784900477,-0.0626535179969168,0.615,0.556,1,"SMS","Not significant",0.0565703932650855,0.0565703932650855
0.877881405306486,-0.223255789346501,0.119,0.123,1,"C6orf106","Not significant",0.056564149811182,0.056564149811182
0.877889390603069,-0.0778040133411517,0.42,0.37,1,"PQLC1","Not significant",0.056560199443343,0.056560199443343
0.878180591787985,-0.241867719535436,0.228,0.21,1,"MED6","Not significant",0.0564161652417907,0.0564161652417907
0.878284188558056,-0.0555952411798035,0.907,0.852,1,"TUBA1B","Not significant",0.0563649356286033,0.0563649356286033
0.878738471566832,-0.520526225505083,0.138,0.123,1,"PHAX","Not significant",0.0561403595741136,0.0561403595741136
0.879076706333264,-0.148319178311817,0.663,0.593,1,"CORO1A","Not significant",0.0559732276750276,0.0559732276750276
0.879213779714286,-0.575861201730933,0.223,0.198,1,"MOB3A","Not significant",0.0559055139342248,0.0559055139342248
0.879254718516574,-0.145577767135254,0.181,0.185,1,"FAM78A","Not significant",0.0558852923653422,0.0558852923653422
0.879270299124558,0.193980240478954,0.266,0.259,1,"SOX4","Not significant",0.0558775966294219,0.0558775966294219
0.879325942620398,-0.363012205275785,0.185,0.185,1,"RNF167","Not significant",0.0558501137284221,0.0558501137284221
0.879669533006289,-0.148318335387208,0.221,0.21,1,"CDC73","Not significant",0.0556804493801129,0.0556804493801129
0.879966513028569,-0.0472167051029207,0.439,0.383,1,"TLR2","Not significant",0.0555338545357679,0.0555338545357679
0.880323445430317,-0.357610247588105,0.19,0.173,1,"PAXBP1","Not significant",0.0553577315352687,0.0553577315352687
0.880710507320187,-0.238960962922259,0.233,0.222,1,"SMIM20","Not significant",0.0551668222738431,0.0551668222738431
0.880940315813582,-0.257064124236043,0.223,0.222,1,"CAPN2","Not significant",0.0550535142790565,0.0550535142790565
0.88111387541045,-0.177079491187454,0.119,0.111,1,"ZNF280D","Not significant",0.0549679596169803,0.0549679596169803
0.881193157762378,-0.197917594980073,0.352,0.333,1,"SFT2D2","Not significant",0.0549288836928311,0.0549288836928311
0.881214725430452,-0.224219614371356,0.466,0.432,1,"CELF1","Not significant",0.0549182542360275,0.0549182542360275
0.881273455288854,-0.198471068490724,0.188,0.173,1,"E2F4","Not significant",0.0548893110025741,0.0548893110025741
0.88192925165291,-0.39595226886051,0.109,0.099,1,"RNF122","Not significant",0.054566252565591,0.054566252565591
0.882281925348349,0.137188760705709,0.195,0.185,1,"ZDHHC6","Not significant",0.054392617749217,0.054392617749217
0.882491700877959,-0.179969454500084,0.306,0.296,1,"KRTCAP2","Not significant",0.0542893701099465,0.0542893701099465
0.88259687523395,0.0986827633894034,0.131,0.123,1,"DIP2A","Not significant",0.0542376144721655,0.0542376144721655
0.882674912101896,-0.398795885483526,0.162,0.16,1,"TARS","Not significant",0.0541992170068015,0.0541992170068015
0.882807010981163,-0.375382210803597,0.107,0.099,1,"STAT5B","Not significant",0.0541342264637797,0.0541342264637797
0.882881034129094,-0.210415847063248,0.254,0.247,1,"CDS2","Not significant",0.0540978125063001,0.0540978125063001
0.883127693187864,-0.458592317689579,0.181,0.16,1,"HMGXB4","Not significant",0.0539764963800829,0.0539764963800829
0.883231098670762,-0.24074300725441,0.299,0.272,1,"FAM20A","Not significant",0.0539256477859247,0.0539256477859247
0.883239231864309,0.193292765809016,0.468,0.481,1,"PLAU","Not significant",0.0539216486232821,0.0539216486232821
0.883397561873148,0.0183829547186796,0.169,0.16,1,"ERGIC2","Not significant",0.0538438037039569,0.0538438037039569
0.884198008686663,-0.118186665039671,0.192,0.198,1,"PIK3CG","Not significant",0.0534504675090501,0.0534504675090501
0.884510855180397,-0.107501111135012,0.173,0.16,1,"UBASH3B","Not significant",0.053296832832248,0.053296832832248
0.884655114070429,-0.0625386198025049,0.116,0.123,1,"CAPN7","Not significant",0.0532260075494491,0.0532260075494491
0.884706447363024,-0.263378329765537,0.109,0.111,1,"PTAR1","Not significant",0.0532008077641658,0.0532008077641658
0.884759754211593,-0.27335370226623,0.245,0.222,1,"MRPL23","Not significant",0.0531746406973208,0.0531746406973208
0.884880859007883,0.115320700156327,0.675,0.654,1,"RPL22L1","Not significant",0.0531151990859002,0.0531151990859002
0.884915356042857,-0.0416496930969514,0.47,0.457,1,"RSL1D1","Not significant",0.0530982684677805,0.0530982684677805
0.885507840019293,-0.0785144770434798,0.553,0.519,1,"BLOC1S1","Not significant",0.0528075893445511,0.0528075893445511
0.885616124496876,-0.609452500220808,0.112,0.111,1,"VAMP7","Not significant",0.0527544848164764,0.0527544848164764
0.885652513989847,-0.365116508200072,0.183,0.185,1,"MTMR6","Not significant",0.0527366402550639,0.0527366402550639
0.885675985080095,-0.112444812348818,0.328,0.309,1,"NDUFA3","Not significant",0.0527251309669957,0.0527251309669957
0.886072064201226,-0.379508102234312,0.271,0.235,1,"SIL1","Not significant",0.0525309555258099,0.0525309555258099
0.8863566901549,-0.133687289244408,0.297,0.296,1,"NME1","Not significant",0.0523914729295746,0.0523914729295746
0.886992465357661,0.144261430194681,0.171,0.16,1,"WDR55","Not significant",0.0520800693086223,0.0520800693086223
0.887254451945605,-0.358931624630623,0.159,0.16,1,"DUS3L","Not significant",0.0519518128306831,0.0519518128306831
0.887337629458912,-0.0700089912966713,0.337,0.309,1,"CUL3","Not significant",0.0519111008998088,0.0519111008998088
0.887500203392976,-0.303455989053311,0.23,0.222,1,"EIF4E2","Not significant",0.0518315387433619,0.0518315387433619
0.887612675298425,-0.119635637128539,0.216,0.198,1,"TCERG1","Not significant",0.0517765045778649,0.0517765045778649
0.887920209827814,0.0294773295776154,0.993,0.988,1,"CYBA","Not significant",0.0516260589831219,0.0516260589831219
0.888056546544609,-0.302779568754818,0.173,0.173,1,"SLC2A8","Not significant",0.0515593798628139,0.0515593798628139
0.888165394044398,-0.19346986672822,0.306,0.296,1,"LARP7","Not significant",0.0515061524282165,0.0515061524282165
0.88866791739752,0.106182882059521,0.235,0.222,1,"TLK2","Not significant",0.0512604984057464,0.0512604984057464
0.889121808046113,-0.186386985937388,0.34,0.309,1,"LPXN","Not significant",0.0510387374117064,0.0510387374117064
0.889494045656126,-0.0931731139085947,0.169,0.16,1,"POLDIP2","Not significant",0.0508569547721225,0.0508569547721225
0.889498573873424,0.146898382914522,0.192,0.185,1,"LDLR","Not significant",0.0508547438806734,0.0508547438806734
0.889793733281897,-0.333114494505461,0.159,0.148,1,"F8A1","Not significant",0.0507106572648409,0.0507106572648409
0.889933109922914,0.0773461501494044,0.105,0.099,1,"NCK1-DT","Not significant",0.0506426350214781,0.0506426350214781
0.89005965218318,-0.0825418095693951,0.183,0.185,1,"MFSD11","Not significant",0.0505808857754997,0.0505808857754997
0.890314237471718,-0.131482260288516,0.344,0.309,1,"PPTC7","Not significant",0.0504566815424655,0.0504566815424655
0.890579634174455,0.0192872275311795,0.558,0.531,1,"IDI1","Not significant",0.0503272405620653,0.0503272405620653
0.890788434333707,-0.0496539727047344,0.705,0.691,1,"PNISR","Not significant",0.0502254303196991,0.0502254303196991
0.89123657660277,-0.146781308082763,0.328,0.309,1,"NAA38","Not significant",0.0500069982354467,0.0500069982354467
0.89134305674707,-0.134185868553405,0.252,0.235,1,"AKR7A2","Not significant",0.0499551141700264,0.0499551141700264
0.891659668251257,-0.601160237528532,0.292,0.259,1,"ZNF394","Not significant",0.0498008770186268,0.0498008770186268
0.891756304297198,-0.410179101106878,0.109,0.099,1,"ANKIB1","Not significant",0.0497538117212514,0.0497538117212514
0.892016146649068,-0.832490505544639,0.166,0.16,1,"PDHA1","Not significant",0.0496272842593876,0.0496272842593876
0.892050985125479,-0.28834681147979,0.169,0.173,1,"SELENOO","Not significant",0.0496103228370335,0.0496103228370335
0.892433457123016,0.070791573199295,0.105,0.099,1,"NFYA","Not significant",0.0494241564837454,0.0494241564837454
0.892504310434685,-0.311323701802527,0.164,0.16,1,"PATL1","Not significant",0.0493896777440856,0.0493896777440856
0.893134144272299,-0.153483434557804,0.259,0.235,1,"NUTF2","Not significant",0.0490833073578357,0.0490833073578357
0.893630402815754,-0.235967810680397,0.2,0.198,1,"RRAS","Not significant",0.0488420642092485,0.0488420642092485
0.894156231557064,-0.441313076852529,0.261,0.247,1,"ASXL1","Not significant",0.048586592417513,0.048586592417513
0.894248841366232,-0.0656713981042607,0.587,0.556,1,"GNB1","Not significant",0.0485416138723986,0.0485416138723986
0.894435721727474,-0.273273338114534,0.425,0.37,1,"IST1","Not significant",0.0484508643779001,0.0484508643779001
0.894523808941093,-0.0744470261506696,0.178,0.185,1,"TXLNA","Not significant",0.048408095617427,0.048408095617427
0.894748281927204,-0.11078642480484,0.195,0.185,1,"SLCO3A1","Not significant",0.0482991268583284,0.0482991268583284
0.895192981489487,-0.182662445667948,0.145,0.136,1,"C14orf119","Not significant",0.0480833314309307,0.0480833314309307
0.896071309687798,-0.12130172469449,0.667,0.605,1,"TOP1","Not significant",0.0476574276463505,0.0476574276463505
0.896533276841521,-0.137726157752798,0.482,0.457,1,"ANAPC16","Not significant",0.0474335859897669,0.0474335859897669
0.897080303326105,-0.398056144888887,0.173,0.173,1,"CDC34","Not significant",0.0471686787726245,0.0471686787726245
0.897201929154055,0.0070521864282207,0.328,0.333,1,"MRPL14","Not significant",0.0471098012726855,0.0471098012726855
0.897400389960079,-0.24340772630299,0.328,0.321,1,"TMEM14B","Not significant",0.0470137460827823,0.0470137460827823
0.897508245962286,-0.0186580887386039,0.974,0.963,1,"CEBPB","Not significant",0.0469615525998188,0.0469615525998188
0.897679506412737,-0.404271491015534,0.107,0.099,1,"IGFBP7","Not significant",0.0468786894355324,0.0468786894355324
0.898842469812263,0.201060831183188,0.116,0.123,1,"WDFY4","Not significant",0.0463164155927369,0.0463164155927369
0.898884457288535,0.110322772226303,0.594,0.556,1,"H1FX","Not significant",0.0462961289418753,0.0462961289418753
0.898887603811138,-0.106406067198846,0.209,0.21,1,"BIRC6","Not significant",0.0462946087075438,0.0462946087075438
0.899483782637543,-0.18554449685065,0.418,0.395,1,"CD302","Not significant",0.0460066624179496,0.0460066624179496
0.89966972683699,-0.0468723565767678,0.378,0.358,1,"RANBP1","Not significant",0.0459168929351076,0.0459168929351076
0.900013212792424,-0.0247688458854485,0.235,0.247,1,"STX16","Not significant",0.045751114782098,0.045751114782098
0.900119508844698,-0.386298375016516,0.147,0.136,1,"SNAI1","Not significant",0.0456998254649832,0.0456998254649832
0.900178419590116,-0.0837674216075048,0.166,0.173,1,"CHTF8","Not significant",0.0456714028230805,0.0456714028230805
0.900186955652618,-0.377304973499602,0.202,0.198,1,"TSPAN31","Not significant",0.0456672845869793,0.0456672845869793
0.90030065575834,-0.789428437412054,0.124,0.111,1,"CIC","Not significant",0.0456124335252344,0.0456124335252344
0.900328761654363,-0.374256442214408,0.221,0.198,1,"TSC22D4","Not significant",0.0455988757821085,0.0455988757821085
0.90040158523767,-0.278897346838665,0.278,0.272,1,"SCAF4","Not significant",0.0455637490564946,0.0455637490564946
0.900514448574766,0.0961326267855109,0.815,0.827,1,"SOCS3","Not significant",0.0455093146201813,0.0455093146201813
0.900821150911413,-0.0104395158356317,0.409,0.395,1,"PRKAR1A","Not significant",0.0453614253165805,0.0453614253165805
0.901199563515546,-0.429373208133635,0.147,0.136,1,"BICD2","Not significant",0.04517902729312,0.04517902729312
0.901199569716748,-0.3780050050457,0.147,0.136,1,"BLCAP","Not significant",0.0451790243047166,0.0451790243047166
0.901319354197763,0.0221959933425122,0.302,0.284,1,"SLC38A10","Not significant",0.0451213031473862,0.0451213031473862
0.901519324651155,-0.578373341153602,0.135,0.136,1,"PPP1R3E","Not significant",0.0450249594580401,0.0450249594580401
0.901522900344159,-0.0775299737849188,0.584,0.58,1,"RASGRP3","Not significant",0.045023236920743,0.045023236920743
0.901685196696228,-0.575746254349207,0.126,0.123,1,"SMARCD1","Not significant",0.0449450602416978,0.0449450602416978
0.902165159332992,-0.392386633999516,0.219,0.21,1,"DYNC1I2","Not significant",0.044713948909332,0.044713948909332
0.90227981352934,-0.177264035312716,0.147,0.136,1,"TMEM39A","Not significant",0.0446587588806893,0.0446587588806893
0.90244526014332,-0.0877311922399149,0.105,0.099,1,"P2RY8","Not significant",0.0445791317366435,0.0445791317366435
0.902554304527788,0.0685342441074723,0.589,0.556,1,"HM13","Not significant",0.0445266581788192,0.0445266581788192
0.902740030628365,-0.335403275666567,0.124,0.123,1,"PRKD3","Not significant",0.0444372989875343,0.0444372989875343
0.902740030628365,-0.166458451782535,0.124,0.123,1,"PDGFC","Not significant",0.0444372989875343,0.0444372989875343
0.90280614846421,-0.279575699844581,0.708,0.654,1,"RPS27L","Not significant",0.0444054918683276,0.0444054918683276
0.903587886782526,-0.0982025031310287,0.392,0.358,1,"SSR1","Not significant",0.0440295997290633,0.0440295997290633
0.903621702705303,-0.314849016933931,0.273,0.247,1,"TNPO1","Not significant",0.0440133469726046,0.0440133469726046
0.903776877236828,-0.129535329438041,0.325,0.309,1,"EIF4EBP1","Not significant",0.0439387741100528,0.0439387741100528
0.903887312092991,-0.471387651592322,0.107,0.099,1,"B4GALT3","Not significant",0.0438857097754445,0.0438857097754445
0.903915770550257,-0.0947648351728679,0.451,0.42,1,"RB1CC1","Not significant",0.0438720364378186,0.0438720364378186
0.904068857263115,-0.110038646026785,0.356,0.333,1,"ARID1B","Not significant",0.0437984907740082,0.0437984907740082
0.904344123404295,-1.06624342022987,0.138,0.136,1,"TAPBPL","Not significant",0.0436662791958226,0.0436662791958226
0.904550892944749,-0.796826324413018,0.1,0.099,1,"AP1G2","Not significant",0.0435669933113196,0.0435669933113196
0.904793529174285,-0.325854049378008,0.219,0.222,1,"RAB3IL1","Not significant",0.0434505140219806,0.0434505140219806
0.90480406914483,-0.0765352556101881,0.257,0.247,1,"DPH3","Not significant",0.0434454549402804,0.0434454549402804
0.905242666196687,-0.218066176483088,0.116,0.111,1,"TMEM63A","Not significant",0.0432349849237781,0.0432349849237781
0.905258003268007,0.0592829251801613,0.615,0.58,1,"UCP2","Not significant",0.0432276269530739,0.0432276269530739
0.905882463976636,0.0273801158105664,0.501,0.469,1,"RHBDF2","Not significant",0.0429281473096398,0.0429281473096398
0.905974444580579,-0.339374632318213,0.135,0.136,1,"PRR5","Not significant",0.042884052581651,0.042884052581651
0.906094557386183,-0.342962987585374,0.214,0.21,1,"IFFO1","Not significant",0.0428264782523073,0.0428264782523073
0.90637210197014,-0.297304837135806,0.107,0.099,1,"FLYWCH1","Not significant",0.0426934704735275,0.0426934704735275
0.906407096737415,-0.254935836073656,0.321,0.296,1,"FAAP20","Not significant",0.0426767028116569,0.0426767028116569
0.907401891644709,-0.315829980994881,0.223,0.21,1,"SLC50A1","Not significant",0.0422003197030167,0.0422003197030167
0.907614842211594,-0.438166162655623,0.107,0.099,1,"SLC12A6","Not significant",0.0420984107180299,0.0420984107180299
0.907614842211594,-0.536390812277163,0.107,0.099,1,"DHX58","Not significant",0.0420984107180299,0.0420984107180299
0.908052450678995,-0.331447182160347,0.176,0.173,1,"UFL1","Not significant",0.0418890651545,0.0418890651545
0.908126861129069,-0.778880778034539,0.114,0.111,1,"TSC1","Not significant",0.0418534783072423,0.0418534783072423
0.908177423073524,-0.1046577149126,0.254,0.235,1,"NTMT1","Not significant",0.0418292986874862,0.0418292986874862
0.908458946602173,-0.220198261711098,0.207,0.198,1,"IKBIP","Not significant",0.0416946937461366,0.0416946937461366
0.90864024555489,-0.420013461723854,0.287,0.259,1,"CCAR1","Not significant",0.0416080312949715,0.0416080312949715
0.908654484478048,-0.428056259292665,0.337,0.309,1,"FRMD4B","Not significant",0.0416012257002006,0.0416012257002006
0.908672360836079,0.0487290854855267,0.489,0.469,1,"NONO","Not significant",0.0415926817185062,0.0415926817185062
0.908970179620343,-0.510053198670575,0.178,0.173,1,"FRMD8","Not significant",0.0414503643454347,0.0414503643454347
0.909184421608802,-0.35060447757965,0.325,0.296,1,"SLC8A1","Not significant",0.0413480142881319,0.0413480142881319
0.909398580962814,-0.592318061605599,0.207,0.198,1,"NBPF19","Not significant",0.0412457278090504,0.0412457278090504
0.909505993697544,-0.190549284936185,0.235,0.235,1,"HDAC5","Not significant",0.0411944345651017,0.0411944345651017
0.90959087949873,-0.315193602003318,0.162,0.148,1,"DRG2","Not significant",0.0411539029852645,0.0411539029852645
0.909819465761063,-0.0569905262873047,0.603,0.58,1,"PSMD8","Not significant",0.0410447755933589,0.0410447755933589
0.909964396307247,0.0694483091042839,0.105,0.099,1,"TMEM106B","Not significant",0.0409755997555992,0.0409755997555992
0.909964396307247,-0.343634158231689,0.105,0.099,1,"TCEAL1","Not significant",0.0409755997555992,0.0409755997555992
0.910231601604077,0.0639643921954188,0.546,0.568,1,"JTB","Not significant",0.0408480906445851,0.0408480906445851
0.910288301065669,-0.333054468911247,0.28,0.272,1,"MAZ","Not significant",0.0408210387422488,0.0408210387422488
0.910296594201284,-0.140446814979564,0.171,0.16,1,"WDR81","Not significant",0.040817082142318,0.040817082142318
0.910687161983472,-0.250034291936662,0.159,0.148,1,"RNF141","Not significant",0.0406307856587406,0.0406307856587406
0.911008801189643,-0.447550672473773,0.238,0.21,1,"TRIOBP","Not significant",0.0404774273193918,0.0404774273193918
0.911146586417829,-0.0987125732410009,0.392,0.358,1,"MDH1","Not significant",0.0404117475592461,0.0404117475592461
0.911218388618243,-0.136938130645961,0.105,0.099,1,"SLC25A38","Not significant",0.0403775246677054,0.0403775246677054
0.911300229583372,-0.0357973752458191,0.475,0.457,1,"PPP1R14B","Not significant",0.0403385203149178,0.0403385203149178
0.911344407968176,-0.330119987101729,0.107,0.099,1,"ATF1","Not significant",0.0403174669199243,0.0403174669199243
0.911351575518128,-0.0386561779895784,0.375,0.358,1,"EIF2AK2","Not significant",0.0403140512900871,0.0403140512900871
0.911444992362789,-0.0600459217770904,0.518,0.481,1,"ZC3H15","Not significant",0.0402695368106286,0.0402695368106286
0.911494857929254,-0.310663598068698,0.273,0.259,1,"KXD1","Not significant",0.0402457770136672,0.0402457770136672
0.911525274489032,0.0286525998495932,0.827,0.827,1,"MAFF","Not significant",0.0402312848598654,0.0402312848598654
0.9116146745408,-0.0752498357437856,0.71,0.679,1,"TOMM20","Not significant",0.0401886924640194,0.0401886924640194
0.91206416327837,-0.0530193299676398,0.143,0.136,1,"PDE7A","Not significant",0.0399746081874362,0.0399746081874362
0.912111242821561,-0.147894811503809,0.242,0.235,1,"HIVEP1","Not significant",0.0399521910604925,0.0399521910604925
0.912443991654918,-0.197259117442409,0.335,0.309,1,"FNDC3A","Not significant",0.039793784254211,0.039793784254211
0.912782053375734,-0.199195420480851,0.254,0.247,1,"ZNF638","Not significant",0.0396329073677873,0.0396329073677873
0.912955516762008,-0.532921026293924,0.152,0.148,1,"CCDC57","Not significant",0.0395503827016692,0.0395503827016692
0.912989713526489,-0.013304122335272,0.371,0.358,1,"HGS","Not significant",0.0395341155476837,0.0395341155476837
0.913091877327315,-0.23207140734352,0.147,0.136,1,"RNF220","Not significant",0.0394855205941861,0.0394855205941861
0.913476952347745,-0.116027011385796,0.463,0.42,1,"ANAPC11","Not significant",0.0393024057219165,0.0393024057219165
0.913604393655728,0.0705240325043883,0.116,0.111,1,"RNF217","Not significant",0.0392418205081991,0.0392418205081991
0.913604393655728,-0.142513223263583,0.116,0.111,1,"ZMYM5","Not significant",0.0392418205081991,0.0392418205081991
0.913727033623862,-0.189673551821361,0.105,0.099,1,"HIST1H2BD","Not significant",0.0391835258160525,0.0391835258160525
0.91379406772591,-0.116581759673422,0.394,0.346,1,"OSTC","Not significant",0.0391516656743445,0.0391516656743445
0.91386912556223,-0.12451891843779,0.352,0.333,1,"GTF2I","Not significant",0.0391159947648735,0.0391159947648735
0.913959225473551,0.0635632099460599,0.154,0.148,1,"INO80","Not significant",0.0390731790438937,0.0390731790438937
0.91411024321095,-0.1865773809207,0.183,0.185,1,"DCAF13","Not significant",0.0390014244729711,0.0390014244729711
0.914256467789823,-0.0867871626782818,0.482,0.432,1,"MRPL41","Not significant",0.0389319586185814,0.0389319586185814
0.914275606694185,-0.746312723388821,0.159,0.16,1,"PRR14","Not significant",0.038922867259813,0.038922867259813
0.9142920259245,-0.0973113621479046,0.382,0.346,1,"ANXA7","Not significant",0.0389150679517688,0.0389150679517688
0.914700254465702,-0.216148081687637,0.577,0.556,1,"RASSF4","Not significant",0.0387212000960709,0.0387212000960709
0.914715332663302,-0.687511466391564,0.164,0.148,1,"PLXNA3","Not significant",0.0387140411125564,0.0387140411125564
0.9148514956028,-0.0287427674526821,0.675,0.642,1,"LRPAP1","Not significant",0.0386493975997214,0.0386493975997214
0.914981680119148,-0.216890037530345,0.105,0.099,1,"PCGF3","Not significant",0.0385876013464621,0.0385876013464621
0.91505155318592,-0.475374866754309,0.302,0.272,1,"OSM","Not significant",0.0385544374816805,0.0385544374816805
0.915462971607749,0.0536078358732304,0.242,0.247,1,"ATM","Not significant",0.0383592172297326,0.0383592172297326
0.916320188008388,-0.464527288683503,0.107,0.099,1,"CENPT","Not significant",0.0379527451232321,0.0379527451232321
0.916441763720186,-0.0545898814023931,0.368,0.37,1,"MGLL","Not significant",0.0378951275359672,0.0378951275359672
0.917035138749576,-0.0839736092655444,0.401,0.37,1,"PSMA5","Not significant",0.0376140228112627,0.0376140228112627
0.917042263280595,-0.265133572112313,0.219,0.198,1,"SLC39A7","Not significant",0.0376106487502727,0.0376106487502727
0.917062045597985,-0.175179868511881,0.176,0.173,1,"MLKL","Not significant",0.0376012803067869,0.0376012803067869
0.917259228149197,0.0427654250815881,0.428,0.432,1,"BPTF","Not significant",0.0375079103006988,0.0375079103006988
0.917491605584241,-0.218957902674326,0.105,0.099,1,"LSG1","Not significant",0.0373979005528434,0.0373979005528434
0.917564653171017,-0.495619253802481,0.107,0.099,1,"Z93930.2","Not significant",0.0373633248675276,0.0373633248675276
0.91764365440341,-0.313705635123659,0.233,0.21,1,"SLC52A2","Not significant",0.0373259342354437,0.0373259342354437
0.918104494848381,-0.164219504770348,0.378,0.37,1,"ATG12","Not significant",0.037107886387677,0.037107886387677
0.918276343331774,0.0861196397052613,0.152,0.148,1,"RBM15B","Not significant",0.0370266038489714,0.0370266038489714
0.918747509632728,-0.353454680496645,0.188,0.185,1,"TNK2","Not significant",0.0368038251096315,0.0368038251096315
0.919077960158712,-0.150083854921802,0.485,0.444,1,"RER1","Not significant",0.0366476483193083,0.0366476483193083
0.919326063583403,-0.199364617917995,0.235,0.235,1,"ZSWIM7","Not significant",0.036530427134468,0.036530427134468
0.919437784820426,0.0456855430225818,0.171,0.16,1,"AC026979.2","Not significant",0.0364776526394156,0.0364776526394156
0.919582971679579,-0.106140824297512,0.116,0.111,1,"GRAMD2B","Not significant",0.0364090793493284,0.0364090793493284
0.919877395818017,-0.0266863546055505,0.527,0.494,1,"ANP32B","Not significant",0.0362700529457003,0.0362700529457003
0.920002353649756,-0.225359732765011,0.105,0.099,1,"MRPL49","Not significant",0.0362110615937993,0.0362110615937993
0.920011124154759,-0.0186748839561128,0.428,0.407,1,"IL1RN","Not significant",0.0362069214263793,0.0362069214263793
0.920165506428423,-0.16576919088337,0.121,0.123,1,"VGLL4","Not significant",0.0361340508458072,0.0361340508458072
0.920612551418628,-0.218954155093412,0.347,0.333,1,"RAB18","Not significant",0.0359231083311482,0.0359231083311482
0.920628655166789,-0.0266255940240818,0.874,0.852,1,"ATP6V0B","Not significant",0.0359155115329239,0.0359155115329239
0.920670025994211,-0.134762556843198,0.145,0.148,1,"CBLL1","Not significant",0.035895995826702,0.035895995826702
0.920779243957625,-0.0805016326316936,0.116,0.111,1,"NOB1","Not significant",0.0358444790570957,0.0358444790570957
0.92096337472558,-0.274078518129267,0.71,0.642,1,"EZR","Not significant",0.0357576406727017,0.0357576406727017
0.921200870668501,-0.0183024263339433,0.28,0.272,1,"ADAM10","Not significant",0.0356456602363053,0.0356456602363053
0.921284353255761,-0.293747211996904,0.477,0.432,1,"OSTF1","Not significant",0.0356063046674941,0.0356063046674941
0.921449275416298,-0.267768013333992,0.297,0.284,1,"HK2","Not significant",0.0355285671330598,0.0355285671330598
0.921449829181184,-0.536818207341608,0.209,0.198,1,"CGAS","Not significant",0.0355283061344695,0.0355283061344695
0.92175322324901,-0.424956055470608,0.147,0.136,1,"BMPR2","Not significant",0.0353853350488743,0.0353853350488743
0.921824878518346,-0.0484185020923608,0.61,0.543,1,"CIB1","Not significant",0.0353515751685011,0.0353515751685011
0.922120910607066,-0.0417176561627335,0.254,0.235,1,"MRPL4","Not significant",0.0352121295248597,0.0352121295248597
0.922345061578738,-0.0645004690463238,0.264,0.247,1,"AKAP8","Not significant",0.0351065731935884,0.0351065731935884
0.922351065327008,-0.0956180424569979,0.171,0.173,1,"DGAT1","Not significant",0.0351037462838262,0.0351037462838262
0.922385024777637,-0.322561265789599,0.145,0.136,1,"NDUFAF2","Not significant",0.035087756568986,0.035087756568986
0.92245062922024,0.0412427269606346,0.515,0.506,1,"SCAMP2","Not significant",0.0350568685629339,0.0350568685629339
0.922870330977256,0.0706504806079893,0.777,0.704,1,"H2AFZ","Not significant",0.0348593157640531,0.0348593157640531
0.922919713182059,-0.239319914537464,0.204,0.185,1,"PRKAR2A","Not significant",0.034836077564104,0.034836077564104
0.922929895064882,-0.259538809755937,0.145,0.136,1,"ATXN3","Not significant",0.0348312863443798,0.0348312863443798
0.923253871263103,-0.0122121769304595,0.159,0.148,1,"SLC9A3R1","Not significant",0.034678862648358,0.034678862648358
0.923633292329551,-0.331347829772174,0.124,0.123,1,"FEM1A","Not significant",0.0345004213433958,0.0345004213433958
0.923745584258481,-0.265282232133237,0.119,0.111,1,"COX11","Not significant",0.0344476246314981,0.0344476246314981
0.923789180882512,0.197540756646537,0.114,0.111,1,"AL645728.1","Not significant",0.0344271283749654,0.0344271283749654
0.92387011270063,-0.132767543210967,0.416,0.395,1,"NKTR","Not significant",0.0343890821375842,0.0343890821375842
0.923958741717957,-0.401305529588027,0.233,0.21,1,"POM121","Not significant",0.0343474212520547,0.0343474212520547
0.924408457449685,-0.52951149328173,0.112,0.111,1,"ULK1","Not significant",0.0341360897972915,0.0341360897972915
0.925161158197823,0.0755551434090669,0.216,0.222,1,"BCL6","Not significant",0.0337826088612709,0.0337826088612709
0.925427847629447,-0.145356780375743,0.185,0.173,1,"CHPT1","Not significant",0.0336574360120066,0.0336574360120066
0.925800175883385,0.03544108207945,0.544,0.556,1,"AC016831.5","Not significant",0.0334827410459967,0.0334827410459967
0.925981281037498,-0.108935258099434,0.525,0.457,1,"SYNCRIP","Not significant",0.0333977926099572,0.0333977926099572
0.92655346227497,-0.00281185279646884,0.432,0.42,1,"TRIM8","Not significant",0.0331295167647871,0.0331295167647871
0.926613017518704,-0.148753315407732,0.354,0.346,1,"PITPNA","Not significant",0.0331016029059803,0.0331016029059803
0.926953603316374,-0.0640647112973223,0.273,0.272,1,"AGTRAP","Not significant",0.0329420029946046,0.0329420029946046
0.927189192066569,-0.410653242147244,0.121,0.123,1,"TMEM129","Not significant",0.0328316394400673,0.0328316394400673
0.927252215868253,-0.0941761375367123,0.119,0.123,1,"SHLD2","Not significant",0.0328021201582035,0.0328021201582035
0.927377427911257,-0.147037186330183,0.242,0.222,1,"TMEM173","Not significant",0.0327434789091439,0.0327434789091439
0.927476022575447,-0.194249755114027,0.475,0.457,1,"DOCK4","Not significant",0.0326973090959635,0.0326973090959635
0.927572273548786,-0.128900933577453,0.171,0.16,1,"SESN1","Not significant",0.0326522415182366,0.0326522415182366
0.927817001933149,-0.0452365303553566,0.238,0.222,1,"CCDC88B","Not significant",0.0325376734446631,0.0325376734446631
0.928014085423247,-0.00286572031041299,0.938,0.938,1,"RPLP0","Not significant",0.0324454319975523,0.0324454319975523
0.928050407801006,-0.432359584792483,0.2,0.185,1,"TBC1D15","Not significant",0.0324284340879538,0.0324284340879538
0.928055931316564,-0.494563410301267,0.112,0.111,1,"EBPL","Not significant",0.0324258492874205,0.0324258492874205
0.928055931316564,-0.439798972090292,0.112,0.111,1,"ZNF562","Not significant",0.0324258492874205,0.0324258492874205
0.928414857989339,-0.150394933923034,0.401,0.383,1,"STUB1","Not significant",0.0322579178809752,0.0322579178809752
0.928457011640477,-0.128956315318149,0.373,0.358,1,"UBQLN1","Not significant",0.0322381996673667,0.0322381996673667
0.92847536517277,0.0901839189384158,0.684,0.642,1,"COX8A","Not significant",0.0322296147152188,0.0322296147152188
0.928642455551034,-0.352033075934728,0.157,0.148,1,"PLPP5","Not significant",0.0321514651991837,0.0321514651991837
0.929390294795686,-0.307050543327443,0.162,0.148,1,"CXorf21","Not significant",0.0318018669751687,0.0318018669751687
0.929397020131818,-0.523421417227977,0.195,0.185,1,"GRAMD4","Not significant",0.0317987243064541,0.0317987243064541
0.92954218352517,-0.102153914566893,0.404,0.37,1,"APEX1","Not significant",0.0317308967403761,0.0317308967403761
0.930016476290268,-0.3188034641687,0.145,0.136,1,"PIEZO1","Not significant",0.0315093573615909,0.0315093573615909
0.930096792800107,-0.333153919721696,0.278,0.259,1,"CREBBP","Not significant",0.0314718531755501,0.0314718531755501
0.930913521024674,0.0355249822379902,0.178,0.173,1,"HNRNPH2","Not significant",0.0310906617535777,0.0310906617535777
0.930955432277272,-0.134395874363157,0.159,0.16,1,"FBRSL1","Not significant",0.0310711095442737,0.0310711095442737
0.931002880938144,0.0304510331901051,0.781,0.802,1,"CD44","Not significant",0.0310489751157541,0.0310489751157541
0.931609847473295,-0.0968865716164442,0.342,0.321,1,"EIF2S2","Not significant",0.0307659294538991,0.0307659294538991
0.931642529195648,-0.327312262379148,0.159,0.148,1,"PRPS1","Not significant",0.0307506942749653,0.0307506942749653
0.931651526399854,-0.0579502388961116,0.508,0.469,1,"KDELR2","Not significant",0.0307465001585,0.0307465001585
0.931878118667798,-0.103332197685692,0.197,0.198,1,"NADK","Not significant",0.0306408857698528,0.0306408857698528
0.932243255602253,0.0336499776042926,0.492,0.457,1,"FAM107B","Not significant",0.0304707498978117,0.0304707498978117
0.932299855270878,-0.3380331717236,0.259,0.247,1,"ANKDD1A","Not significant",0.0304443831985105,0.0304443831985105
0.932567562057068,-0.367344553652056,0.105,0.099,1,"POLRMT","Not significant",0.0303196948912038,0.0303196948912038
0.932615351298687,-0.0147683524696007,0.102,0.099,1,"VTA1","Not significant",0.0302974401259633,0.0302974401259633
0.932706295050052,-0.404048842821495,0.128,0.123,1,"SIGMAR1","Not significant",0.0302550920735613,0.0302550920735613
0.932710679844254,-0.443099046837545,0.242,0.222,1,"RALGAPA1","Not significant",0.0302530503939245,0.0302530503939245
0.932823498094264,-0.746123107630143,0.126,0.123,1,"DDI2","Not significant",0.0302005224434034,0.0302005224434034
0.932981206477945,-0.367526189924254,0.216,0.198,1,"CNOT1","Not significant",0.0301271043833267,0.0301271043833267
0.933750857409136,-0.415547537696906,0.333,0.309,1,"BUD23","Not significant",0.0297689863889834,0.0297689863889834
0.933825059878897,-0.639211253866632,0.105,0.099,1,"TMEM170B","Not significant",0.0297344756385721,0.0297344756385721
0.933869745092688,-0.26142577943659,0.207,0.198,1,"HEBP1","Not significant",0.0297136943613269,0.0297136943613269
0.933979043455806,-0.597970157607898,0.126,0.123,1,"UTP11","Not significant",0.0296628683240927,0.0296628683240927
0.934221466597216,0.013212661314338,0.195,0.185,1,"CDK11B","Not significant",0.0295501576887788,0.0295501576887788
0.934833995025276,-0.260877583846506,0.311,0.296,1,"HIST1H2AC","Not significant",0.0292655029727459,0.0292655029727459
0.934900562736544,-0.135760067719142,0.38,0.358,1,"KLHL6","Not significant",0.0292345788080627,0.0292345788080627
0.93508272285164,-0.251936700599025,0.105,0.099,1,"CBL","Not significant",0.029149967214292,0.029149967214292
0.935152451965758,-0.0611382024848859,0.102,0.099,1,"TTC38","Not significant",0.0291175830843055,0.0291175830843055
0.935311759414186,-0.0471287906457245,0.91,0.901,1,"HNRNPC","Not significant",0.029043605356718,0.029043605356718
0.935355339655824,0.153675088786012,0.112,0.111,1,"NDE1","Not significant",0.0290233701598986,0.0290233701598986
0.935682338068874,-0.0654899661197515,0.432,0.407,1,"AL118516.1","Not significant",0.0288715681844328,0.0288715681844328
0.935692913114982,0.0832506041119083,0.496,0.481,1,"NDUFB7","Not significant",0.0288666598324946,0.0288666598324946
0.935763943875153,-0.348519896291519,0.259,0.247,1,"STK40","Not significant",0.0288336927169692,0.0288336927169692
0.936481727756889,-0.132141827069822,0.183,0.173,1,"PFDN6","Not significant",0.0285006919799048,0.0285006919799048
0.936696508686998,-0.381126633273732,0.162,0.148,1,"PHF14","Not significant",0.0284010984961044,0.0284010984961044
0.937501506127829,-0.299521870739791,0.107,0.099,1,"SHPRH","Not significant",0.0280280258909316,0.0280280258909316
0.937783810163197,-0.0982260971085112,0.29,0.272,1,"FAM204A","Not significant",0.0278972691632592,0.0278972691632592
0.938104976685668,-0.365401396890362,0.211,0.198,1,"AK2","Not significant",0.0277485600811197,0.0277485600811197
0.938519618147877,-0.240143002117382,0.109,0.111,1,"PUS1","Not significant",0.0275566447641918,0.0275566447641918
0.938640951630471,0.0536063982157184,0.91,0.914,1,"LMNA","Not significant",0.0275005020315109,0.0275005020315109
0.938756550569645,-0.546645821990899,0.124,0.123,1,"ATN1","Not significant",0.0274470195043402,0.0274470195043402
0.938785004967063,-0.431016276768724,0.162,0.148,1,"CSRP1","Not significant",0.0274338559205583,0.0274338559205583
0.93891222773256,-0.193834831350987,0.368,0.346,1,"CD47","Not significant",0.0273750049576336,0.0273750049576336
0.939326853808008,-0.356147518197284,0.335,0.296,1,"NRBF2","Not significant",0.0271832617218393,0.0271832617218393
0.939427322010193,-0.179534969705194,0.131,0.123,1,"ASGR1","Not significant",0.0271368130843123,0.0271368130843123
0.940212605889157,0.0854080466753673,0.133,0.136,1,"SPIN1","Not significant",0.0267739303107107,0.0267739303107107
0.940236995208841,-0.585854066762781,0.121,0.111,1,"SEC23A","Not significant",0.0267626647634179,0.0267626647634179
0.940267135858181,-0.224274768601076,0.651,0.593,1,"MZT2B","Not significant",0.0267487430522402,0.0267487430522402
0.940337280450108,-0.521392502082091,0.1,0.099,1,"KANSL1L","Not significant",0.0267163455858095,0.0267163455858095
0.940357614499739,-0.704434347599019,0.176,0.16,1,"POP5","Not significant",0.0267069544128197,0.0267069544128197
0.940425705949027,-0.0947729857682043,0.264,0.247,1,"BTBD7","Not significant",0.0266755082165653,0.0266755082165653
0.94056325194127,0.0432715797617073,0.466,0.457,1,"TAX1BP1","Not significant",0.0266119932604622,0.0266119932604622
0.940658229429767,-0.208885828465048,0.162,0.16,1,"NUS1","Not significant",0.0265681406895629,0.0265681406895629
0.940958705543704,-0.392226449574781,0.164,0.16,1,"NKRF","Not significant",0.0264294353910398,0.0264294353910398
0.94097424870721,-0.165452823155547,0.109,0.111,1,"ARAP2","Not significant",0.0264222615859083,0.0264222615859083
0.941208197910413,-0.173561776658364,0.2,0.198,1,"TMEM138","Not significant",0.0263142987805993,0.0263142987805993
0.941215811551962,-0.0198133027152659,0.618,0.568,1,"NOP10","Not significant",0.0263107856905673,0.0263107856905673
0.941338187832052,-0.216604106187649,0.311,0.296,1,"VOPP1","Not significant",0.0262543226693195,0.0262543226693195
0.941416069661015,-0.0865264268867509,0.371,0.358,1,"COPS6","Not significant",0.026218392702948,0.026218392702948
0.941699878335108,-0.182979031190734,0.195,0.198,1,"PON2","Not significant",0.0260874856898785,0.0260874856898785
0.942188082595624,-0.109655823917982,0.411,0.37,1,"MRPL20","Not significant",0.0258623933005993,0.0258623933005993
0.942488340493898,0.0238731215662136,0.271,0.272,1,"FUBP1","Not significant",0.0257240137380664,0.0257240137380664
0.942844195295697,-0.174222503240456,0.171,0.16,1,"RNF6","Not significant",0.0255600683590081,0.0255600683590081
0.942849918518988,-0.607192878813545,0.131,0.123,1,"KPNA1","Not significant",0.0255574321262536,0.0255574321262536
0.94308158781889,-0.104756472966076,0.523,0.506,1,"RAP1A","Not significant",0.0254507339786894,0.0254507339786894
0.943414449974808,-0.68104759740041,0.157,0.148,1,"MRPS23","Not significant",0.0252974760908867,0.0252974760908867
0.943553808335129,0.0081372249492806,0.321,0.309,1,"SNX29","Not significant",0.0252333281469689,0.0252333281469689
0.944314404439465,-0.548846141405579,0.114,0.111,1,"C15orf40","Not significant",0.0248833855962045,0.0248833855962045
0.944611805568579,0.0362986559217178,0.361,0.37,1,"FBXO7","Not significant",0.0247466310002136,0.0247466310002136
0.944626841068021,-0.0518989732827215,0.551,0.506,1,"M6PR","Not significant",0.024739718337854,0.024739718337854
0.944638123361271,-0.323515179654201,0.19,0.173,1,"SMIM10L1","Not significant",0.0247345313071369,0.0247345313071369
0.944638665837805,-0.0935680448632468,0.14,0.136,1,"SSRP1","Not significant",0.0247342819052847,0.0247342819052847
0.944730568230807,0.111120237275635,0.392,0.395,1,"TSC22D1","Not significant",0.024692032141219,0.024692032141219
0.944918710618632,0.0037896631755987,0.114,0.111,1,"KRCC1","Not significant",0.0246055513301724,0.0246055513301724
0.944988618978524,-0.551574827036561,0.107,0.099,1,"ZNF688","Not significant",0.0245734219082916,0.0245734219082916
0.945114902247718,-0.087217199596981,0.314,0.296,1,"GPR108","Not significant",0.0245153889736579,0.0245153889736579
0.945151706240833,1.25612553646426,0.116,0.123,1,"CXCL1","Not significant",0.0244984773157449,0.0244984773157449
0.945382191106243,-0.0159329040396159,0.297,0.284,1,"C20orf27","Not significant",0.0243925830962904,0.0243925830962904
0.945523057093205,-0.50007291682236,0.114,0.111,1,"ABCB8","Not significant",0.024327876183031,0.024327876183031
0.945710631747758,-0.208465663083332,0.432,0.42,1,"SDF2L1","Not significant",0.0242417285660914,0.0242417285660914
0.946316453437277,-0.136914287599155,0.273,0.259,1,"ACTN4","Not significant",0.0239636088416677,0.0239636088416677
0.94639835414529,-0.543211999928356,0.166,0.16,1,"ANKRD13A","Not significant",0.0239260236487652,0.0239260236487652
0.946522235806008,-0.293665279018631,0.138,0.136,1,"C8orf82","Not significant",0.0238691790859014,0.0238691790859014
0.946704210510612,-0.0364700415783115,0.333,0.333,1,"FBRS","Not significant",0.0237856913336019,0.0237856913336019
0.946906333992768,-0.576591490864011,0.178,0.173,1,"UPF3B","Not significant",0.0236929783799781,0.0236929783799781
0.947143058402058,-0.298501652311907,0.162,0.148,1,"TSN","Not significant",0.0235844193258855,0.0235844193258855
0.947167753962147,0.0287764601375129,0.746,0.691,1,"CALM2","Not significant",0.02357309579291,0.02357309579291
0.947270567868884,0.0751027285116628,0.413,0.395,1,"CYBC1","Not significant",0.0235259562139768,0.0235259562139768
0.947817301191815,0.0669635526810868,0.518,0.469,1,"SLC20A1","Not significant",0.0232753680743073,0.0232753680743073
0.947847322775084,-0.80120890785524,0.102,0.099,1,"RAB5B","Not significant",0.0232616122571781,0.0232616122571781
0.947907309546086,-0.054824640993075,0.629,0.593,1,"TNFAIP2","Not significant",0.0232341277682072,0.0232341277682072
0.948023989600236,-0.524506874404006,0.1,0.099,1,"TRUB2","Not significant",0.0231806727682792,0.0231806727682792
0.948326105821126,-0.223470369770731,0.306,0.284,1,"AP3S1","Not significant",0.0230422938802743,0.0230422938802743
0.948706735416914,-0.0324472206189849,0.449,0.42,1,"PHLDA2","Not significant",0.0228680161010768,0.0228680161010768
0.948795026061503,0.0861404345356502,0.283,0.284,1,"SREBF1","Not significant",0.0228276007080004,0.0228276007080004
0.948809342753553,-0.255002304747053,0.375,0.346,1,"PSMD11","Not significant",0.0228210475397441,0.0228210475397441
0.949374090797897,-0.0827962975883983,0.675,0.63,1,"BCLAF1","Not significant",0.0225626247106054,0.0225626247106054
0.949889749708538,-0.490572839333598,0.216,0.21,1,"NSD1","Not significant",0.0223267987867268,0.0223267987867268
0.950075538976721,-0.285642579423079,0.254,0.235,1,"CEP350","Not significant",0.022241863283214,0.022241863283214
0.950251725227777,0.0578972929513315,0.874,0.815,1,"DDX3X","Not significant",0.0221613332415927,0.0221613332415927
0.950386418546766,-0.0669753686069519,0.61,0.556,1,"DDX21","Not significant",0.0220997785837788,0.0220997785837788
0.950412404477031,-0.508469255391077,0.223,0.21,1,"FAH","Not significant",0.0220879040539914,0.0220879040539914
0.950698546049535,-0.221404696896547,0.276,0.259,1,"SNX27","Not significant",0.0219571702776324,0.0219571702776324
0.950801591412573,-0.161640343373284,0.159,0.16,1,"CEP95","Not significant",0.0219101000390189,0.0219101000390189
0.950839972920781,-0.184741558707073,0.131,0.123,1,"MSH6","Not significant",0.0218925689989567,0.0218925689989567
0.950928227724646,-0.144929290531259,0.577,0.506,1,"WDR83OS","Not significant",0.0218522606434646,0.0218522606434646
0.95138837905912,-0.227846194691308,0.235,0.222,1,"PRPF38A","Not significant",0.0216421576683997,0.0216421576683997
0.951394371045169,0.0972256457774867,0.211,0.21,1,"KIDINS220","Not significant",0.0216394224255283,0.0216394224255283
0.95165854036929,-0.212786695564825,0.292,0.272,1,"ATG16L2","Not significant",0.0215188506013791,0.0215188506013791
0.951913792030176,-0.0964257822379133,0.219,0.21,1,"USP22","Not significant",0.0214023807550833,0.0214023807550833
0.952136445139032,-0.251275618231852,0.342,0.321,1,"NDUFB1","Not significant",0.0213008109381656,0.0213008109381656
0.953123789030013,-0.206588521340834,0.131,0.123,1,"ZBTB17","Not significant",0.0208506907558531,0.0208506907558531
0.953383233493439,-0.031112198141602,0.128,0.123,1,"DHDDS","Not significant",0.0207324899853438,0.0207324899853438
0.95341193161959,-0.12941193150944,0.449,0.407,1,"PPP4R3A","Not significant",0.0207194173301815,0.0207194173301815
0.953626313172028,-0.415828554553859,0.112,0.111,1,"TP53TG1","Not significant",0.0206217740596365,0.0206217740596365
0.953642620262991,-0.249007354243245,0.126,0.123,1,"NSUN2","Not significant",0.0206143476505999,0.0206143476505999
0.953738390332574,-0.328928132316108,0.354,0.321,1,"MIEN1","Not significant",0.0205707355850973,0.0205707355850973
0.95376696086036,-0.144129249963845,0.335,0.309,1,"SNX17","Not significant",0.020557725899378,0.020557725899378
0.953853088014539,-0.00896593427646408,0.838,0.753,1,"VAPA","Not significant",0.0205185099686694,0.0205185099686694
0.954239710530107,-0.15195574339468,0.318,0.296,1,"RAD23B","Not significant",0.0203425143069104,0.0203425143069104
0.954504111829917,-0.183189126380991,0.373,0.346,1,"HNRNPR","Not significant",0.0202221964047335,0.0202221964047335
0.954561120008363,-0.382966460552862,0.411,0.37,1,"RBPJ","Not significant",0.020196258750098,0.020196258750098
0.955087490817032,-0.405132075515072,0.475,0.42,1,"FOXN3","Not significant",0.0199568430354653,0.0199568430354653
0.955960294644489,-0.0872489995184844,0.537,0.494,1,"PICALM","Not significant",0.0195601455637561,0.0195601455637561
0.956064496574298,-0.375335780869682,0.112,0.111,1,"ASB8","Not significant",0.0195128090194054,0.0195128090194054
0.956262561832961,-0.38443225501305,0.192,0.185,1,"FHOD1","Not significant",0.0194228467414323,0.0194228467414323
0.956428729151874,-0.172423285114698,0.485,0.444,1,"FNBP4","Not significant",0.0193473870473372,0.0193473870473372
0.956472983664808,-0.256643378621217,0.238,0.222,1,"ZFAND3","Not significant",0.0193272924542473,0.0193272924542473
0.957062131463596,-0.370863863558179,0.119,0.111,1,"PWWP2B","Not significant",0.019059867368498,0.019059867368498
0.957683533538899,-0.292914932290804,0.235,0.222,1,"HTATIP2","Not significant",0.0187779797979923,0.0187779797979923
0.95791110771967,-0.145015100416593,0.14,0.136,1,"RHOU","Not significant",0.0186747907315076,0.0186747907315076
0.958012917064524,-1.03823873868485,0.102,0.099,1,"FAM168A","Not significant",0.0186286352095285,0.0186286352095285
0.958024246866994,-0.0984416937518212,0.473,0.444,1,"CCDC107","Not significant",0.0186234991184484,0.0186234991184484
0.958545134721918,-0.343843099264857,0.335,0.309,1,"PIP4P1","Not significant",0.0183874328128638,0.0183874328128638
0.958602650920309,-0.444896490888596,0.181,0.173,1,"SLC35E3","Not significant",0.0183613743443662,0.0183613743443662
0.958620259774407,0.102447177818734,0.895,0.914,1,"GPR183","Not significant",0.0183533967345382,0.0183533967345382
0.958895681027643,-0.317534931999984,0.404,0.37,1,"CAPNS1","Not significant",0.0182286374782974,0.0182286374782974
0.9592457721325,-0.156957878550175,0.86,0.827,1,"RHOA","Not significant",0.018070106274626,0.018070106274626
0.960035876891539,-0.12079187438344,0.114,0.111,1,"UBL7","Not significant",0.0177125369136783,0.0177125369136783
0.960263270206325,-0.0592229802417334,0.264,0.247,1,"SDE2","Not significant",0.0176096824574401,0.0176096824574401
0.960385708886664,-0.220538301166353,0.39,0.358,1,"TXNL4A","Not significant",0.0175543111283804,0.0175543111283804
0.960590070329542,-0.377709858362725,0.126,0.123,1,"MGAT5","Not significant",0.0174619069989258,0.0174619069989258
0.960641466981579,-0.0433690529264243,1,1,1,"MALAT1","Not significant",0.0174386705675642,0.0174386705675642
0.961848305217026,-0.121480234673065,0.316,0.296,1,"PLBD1","Not significant",0.0168934159059994,0.0168934159059994
0.962128346544004,-0.430006824220514,0.1,0.099,1,"WDR73","Not significant",0.0167669898355388,0.0167669898355388
0.962589021910952,-0.239354347058433,0.188,0.173,1,"ADCY3","Not significant",0.0165590956512665,0.0165590956512665
0.962906331326767,-0.172447630335676,0.19,0.185,1,"CCPG1","Not significant",0.0164159577004422,0.0164159577004422
0.963098379792585,-0.258968414968245,0.102,0.099,1,"LRCH3","Not significant",0.0163293477469384,0.0163293477469384
0.963438435168434,0.214045604499355,0.273,0.272,1,"LAMTOR3","Not significant",0.0161760320421365,0.0161760320421365
0.96381470163647,-0.0440792563205477,0.264,0.259,1,"IRF3","Not significant",0.0160064534333393,0.0160064534333393
0.963943476606255,-0.595849836951915,0.116,0.111,1,"ZDHHC14","Not significant",0.0159484313644935,0.0159484313644935
0.963983412653879,-0.0196406276225432,0.508,0.457,1,"SF3B2","Not significant",0.0159304389756626,0.0159304389756626
0.964047352058,-0.712704656466982,0.105,0.099,1,"MGA","Not significant",0.0159016339058426,0.0159016339058426
0.964213473789294,-0.83935333417707,0.133,0.123,1,"FBXL5","Not significant",0.0158268040379776,0.0158268040379776
0.964736099717249,-0.219363556153535,0.366,0.346,1,"LEPROTL1","Not significant",0.0155914701907048,0.0155914701907048
0.964747019470241,-0.176129670793841,0.202,0.198,1,"HSPB11","Not significant",0.0155865544820147,0.0155865544820147
0.964806552775406,-0.0904409871927373,0.696,0.691,1,"ARRB2","Not significant",0.0155597555516273,0.0155597555516273
0.964850156763791,-0.215677320666415,0.219,0.21,1,"EI24","Not significant",0.0155401282557937,0.0155401282557937
0.964850313086906,-0.172323251757519,0.368,0.358,1,"TLE4","Not significant",0.015540057892266,0.015540057892266
0.964876666897367,-0.0887811028362702,0.114,0.111,1,"KAT6B","Not significant",0.015528195784745,0.015528195784745
0.965211154779791,-0.408780847361775,0.112,0.111,1,"ITGA4","Not significant",0.0153776676673993,0.0153776676673993
0.966113555388834,-0.265787416929711,0.337,0.296,1,"MESD","Not significant",0.0149718243294768,0.0149718243294768
0.966378753322841,0.161913447959208,0.183,0.185,1,"MED8","Not significant",0.0148526269597848,0.0148526269597848
0.966478088746065,-0.153623297021898,0.508,0.457,1,"DEGS1","Not significant",0.0148079875170049,0.0148079875170049
0.966548241443338,-0.386584816436619,0.242,0.222,1,"ITPK1","Not significant",0.0147764649982954,0.0147764649982954
0.966926721661128,-0.653527262089187,0.178,0.173,1,"YPEL2","Not significant",0.0146064375861677,0.0146064375861677
0.966929071885558,-0.00399951264926227,0.606,0.593,1,"C16orf72","Not significant",0.01460538198574,0.01460538198574
0.967269387155661,-0.0535336342546477,0.872,0.84,1,"TYMP","Not significant",0.0144525568764579,0.0144525568764579
0.967297558619624,-0.326327047819296,0.114,0.111,1,"SCAP","Not significant",0.0144399083492264,0.0144399083492264
0.967722667548216,-0.394210111682875,0.157,0.148,1,"CUEDC1","Not significant",0.0142490860907625,0.0142490860907625
0.967806188595133,-0.0895379978124663,0.378,0.37,1,"ASAP1","Not significant",0.0142116051410921,0.0142116051410921
0.967873304376655,-0.33211199357777,0.14,0.136,1,"ATP8B4","Not significant",0.0141814885709871,0.0141814885709871
0.967902531437125,-0.185258427912274,0.841,0.802,1,"LITAF","Not significant",0.0141683742931348,0.0141683742931348
0.96803317919618,-0.253422443686013,0.264,0.247,1,"ARID4A","Not significant",0.0141097570564103,0.0141097570564103
0.968166372615607,-0.00357405986779313,0.333,0.333,1,"COPS2","Not significant",0.0140500058111215,0.0140500058111215
0.968508118911643,-0.238953852564048,0.114,0.111,1,"ACAD9","Not significant",0.0138967342801864,0.0138967342801864
0.968573803018745,0.00466239352735598,0.475,0.457,1,"STOM","Not significant",0.0138672814780606,0.0138672814780606
0.969064575878842,0.00252362001517636,0.266,0.259,1,"GCH1","Not significant",0.0136472817589311,0.0136472817589311
0.969487737788636,-0.259307923462571,0.128,0.123,1,"GOSR2","Not significant",0.0134576795655845,0.0134576795655845
0.969668823752579,-0.184852194970749,0.24,0.235,1,"LGALS8","Not significant",0.0133765673576495,0.0133765673576495
0.96984242345653,-0.0425162285383749,0.264,0.259,1,"NDUFA5","Not significant",0.0132988226229432,0.0132988226229432
0.970123492421294,-0.0644158280412246,0.295,0.284,1,"CEBPZ","Not significant",0.0131729784518816,0.0131729784518816
0.970164399523056,0.148558136037295,0.786,0.79,1,"ZFAND2A","Not significant",0.0131546659853222,0.0131546659853222
0.970259855023809,-0.226521071408052,0.299,0.284,1,"SRM","Not significant",0.0131119373942105,0.0131119373942105
0.970896001861274,-0.0714425312737315,0.157,0.148,1,"SCLT1","Not significant",0.0128272873285276,0.0128272873285276
0.971194075182731,-0.184454314409991,0.183,0.173,1,"SMIM14","Not significant",0.0126939756956041,0.0126939756956041
0.971389750028551,-0.236627563723984,0.534,0.469,1,"ARHGAP45","Not significant",0.0126064834546294,0.0126064834546294
0.971690606350307,-0.0593081152652427,0.563,0.506,1,"FAM96B","Not significant",0.0124719957161275,0.0124719957161275
0.97207882482299,-0.0287710072984213,0.444,0.42,1,"TMEM9B","Not significant",0.0122985171749001,0.0122985171749001
0.97272128979772,0.308812146526602,0.411,0.42,1,"EMP1","Not significant",0.0120115786855474,0.0120115786855474
0.97282527041364,-0.0390656674212881,0.575,0.506,1,"CALM3","Not significant",0.0119651565554525,0.0119651565554525
0.972873869985573,-0.462115793743118,0.105,0.099,1,"BRD3","Not significant",0.0119434609854855,0.0119434609854855
0.972924927882268,-0.196729123081161,0.28,0.259,1,"MDM4","Not significant",0.0119206691502538,0.0119206691502538
0.972924928914303,-0.379759735085194,0.28,0.259,1,"ZC3H18","Not significant",0.0119206686895738,0.0119206686895738
0.972940546990686,-0.626241628096663,0.128,0.123,1,"SBF1","Not significant",0.0119136971445465,0.0119136971445465
0.973175392491518,-0.194278737886411,0.534,0.481,1,"DDX39A","Not significant",0.0118088810813951,0.0118088810813951
0.973528218159239,-0.36863063687576,0.537,0.469,1,"PHC2","Not significant",0.0116514557379536,0.0116514557379536
0.973558518654787,-0.14825324645772,0.181,0.173,1,"CYP20A1","Not significant",0.0116379387869442,0.0116379387869442
0.973601750703098,-0.190942030531898,0.366,0.333,1,"RRP7A","Not significant",0.0116186538412503,0.0116186538412503
0.973836160485731,-0.284351533271037,0.283,0.259,1,"HK1","Not significant",0.0115141032673822,0.0115141032673822
0.97436247680172,-0.154423338513983,0.247,0.235,1,"GOSR1","Not significant",0.011279449292212,0.011279449292212
0.974721041614958,-0.170295912026629,0.192,0.185,1,"UBA6","Not significant",0.0111196585802399,0.0111196585802399
0.974922242354832,0.00908433235621997,0.615,0.617,1,"PEBP1","Not significant",0.0110300212890381,0.0110300212890381
0.975524964353704,-0.353456930002571,0.154,0.148,1,"CLASP2","Not significant",0.0107616122332447,0.0107616122332447
0.97592510218493,-0.0663512119093514,0.152,0.148,1,"MED30","Not significant",0.0105835111816039,0.0105835111816039
0.976617635949326,0.121041386852024,0.109,0.111,1,"UBE3C","Not significant",0.0102754374077019,0.0102754374077019
0.976644135734418,0.023087644841588,0.95,0.951,1,"RPL6","Not significant",0.0102636533134194,0.0102636533134194
0.976742559827729,-0.444252962723424,0.204,0.198,1,"GMIP","Not significant",0.0102198882557948,0.0102198882557948
0.976760972879097,-0.420556528724856,0.195,0.185,1,"RAB6A","Not significant",0.0102117012354277,0.0102117012354277
0.976983916858239,-0.446725196100229,0.114,0.111,1,"MOV10","Not significant",0.0101125855925987,0.0101125855925987
0.977090860809458,-0.185129307466208,0.537,0.494,1,"SYF2","Not significant",0.0100650488570916,0.0100650488570916
0.977154144517758,-0.225456546121598,0.28,0.259,1,"SDHC","Not significant",0.0100369216107701,0.0100369216107701
0.977159544317493,-0.449337622272581,0.116,0.111,1,"NOM1","Not significant",0.0100345216856795,0.0100345216856795
0.977293864996931,-0.145563328825486,0.62,0.556,1,"SERPINB1","Not significant",0.00997482752290305,0.00997482752290305
0.977330448823452,-0.408674107971422,0.119,0.111,1,"DCTN1","Not significant",0.00995857053287753,0.00995857053287753
0.97789102235531,-0.454914240555851,0.159,0.148,1,"CPPED1","Not significant",0.00970954094533848,0.00970954094533848
0.977951333373632,-0.429854663452076,0.423,0.358,1,"PPP1R18","Not significant",0.00968275684140797,0.00968275684140797
0.978023914190419,-0.260041078632572,0.112,0.111,1,"PIGS","Not significant",0.00965052591386833,0.00965052591386833
0.978178324515638,0.331167697860291,0.76,0.815,1,"ANXA1","Not significant",0.00958196495324369,0.00958196495324369
0.978868572303835,-0.492900004091327,0.2,0.185,1,"OSBP","Not significant",0.00927561479017191,0.00927561479017191
0.978978422425188,0.0111426489081103,0.948,0.914,1,"RPL36","Not significant",0.00922688033674566,0.00922688033674566
0.979072187994952,-0.128802478086981,0.418,0.383,1,"ZFAND6","Not significant",0.00918528603948352,0.00918528603948352
0.979275121993099,0.0938708142326574,0.843,0.852,1,"TRA2B","Not significant",0.0090952783932893,0.0090952783932893
0.979472333363233,-0.497070476281884,0.169,0.16,1,"MCMBP","Not significant",0.00900782678244192,0.00900782678244192
0.979996174826929,-0.588499184258222,0.159,0.148,1,"SLC25A1","Not significant",0.0087756194654637,0.0087756194654637
0.980199656849924,-0.034262400737932,0.58,0.543,1,"TALDO1","Not significant",0.00868545386196368,0.00868545386196368
0.980211822630707,-0.0597077162250628,0.34,0.333,1,"PRMT1","Not significant",0.00868006363494505,0.00868006363494505
0.980617253262251,-0.299896696365547,0.114,0.111,1,"MRPS14","Not significant",0.00850046992048205,0.00850046992048205
0.980862879211219,-0.209909915469451,0.382,0.358,1,"TIMM17A","Not significant",0.00839170104432495,0.00839170104432495
0.980909590382811,-0.0417233375641954,0.295,0.284,1,"RNASEH2B","Not significant",0.0083710193349178,0.0083710193349178
0.981277362506517,-0.546212661792704,0.143,0.136,1,"NAV1","Not significant",0.00820821995888668,0.00820821995888668
0.981324607110178,-0.362090440115549,0.318,0.284,1,"PSMD14","Not significant",0.00818731090958245,0.00818731090958245
0.981369865546861,-0.319526799965398,0.176,0.173,1,"MRPS18B","Not significant",0.00816728182243883,0.00816728182243883
0.98165178009774,0.0335780283586765,0.589,0.568,1,"TBXAS1","Not significant",0.00804254154264783,0.00804254154264783
0.981691366746276,-0.0489405457101704,0.361,0.333,1,"CHMP2B","Not significant",0.00802502828925033,0.00802502828925033
0.982150342145919,-0.468212834300835,0.128,0.123,1,"PRPS2","Not significant",0.00782202772548677,0.00782202772548677
0.982420812256778,-0.212534492088276,0.219,0.21,1,"ARL5A","Not significant",0.0077024457219084,0.0077024457219084
0.982437190295715,-0.107562567793261,0.204,0.198,1,"SLC38A6","Not significant",0.0076952056140473,0.0076952056140473
0.982990822785363,0.0183599909112311,0.515,0.519,1,"CORO1C","Not significant",0.00745053672766189,0.00745053672766189
0.983160027739772,-0.203033757386739,0.283,0.272,1,"ORMDL2","Not significant",0.00737578683939956,0.00737578683939956
0.983479689964807,-0.99569871980841,0.143,0.136,1,"PTCD3","Not significant",0.00723460435398702,0.00723460435398702
0.983604697209352,-0.404634808523532,0.197,0.185,1,"TRIP6","Not significant",0.00717940595280913,0.00717940595280913
0.983670400288542,-0.000528111160104761,0.197,0.198,1,"C12orf10","Not significant",0.00715039680733359,0.00715039680733359
0.983774254858944,0.0857755658003334,0.53,0.519,1,"FMNL2","Not significant",0.00710454701250446,0.00710454701250446
0.983805496930468,0.0651579170959221,0.606,0.593,1,"STAT3","Not significant",0.00709075518601826,0.00709075518601826
0.98385895723565,-0.241474216858394,0.15,0.148,1,"AC234772.3","Not significant",0.00706715612623163,0.00706715612623163
0.98385895723565,-0.195134582055718,0.15,0.148,1,"SCIMP","Not significant",0.00706715612623163,0.00706715612623163
0.983860141359068,-0.435061974323233,0.321,0.309,1,"DCXR","Not significant",0.00706663343143557,0.00706663343143557
0.983887115554246,-0.118098815983605,0.449,0.432,1,"SLC39A1","Not significant",0.00705472667452939,0.00705472667452939
0.983960956649374,-0.328341263030689,0.178,0.173,1,"RHOH","Not significant",0.00702213393465316,0.00702213393465316
0.98423721393551,-0.0551570431310475,0.124,0.123,1,"EIF4EBP2","Not significant",0.00690021834959105,0.00690021834959105
0.984335614436211,-0.413108034798856,0.204,0.198,1,"INAFM2","Not significant",0.00685680131783043,0.00685680131783043
0.984433286696875,-0.465580564979325,0.226,0.21,1,"ELL","Not significant",0.00681370989775356,0.00681370989775356
0.984483688998402,-0.245538632957262,0.152,0.148,1,"ZNF316","Not significant",0.00679147489068802,0.00679147489068802
0.985137507071289,-0.117314841439088,0.599,0.556,1,"ROCK1","Not significant",0.00650314575184708,0.00650314575184708
0.98522977104751,-0.0245145100069939,0.774,0.753,1,"H2AFY","Not significant",0.00646247339981837,0.00646247339981837
0.98534824680969,-0.281734440572923,0.112,0.111,1,"STK19","Not significant",0.00641025179849129,0.00641025179849129
0.985506374925016,-0.179769306868863,0.138,0.136,1,"HDAC3","Not significant",0.00634056206358161,0.00634056206358161
0.985860315617696,-0.706688664951426,0.162,0.148,1,"TFE3","Not significant",0.00618461493092411,0.00618461493092411
0.986497680137661,-0.247310988895286,0.197,0.185,1,"KLHDC3","Not significant",0.00590393170382966,0.00590393170382966
0.986572201851969,-0.0671077702281244,0.124,0.123,1,"SOS1","Not significant",0.00587112559836259,0.00587112559836259
0.987136226232343,-0.0259123666101038,0.223,0.21,1,"DENND4C","Not significant",0.00562290992553276,0.00562290992553276
0.987271303580428,-0.692521966809107,0.102,0.099,1,"SUDS3","Not significant",0.00556348617829836,0.00556348617829836
0.987480226765763,0.0128985001701121,0.394,0.37,1,"MKNK1","Not significant",0.00547159189643356,0.00547159189643356
0.987589379949971,0.243466623893813,0.449,0.469,1,"CEP170","Not significant",0.00542358890406217,0.00542358890406217
0.987637908001988,0.000968638025641511,0.223,0.222,1,"AFTPH","Not significant",0.00540224911664528,0.00540224911664528
0.987819756755343,-0.0730356614321197,0.316,0.296,1,"PHF20L1","Not significant",0.00532229203960405,0.00532229203960405
0.987885057092767,-0.196047999070523,0.114,0.111,1,"PEX2","Not significant",0.0052935837264784,0.0052935837264784
0.987907750462914,-0.74624653616704,0.128,0.123,1,"SGSM2","Not significant",0.00528360737127208,0.00528360737127208
0.988024346075419,-0.188441807149036,0.542,0.481,1,"NFIC","Not significant",0.00523235375656302,0.00523235375656302
0.988086037309357,-0.000988083475577661,0.42,0.407,1,"SMARCA5","Not significant",0.00520523769795103,0.00520523769795103
0.988182106963392,0.0693090355807646,0.185,0.185,1,"AMPD3","Not significant",0.00516301415578676,0.00516301415578676
0.988309216174458,-0.116685184468134,0.171,0.173,1,"RSBN1","Not significant",0.00510715473622333,0.00510715473622333
0.988352002128453,0.198929586924436,0.361,0.358,1,"C7orf50","Not significant",0.0050883536351003,0.0050883536351003
0.988721511969072,-0.0971231969365771,0.361,0.346,1,"SRP9","Not significant",0.00492601664002751,0.00492601664002751
0.989084068580312,-0.248309458263587,0.1,0.099,1,"DYRK3","Not significant",0.00476679336858825,0.00476679336858825
0.989238897021167,-0.0386853672091019,0.15,0.148,1,"QTRT2","Not significant",0.00469881545111823,0.00469881545111823
0.989357326386918,-0.322208883700746,0.154,0.148,1,"RMDN1","Not significant",0.00464682584404853,0.00464682584404853
0.989395331820885,0.0603550860697843,0.276,0.272,1,"IDH3B","Not significant",0.00463014306139983,0.00463014306139983
0.989425488501407,-0.20682972257567,0.176,0.173,1,"AMFR","Not significant",0.00461690600647312,0.00461690600647312
0.989632698923707,-0.280459346778811,0.164,0.16,1,"CTNND1","Not significant",0.00452596341175997,0.00452596341175997
0.98988195968016,-0.000765911796384522,0.173,0.173,1,"MB21D2","Not significant",0.00441659057010465,0.00441659057010465
0.990176280378857,-0.2469222274016,0.349,0.333,1,"PSMD13","Not significant",0.00428748138158767,0.00428748138158767
0.990937552919897,-0.0062841032880796,0.779,0.741,1,"MYL12A","Not significant",0.003953713099812,0.003953713099812
0.99100241367251,-0.248478420648411,0.157,0.148,1,"BRAT1","Not significant",0.00392528775147972,0.00392528775147972
0.99104537223052,0.00127084591950155,0.606,0.605,1,"PSME2","Not significant",0.00390646210577152,0.00390646210577152
0.991319694130845,-0.294643365267783,0.197,0.185,1,"CTDSP2","Not significant",0.00378626579041228,0.00378626579041228
0.99181011990336,-0.144181872963727,0.306,0.296,1,"SEC22B","Not significant",0.00357146471221626,0.00357146471221626
0.991990466410982,-0.154317331827972,0.572,0.531,1,"LY6E","Not significant",0.00349250164118301,0.00349250164118301
0.992730855486086,-0.171984015578207,0.114,0.111,1,"NEPRO","Not significant",0.00316847942088723,0.00316847942088723
0.992730855486086,-0.394491145648792,0.114,0.111,1,"TBL2","Not significant",0.00316847942088723,0.00316847942088723
0.992730855486086,-0.414351246578596,0.114,0.111,1,"GTF3C5","Not significant",0.00316847942088723,0.00316847942088723
0.992730855486086,-0.375563860388867,0.114,0.111,1,"SAE1","Not significant",0.00316847942088723,0.00316847942088723
0.992736668295364,-0.0258842661153368,0.321,0.309,1,"PSME4","Not significant",0.00316593647222297,0.00316593647222297
0.993123823155937,-0.053248240416047,0.266,0.259,1,"PMVK","Not significant",0.00299660008384855,0.00299660008384855
0.993164576119115,-0.263208037874434,0.19,0.185,1,"POLE3","Not significant",0.00297877911984491,0.00297877911984491
0.993665788571611,-0.248950564611032,0.128,0.123,1,"IQCB1","Not significant",0.00275966246966078,0.00275966246966078
0.993971460088651,-0.0299814153135352,0.323,0.321,1,"YPEL3","Not significant",0.00262608532497673,0.00262608532497673
0.993985010586043,-0.12823649627882,0.178,0.173,1,"TMEM144","Not significant",0.00262016476652226,0.00262016476652226
0.99409343978617,-0.140687779246691,0.435,0.42,1,"IRAK3","Not significant",0.00257279218589802,0.00257279218589802
0.994114185095234,-0.358339491145228,0.152,0.148,1,"OXR1","Not significant",0.00256372917543602,0.00256372917543602
0.994326371771846,-0.15073460237266,0.166,0.16,1,"ENOPH1","Not significant",0.00247104196603715,0.00247104196603715
0.99448386665568,0.0716421855331068,0.601,0.605,1,"LAMP2","Not significant",0.0024022579686519,0.0024022579686519
0.994560275242981,-0.133849777098145,0.23,0.222,1,"UBA2","Not significant",0.00236889136089091,0.00236889136089091
0.994908340007759,-0.513126030803364,0.102,0.099,1,"GIGYF1","Not significant",0.00221692856331596,0.00221692856331596
0.994910144488764,-0.0160346668187585,0.679,0.679,1,"FGD4","Not significant",0.00221614087725374,0.00221614087725374
0.995157881023103,-0.143911910272703,0.195,0.185,1,"SETD5","Not significant",0.00210801330673302,0.00210801330673302
0.995190855211157,-0.810927632166048,0.116,0.111,1,"STAMBP","Not significant",0.00209362335822032,0.00209362335822032
0.995306297365044,-0.217216278677597,0.211,0.198,1,"SLC12A7","Not significant",0.00204324811361992,0.00204324811361992
0.995361676959229,-0.493621480156425,0.126,0.123,1,"ZC3H14","Not significant",0.00201908431284488,0.00201908431284488
0.995620428246303,-0.291083449639125,0.145,0.136,1,"C15orf39","Not significant",0.00190620107145277,0.00190620107145277
0.995810263829584,0.00285361313693766,0.159,0.16,1,"NUDCD2","Not significant",0.00182340175851111,0.00182340175851111
0.995820195395692,-0.209463691043514,0.287,0.284,1,"VPS4B","Not significant",0.00181907040844844,0.00181907040844844
0.995894031774538,-0.473065239477198,0.169,0.16,1,"NMRAL1","Not significant",0.00178687027504161,0.00178687027504161
0.995933464245297,-0.169140528517179,0.233,0.222,1,"TTC1","Not significant",0.00176967470514938,0.00176967470514938
0.9961812436664,-0.141802435184438,0.102,0.099,1,"NOL10","Not significant",0.00166163952480402,0.00166163952480402
0.996200512469879,-0.111482470512498,0.394,0.358,1,"PHB","Not significant",0.00165323919188736,0.00165323919188736
0.99633686868408,0.0343087505274946,0.112,0.111,1,"LSS","Not significant",0.0015937986493379,0.0015937986493379
0.996575477243954,-0.149765735058596,0.39,0.37,1,"RIN3","Not significant",0.00148980372794052,0.00148980372794052
0.996655143125787,-0.16537701508609,0.138,0.136,1,"PICK1","Not significant",0.00145508777230463,0.00145508777230463
0.996751817941304,-0.159013836077035,0.316,0.296,1,"RBM7","Not significant",0.00141296357010114,0.00141296357010114
0.996794943452889,-0.0713933915340955,0.513,0.457,1,"TAF10","Not significant",0.00139417377085836,0.00139417377085836
0.997233816122971,-0.212497099889555,0.221,0.21,1,"HPS5","Not significant",0.00120300302566521,0.00120300302566521
0.997339257465768,-0.059574125219449,0.154,0.148,1,"H1F0","Not significant",0.00115708583768149,0.00115708583768149
0.997894115999571,-0.503523447579476,0.159,0.148,1,"SMARCC2","Not significant",0.000915538148188887,0.000915538148188887
0.998073600935947,-0.255074804359865,0.1,0.099,1,"MTAP","Not significant",0.000837431356178322,0.000837431356178322
0.998242017752967,-0.634589774748641,0.252,0.235,1,"TAF15","Not significant",0.000764153870614298,0.000764153870614298
0.998248466790797,-0.0714250626627786,0.124,0.123,1,"SMPD4","Not significant",0.000761348165738829,0.000761348165738829
0.998257117094025,-0.306493495971034,0.259,0.235,1,"MTIF3","Not significant",0.000757584811417223,0.000757584811417223
0.998272470995835,-0.435895483618295,0.128,0.123,1,"ALDH3A2","Not significant",0.000750905105920443,0.000750905105920443
0.998454459744303,-0.0681911730636474,0.368,0.358,1,"MRPS7","Not significant",0.000671738838134712,0.000671738838134712
0.998685340473559,-0.100770082869663,0.252,0.247,1,"TMEM141","Not significant",0.000571325009188438,0.000571325009188438
0.998788459619688,-0.432144510203682,0.114,0.111,1,"SRF","Not significant",0.000526484294701956,0.000526484294701956
0.998885044805709,-0.244084890687221,0.138,0.136,1,"CCDC25","Not significant",0.000484489030448357,0.000484489030448357
0.998973503638571,-0.252331794163381,0.169,0.16,1,"DELE1","Not significant",0.00044603066907712,0.00044603066907712
0.999145010127099,-0.415896715066965,0.273,0.247,1,"COPZ1","Not significant",0.000371476210722366,0.000371476210722366
0.999525291180851,-0.639756479039298,0.204,0.198,1,"TGFBR1","Not significant",0.000206212369955789,0.000206212369955789
1,-0.261393888109946,0.354,0.333,1,"CDC5L","Not significant",0,0
1,-0.0735339614021204,0.112,0.111,1,"ARFGEF2","Not significant",0,0
